arm,label,seed,gpu,repeat,iteration,active_width_lanes
la,LA,1884470933,0,0,0,16.0
la,LA,1884470933,0,0,1,16.0
la,LA,1884470933,0,0,2,16.0
la,LA,1884470933,0,0,3,16.0
la,LA,1884470933,0,0,4,16.0
la,LA,1884470933,0,0,5,16.0
la,LA,1884470933,0,0,6,16.0
la,LA,1884470933,0,0,7,16.0
la,LA,1884470933,0,0,8,16.0
la,LA,1884470933,0,0,9,16.0
la,LA,1884470933,0,0,10,16.0
la,LA,1884470933,0,0,11,16.0
la,LA,1884470933,0,0,12,16.0
la,LA,1884470933,0,0,13,16.0
la,LA,1884470933,0,0,14,16.0
la,LA,1884470933,0,0,15,16.0
la,LA,1884470933,0,0,16,16.0
la,LA,1884470933,0,0,17,16.0
la,LA,1884470933,0,0,18,16.0
la,LA,1884470933,0,0,19,16.0
la,LA,1884470933,0,0,20,16.0
la,LA,1884470933,0,0,21,16.0
la,LA,1884470933,0,0,22,16.0
la,LA,1884470933,0,0,23,16.0
la,LA,1884470933,0,0,24,16.0
la,LA,1884470933,0,0,25,16.0
la,LA,1884470933,0,0,26,16.0
la,LA,1884470933,0,0,27,16.0
la,LA,1884470933,0,0,28,15.0
la,LA,1884470933,0,0,29,15.0
la,LA,1884470933,0,0,30,15.0
la,LA,1884470933,0,0,31,15.0
la,LA,1884470933,0,0,32,11.0
la,LA,1884470933,0,0,33,11.0
la,LA,1884470933,0,0,34,11.0
la,LA,1884470933,0,0,35,11.0
la,LA,1884470933,0,0,36,11.0
la,LA,1884470933,0,0,37,11.0
la,LA,1884470933,0,0,38,11.0
la,LA,1884470933,0,0,39,11.0
la,LA,1884470933,0,0,40,11.0
la,LA,1884470933,0,0,41,11.0
la,LA,1884470933,0,0,42,11.0
la,LA,1884470933,0,0,43,11.0
la,LA,1884470933,0,0,44,11.0
la,LA,1884470933,0,0,45,11.0
la,LA,1884470933,0,0,46,11.0
la,LA,1884470933,0,0,47,11.0
la,LA,1884470933,0,0,48,11.0
la,LA,1884470933,0,0,49,11.0
la,LA,1884470933,0,0,50,11.0
la,LA,1884470933,0,0,51,11.0
la,LA,1884470933,0,0,52,11.0
la,LA,1884470933,0,0,53,11.0
la,LA,1884470933,0,0,54,11.0
la,LA,1884470933,0,0,55,11.0
la,LA,1884470933,0,0,56,11.0
la,LA,1884470933,0,0,57,11.0
la,LA,1884470933,0,0,58,11.0
la,LA,1884470933,0,0,59,11.0
la,LA,1884470933,0,0,60,11.0
la,LA,1884470933,0,0,61,11.0
la,LA,1884470933,0,0,62,11.0
la,LA,1884470933,0,0,63,11.0
la,LA,1884470933,0,0,64,11.0
la,LA,1884470933,0,0,65,11.0
la,LA,1884470933,0,0,66,11.0
la,LA,1884470933,0,0,67,11.0
la,LA,1884470933,0,0,68,11.0
la,LA,1884470933,0,0,69,11.0
la,LA,1884470933,0,0,70,11.0
la,LA,1884470933,0,0,71,11.0
la,LA,1884470933,0,0,72,11.0
la,LA,1884470933,0,0,73,11.0
la,LA,1884470933,0,0,74,11.0
la,LA,1884470933,0,0,75,11.0
la,LA,1884470933,0,0,76,11.0
la,LA,1884470933,0,0,77,11.0
la,LA,1884470933,0,0,78,11.0
la,LA,1884470933,0,0,79,11.0
la,LA,1884470933,0,0,80,11.0
la,LA,1884470933,0,0,81,11.0
la,LA,1884470933,0,0,82,11.0
la,LA,1884470933,0,0,83,11.0
la,LA,1884470933,0,0,84,11.0
la,LA,1884470933,0,0,85,11.0
la,LA,1884470933,0,0,86,11.0
la,LA,1884470933,0,0,87,11.0
la,LA,1884470933,0,0,88,11.0
la,LA,1884470933,0,0,89,11.0
la,LA,1884470933,0,0,90,11.0
la,LA,1884470933,0,0,91,11.0
la,LA,1884470933,0,0,92,11.0
la,LA,1884470933,0,0,93,11.0
la,LA,1884470933,0,0,94,11.0
la,LA,1884470933,0,0,95,11.0
la,LA,1884470933,0,0,96,11.0
la,LA,1884470933,0,0,97,11.0
la,LA,1884470933,0,0,98,11.0
la,LA,1884470933,0,0,99,11.0
la,LA,1884470933,0,0,100,10.0
la,LA,1884470933,0,0,101,10.0
la,LA,1884470933,0,0,102,10.0
la,LA,1884470933,0,0,103,10.0
la,LA,1884470933,0,0,104,10.0
la,LA,1884470933,0,0,105,10.0
la,LA,1884470933,0,0,106,10.0
la,LA,1884470933,0,0,107,10.0
la,LA,1884470933,0,0,108,10.0
la,LA,1884470933,0,0,109,10.0
la,LA,1884470933,0,0,110,10.0
la,LA,1884470933,0,0,111,10.0
la,LA,1884470933,0,0,112,10.0
la,LA,1884470933,0,0,113,10.0
la,LA,1884470933,0,0,114,10.0
la,LA,1884470933,0,0,115,10.0
la,LA,1884470933,0,0,116,10.0
la,LA,1884470933,0,0,117,10.0
la,LA,1884470933,0,0,118,10.0
la,LA,1884470933,0,0,119,10.0
la,LA,1884470933,0,0,120,10.0
la,LA,1884470933,0,0,121,10.0
la,LA,1884470933,0,0,122,10.0
la,LA,1884470933,0,0,123,10.0
la,LA,1884470933,0,0,124,10.0
la,LA,1884470933,0,0,125,10.0
la,LA,1884470933,0,0,126,10.0
la,LA,1884470933,0,0,127,10.0
la,LA,1884470933,0,0,128,10.0
la,LA,1884470933,0,0,129,10.0
la,LA,1884470933,0,0,130,10.0
la,LA,1884470933,0,0,131,10.0
la,LA,1884470933,0,0,132,10.0
la,LA,1884470933,0,0,133,10.0
la,LA,1884470933,0,0,134,10.0
la,LA,1884470933,0,0,135,10.0
la,LA,1884470933,0,0,136,10.0
la,LA,1884470933,0,0,137,10.0
la,LA,1884470933,0,0,138,10.0
la,LA,1884470933,0,0,139,10.0
la,LA,1884470933,0,0,140,9.0
la,LA,1884470933,0,0,141,9.0
la,LA,1884470933,0,0,142,9.0
la,LA,1884470933,0,0,143,9.0
la,LA,1884470933,0,0,144,9.0
la,LA,1884470933,0,0,145,9.0
la,LA,1884470933,0,0,146,9.0
la,LA,1884470933,0,0,147,9.0
la,LA,1884470933,0,0,148,9.0
la,LA,1884470933,0,0,149,9.0
la,LA,1884470933,0,0,150,9.0
la,LA,1884470933,0,0,151,9.0
la,LA,1884470933,0,0,152,9.0
la,LA,1884470933,0,0,153,9.0
la,LA,1884470933,0,0,154,9.0
la,LA,1884470933,0,0,155,9.0
la,LA,1884470933,0,0,156,9.0
la,LA,1884470933,0,0,157,9.0
la,LA,1884470933,0,0,158,9.0
la,LA,1884470933,0,0,159,9.0
la,LA,1884470933,0,0,160,9.0
la,LA,1884470933,0,0,161,9.0
la,LA,1884470933,0,0,162,9.0
la,LA,1884470933,0,0,163,9.0
la,LA,1884470933,0,0,164,9.0
la,LA,1884470933,0,0,165,9.0
la,LA,1884470933,0,0,166,9.0
la,LA,1884470933,0,0,167,9.0
la,LA,1884470933,0,0,168,9.0
la,LA,1884470933,0,0,169,9.0
la,LA,1884470933,0,0,170,9.0
la,LA,1884470933,0,0,171,9.0
la,LA,1884470933,0,0,172,8.0
la,LA,1884470933,0,0,173,8.0
la,LA,1884470933,0,0,174,8.0
la,LA,1884470933,0,0,175,8.0
la,LA,1884470933,0,0,176,8.0
la,LA,1884470933,0,0,177,8.0
la,LA,1884470933,0,0,178,8.0
la,LA,1884470933,0,0,179,8.0
la,LA,1884470933,0,0,180,8.0
la,LA,1884470933,0,0,181,8.0
la,LA,1884470933,0,0,182,8.0
la,LA,1884470933,0,0,183,8.0
la,LA,1884470933,0,0,184,8.0
la,LA,1884470933,0,0,185,8.0
la,LA,1884470933,0,0,186,8.0
la,LA,1884470933,0,0,187,8.0
la,LA,1884470933,0,0,188,8.0
la,LA,1884470933,0,0,189,8.0
la,LA,1884470933,0,0,190,8.0
la,LA,1884470933,0,0,191,8.0
la,LA,1884470933,0,0,192,8.0
la,LA,1884470933,0,0,193,8.0
la,LA,1884470933,0,0,194,8.0
la,LA,1884470933,0,0,195,8.0
la,LA,1884470933,0,0,196,8.0
la,LA,1884470933,0,0,197,8.0
la,LA,1884470933,0,0,198,8.0
la,LA,1884470933,0,0,199,8.0
la,LA,1884470933,0,0,200,8.0
la,LA,1884470933,0,0,201,8.0
la,LA,1884470933,0,0,202,8.0
la,LA,1884470933,0,0,203,8.0
la,LA,1884470933,0,0,204,8.0
la,LA,1884470933,0,0,205,8.0
la,LA,1884470933,0,0,206,8.0
la,LA,1884470933,0,0,207,8.0
la,LA,1884470933,0,0,208,8.0
la,LA,1884470933,0,0,209,8.0
la,LA,1884470933,0,0,210,8.0
la,LA,1884470933,0,0,211,8.0
la,LA,1884470933,0,0,212,8.0
la,LA,1884470933,0,0,213,8.0
la,LA,1884470933,0,0,214,8.0
la,LA,1884470933,0,0,215,8.0
la,LA,1884470933,0,0,216,8.0
la,LA,1884470933,0,0,217,8.0
la,LA,1884470933,0,0,218,8.0
la,LA,1884470933,0,0,219,8.0
la,LA,1884470933,0,0,220,8.0
la,LA,1884470933,0,0,221,8.0
la,LA,1884470933,0,0,222,8.0
la,LA,1884470933,0,0,223,8.0
la,LA,1884470933,0,0,224,8.0
la,LA,1884470933,0,0,225,8.0
la,LA,1884470933,0,0,226,8.0
la,LA,1884470933,0,0,227,8.0
la,LA,1884470933,0,0,228,8.0
la,LA,1884470933,0,0,229,8.0
la,LA,1884470933,0,0,230,8.0
la,LA,1884470933,0,0,231,8.0
la,LA,1884470933,0,0,232,8.0
la,LA,1884470933,0,0,233,8.0
la,LA,1884470933,0,0,234,8.0
la,LA,1884470933,0,0,235,8.0
la,LA,1884470933,0,0,236,8.0
la,LA,1884470933,0,0,237,8.0
la,LA,1884470933,0,0,238,8.0
la,LA,1884470933,0,0,239,8.0
la,LA,1884470933,0,0,240,8.0
la,LA,1884470933,0,0,241,8.0
la,LA,1884470933,0,0,242,8.0
la,LA,1884470933,0,0,243,8.0
la,LA,1884470933,0,0,244,8.0
la,LA,1884470933,0,0,245,8.0
la,LA,1884470933,0,0,246,8.0
la,LA,1884470933,0,0,247,8.0
la,LA,1884470933,0,0,248,8.0
la,LA,1884470933,0,0,249,8.0
la,LA,1884470933,0,0,250,8.0
la,LA,1884470933,0,0,251,8.0
la,LA,1884470933,0,0,252,8.0
la,LA,1884470933,0,0,253,8.0
la,LA,1884470933,0,0,254,8.0
la,LA,1884470933,0,0,255,8.0
la,LA,1884470933,0,0,256,8.0
la,LA,1884470933,0,0,257,8.0
la,LA,1884470933,0,0,258,8.0
la,LA,1884470933,0,0,259,8.0
la,LA,1884470933,0,0,260,8.0
la,LA,1884470933,0,0,261,8.0
la,LA,1884470933,0,0,262,8.0
la,LA,1884470933,0,0,263,8.0
la,LA,1884470933,0,0,264,8.0
la,LA,1884470933,0,0,265,8.0
la,LA,1884470933,0,0,266,8.0
la,LA,1884470933,0,0,267,8.0
la,LA,1884470933,0,0,268,8.0
la,LA,1884470933,0,0,269,8.0
la,LA,1884470933,0,0,270,8.0
la,LA,1884470933,0,0,271,8.0
la,LA,1884470933,0,0,272,7.0
la,LA,1884470933,0,0,273,7.0
la,LA,1884470933,0,0,274,7.0
la,LA,1884470933,0,0,275,7.0
la,LA,1884470933,0,0,276,7.0
la,LA,1884470933,0,0,277,7.0
la,LA,1884470933,0,0,278,7.0
la,LA,1884470933,0,0,279,7.0
la,LA,1884470933,0,0,280,7.0
la,LA,1884470933,0,0,281,7.0
la,LA,1884470933,0,0,282,7.0
la,LA,1884470933,0,0,283,7.0
la,LA,1884470933,0,0,284,7.0
la,LA,1884470933,0,0,285,7.0
la,LA,1884470933,0,0,286,7.0
la,LA,1884470933,0,0,287,7.0
la,LA,1884470933,0,0,288,6.0
la,LA,1884470933,0,0,289,6.0
la,LA,1884470933,0,0,290,6.0
la,LA,1884470933,0,0,291,6.0
la,LA,1884470933,0,0,292,6.0
la,LA,1884470933,0,0,293,6.0
la,LA,1884470933,0,0,294,6.0
la,LA,1884470933,0,0,295,6.0
la,LA,1884470933,0,0,296,6.0
la,LA,1884470933,0,0,297,6.0
la,LA,1884470933,0,0,298,6.0
la,LA,1884470933,0,0,299,6.0
la,LA,1884470933,0,0,300,6.0
la,LA,1884470933,0,0,301,6.0
la,LA,1884470933,0,0,302,6.0
la,LA,1884470933,0,0,303,6.0
la,LA,1884470933,0,0,304,6.0
la,LA,1884470933,0,0,305,6.0
la,LA,1884470933,0,0,306,6.0
la,LA,1884470933,0,0,307,6.0
la,LA,1884470933,0,0,308,6.0
la,LA,1884470933,0,0,309,6.0
la,LA,1884470933,0,0,310,6.0
la,LA,1884470933,0,0,311,6.0
la,LA,1884470933,0,0,312,5.0
la,LA,1884470933,0,0,313,5.0
la,LA,1884470933,0,0,314,5.0
la,LA,1884470933,0,0,315,5.0
la,LA,1884470933,0,0,316,5.0
la,LA,1884470933,0,0,317,5.0
la,LA,1884470933,0,0,318,5.0
la,LA,1884470933,0,0,319,5.0
la,LA,1884470933,0,0,320,4.0
la,LA,1884470933,0,0,321,4.0
la,LA,1884470933,0,0,322,4.0
la,LA,1884470933,0,0,323,4.0
la,LA,1884470933,0,0,324,4.0
la,LA,1884470933,0,0,325,4.0
la,LA,1884470933,0,0,326,4.0
la,LA,1884470933,0,0,327,4.0
la,LA,1884470933,0,0,328,3.0
la,LA,1884470933,0,0,329,3.0
la,LA,1884470933,0,0,330,3.0
la,LA,1884470933,0,0,331,3.0
la,LA,1884470933,0,0,332,3.0
la,LA,1884470933,0,0,333,3.0
la,LA,1884470933,0,0,334,3.0
la,LA,1884470933,0,0,335,3.0
la,LA,1884470933,0,0,336,2.0
la,LA,1884470933,0,0,337,2.0
la,LA,1884470933,0,0,338,2.0
la,LA,1884470933,0,0,339,2.0
la,LA,1884470933,0,0,340,2.0
la,LA,1884470933,0,0,341,2.0
la,LA,1884470933,0,0,342,2.0
la,LA,1884470933,0,0,343,2.0
la,LA,1884470933,0,0,344,2.0
la,LA,1884470933,0,0,345,2.0
la,LA,1884470933,0,0,346,2.0
la,LA,1884470933,0,0,347,2.0
la,LA,1884470933,0,0,348,1.0
la,LA,1884470933,0,0,349,1.0
la,LA,1884470933,0,0,350,1.0
la,LA,1884470933,0,0,351,1.0
la,LA,1884470933,0,0,352,1.0
la,LA,1884470933,0,0,353,1.0
la,LA,1884470933,0,0,354,1.0
la,LA,1884470933,0,0,355,1.0
la,LA,1884470933,0,1,0,16.0
la,LA,1884470933,0,1,1,16.0
la,LA,1884470933,0,1,2,16.0
la,LA,1884470933,0,1,3,16.0
la,LA,1884470933,0,1,4,16.0
la,LA,1884470933,0,1,5,16.0
la,LA,1884470933,0,1,6,16.0
la,LA,1884470933,0,1,7,16.0
la,LA,1884470933,0,1,8,16.0
la,LA,1884470933,0,1,9,16.0
la,LA,1884470933,0,1,10,16.0
la,LA,1884470933,0,1,11,16.0
la,LA,1884470933,0,1,12,16.0
la,LA,1884470933,0,1,13,16.0
la,LA,1884470933,0,1,14,16.0
la,LA,1884470933,0,1,15,16.0
la,LA,1884470933,0,1,16,16.0
la,LA,1884470933,0,1,17,16.0
la,LA,1884470933,0,1,18,16.0
la,LA,1884470933,0,1,19,16.0
la,LA,1884470933,0,1,20,16.0
la,LA,1884470933,0,1,21,16.0
la,LA,1884470933,0,1,22,16.0
la,LA,1884470933,0,1,23,16.0
la,LA,1884470933,0,1,24,16.0
la,LA,1884470933,0,1,25,16.0
la,LA,1884470933,0,1,26,16.0
la,LA,1884470933,0,1,27,16.0
la,LA,1884470933,0,1,28,15.0
la,LA,1884470933,0,1,29,15.0
la,LA,1884470933,0,1,30,15.0
la,LA,1884470933,0,1,31,15.0
la,LA,1884470933,0,1,32,11.0
la,LA,1884470933,0,1,33,11.0
la,LA,1884470933,0,1,34,11.0
la,LA,1884470933,0,1,35,11.0
la,LA,1884470933,0,1,36,11.0
la,LA,1884470933,0,1,37,11.0
la,LA,1884470933,0,1,38,11.0
la,LA,1884470933,0,1,39,11.0
la,LA,1884470933,0,1,40,11.0
la,LA,1884470933,0,1,41,11.0
la,LA,1884470933,0,1,42,11.0
la,LA,1884470933,0,1,43,11.0
la,LA,1884470933,0,1,44,11.0
la,LA,1884470933,0,1,45,11.0
la,LA,1884470933,0,1,46,11.0
la,LA,1884470933,0,1,47,11.0
la,LA,1884470933,0,1,48,11.0
la,LA,1884470933,0,1,49,11.0
la,LA,1884470933,0,1,50,11.0
la,LA,1884470933,0,1,51,11.0
la,LA,1884470933,0,1,52,11.0
la,LA,1884470933,0,1,53,11.0
la,LA,1884470933,0,1,54,11.0
la,LA,1884470933,0,1,55,11.0
la,LA,1884470933,0,1,56,11.0
la,LA,1884470933,0,1,57,11.0
la,LA,1884470933,0,1,58,11.0
la,LA,1884470933,0,1,59,11.0
la,LA,1884470933,0,1,60,11.0
la,LA,1884470933,0,1,61,11.0
la,LA,1884470933,0,1,62,11.0
la,LA,1884470933,0,1,63,11.0
la,LA,1884470933,0,1,64,11.0
la,LA,1884470933,0,1,65,11.0
la,LA,1884470933,0,1,66,11.0
la,LA,1884470933,0,1,67,11.0
la,LA,1884470933,0,1,68,11.0
la,LA,1884470933,0,1,69,11.0
la,LA,1884470933,0,1,70,11.0
la,LA,1884470933,0,1,71,11.0
la,LA,1884470933,0,1,72,11.0
la,LA,1884470933,0,1,73,11.0
la,LA,1884470933,0,1,74,11.0
la,LA,1884470933,0,1,75,11.0
la,LA,1884470933,0,1,76,11.0
la,LA,1884470933,0,1,77,11.0
la,LA,1884470933,0,1,78,11.0
la,LA,1884470933,0,1,79,11.0
la,LA,1884470933,0,1,80,11.0
la,LA,1884470933,0,1,81,11.0
la,LA,1884470933,0,1,82,11.0
la,LA,1884470933,0,1,83,11.0
la,LA,1884470933,0,1,84,11.0
la,LA,1884470933,0,1,85,11.0
la,LA,1884470933,0,1,86,11.0
la,LA,1884470933,0,1,87,11.0
la,LA,1884470933,0,1,88,11.0
la,LA,1884470933,0,1,89,11.0
la,LA,1884470933,0,1,90,11.0
la,LA,1884470933,0,1,91,11.0
la,LA,1884470933,0,1,92,11.0
la,LA,1884470933,0,1,93,11.0
la,LA,1884470933,0,1,94,11.0
la,LA,1884470933,0,1,95,11.0
la,LA,1884470933,0,1,96,11.0
la,LA,1884470933,0,1,97,11.0
la,LA,1884470933,0,1,98,11.0
la,LA,1884470933,0,1,99,11.0
la,LA,1884470933,0,1,100,10.0
la,LA,1884470933,0,1,101,10.0
la,LA,1884470933,0,1,102,10.0
la,LA,1884470933,0,1,103,10.0
la,LA,1884470933,0,1,104,10.0
la,LA,1884470933,0,1,105,10.0
la,LA,1884470933,0,1,106,10.0
la,LA,1884470933,0,1,107,10.0
la,LA,1884470933,0,1,108,10.0
la,LA,1884470933,0,1,109,10.0
la,LA,1884470933,0,1,110,10.0
la,LA,1884470933,0,1,111,10.0
la,LA,1884470933,0,1,112,10.0
la,LA,1884470933,0,1,113,10.0
la,LA,1884470933,0,1,114,10.0
la,LA,1884470933,0,1,115,10.0
la,LA,1884470933,0,1,116,10.0
la,LA,1884470933,0,1,117,10.0
la,LA,1884470933,0,1,118,10.0
la,LA,1884470933,0,1,119,10.0
la,LA,1884470933,0,1,120,10.0
la,LA,1884470933,0,1,121,10.0
la,LA,1884470933,0,1,122,10.0
la,LA,1884470933,0,1,123,10.0
la,LA,1884470933,0,1,124,10.0
la,LA,1884470933,0,1,125,10.0
la,LA,1884470933,0,1,126,10.0
la,LA,1884470933,0,1,127,10.0
la,LA,1884470933,0,1,128,10.0
la,LA,1884470933,0,1,129,10.0
la,LA,1884470933,0,1,130,10.0
la,LA,1884470933,0,1,131,10.0
la,LA,1884470933,0,1,132,10.0
la,LA,1884470933,0,1,133,10.0
la,LA,1884470933,0,1,134,10.0
la,LA,1884470933,0,1,135,10.0
la,LA,1884470933,0,1,136,10.0
la,LA,1884470933,0,1,137,10.0
la,LA,1884470933,0,1,138,10.0
la,LA,1884470933,0,1,139,10.0
la,LA,1884470933,0,1,140,9.0
la,LA,1884470933,0,1,141,9.0
la,LA,1884470933,0,1,142,9.0
la,LA,1884470933,0,1,143,9.0
la,LA,1884470933,0,1,144,9.0
la,LA,1884470933,0,1,145,9.0
la,LA,1884470933,0,1,146,9.0
la,LA,1884470933,0,1,147,9.0
la,LA,1884470933,0,1,148,9.0
la,LA,1884470933,0,1,149,9.0
la,LA,1884470933,0,1,150,9.0
la,LA,1884470933,0,1,151,9.0
la,LA,1884470933,0,1,152,9.0
la,LA,1884470933,0,1,153,9.0
la,LA,1884470933,0,1,154,9.0
la,LA,1884470933,0,1,155,9.0
la,LA,1884470933,0,1,156,9.0
la,LA,1884470933,0,1,157,9.0
la,LA,1884470933,0,1,158,9.0
la,LA,1884470933,0,1,159,9.0
la,LA,1884470933,0,1,160,9.0
la,LA,1884470933,0,1,161,9.0
la,LA,1884470933,0,1,162,9.0
la,LA,1884470933,0,1,163,9.0
la,LA,1884470933,0,1,164,9.0
la,LA,1884470933,0,1,165,9.0
la,LA,1884470933,0,1,166,9.0
la,LA,1884470933,0,1,167,9.0
la,LA,1884470933,0,1,168,9.0
la,LA,1884470933,0,1,169,9.0
la,LA,1884470933,0,1,170,9.0
la,LA,1884470933,0,1,171,9.0
la,LA,1884470933,0,1,172,8.0
la,LA,1884470933,0,1,173,8.0
la,LA,1884470933,0,1,174,8.0
la,LA,1884470933,0,1,175,8.0
la,LA,1884470933,0,1,176,8.0
la,LA,1884470933,0,1,177,8.0
la,LA,1884470933,0,1,178,8.0
la,LA,1884470933,0,1,179,8.0
la,LA,1884470933,0,1,180,8.0
la,LA,1884470933,0,1,181,8.0
la,LA,1884470933,0,1,182,8.0
la,LA,1884470933,0,1,183,8.0
la,LA,1884470933,0,1,184,8.0
la,LA,1884470933,0,1,185,8.0
la,LA,1884470933,0,1,186,8.0
la,LA,1884470933,0,1,187,8.0
la,LA,1884470933,0,1,188,8.0
la,LA,1884470933,0,1,189,8.0
la,LA,1884470933,0,1,190,8.0
la,LA,1884470933,0,1,191,8.0
la,LA,1884470933,0,1,192,8.0
la,LA,1884470933,0,1,193,8.0
la,LA,1884470933,0,1,194,8.0
la,LA,1884470933,0,1,195,8.0
la,LA,1884470933,0,1,196,8.0
la,LA,1884470933,0,1,197,8.0
la,LA,1884470933,0,1,198,8.0
la,LA,1884470933,0,1,199,8.0
la,LA,1884470933,0,1,200,8.0
la,LA,1884470933,0,1,201,8.0
la,LA,1884470933,0,1,202,8.0
la,LA,1884470933,0,1,203,8.0
la,LA,1884470933,0,1,204,8.0
la,LA,1884470933,0,1,205,8.0
la,LA,1884470933,0,1,206,8.0
la,LA,1884470933,0,1,207,8.0
la,LA,1884470933,0,1,208,8.0
la,LA,1884470933,0,1,209,8.0
la,LA,1884470933,0,1,210,8.0
la,LA,1884470933,0,1,211,8.0
la,LA,1884470933,0,1,212,8.0
la,LA,1884470933,0,1,213,8.0
la,LA,1884470933,0,1,214,8.0
la,LA,1884470933,0,1,215,8.0
la,LA,1884470933,0,1,216,8.0
la,LA,1884470933,0,1,217,8.0
la,LA,1884470933,0,1,218,8.0
la,LA,1884470933,0,1,219,8.0
la,LA,1884470933,0,1,220,8.0
la,LA,1884470933,0,1,221,8.0
la,LA,1884470933,0,1,222,8.0
la,LA,1884470933,0,1,223,8.0
la,LA,1884470933,0,1,224,8.0
la,LA,1884470933,0,1,225,8.0
la,LA,1884470933,0,1,226,8.0
la,LA,1884470933,0,1,227,8.0
la,LA,1884470933,0,1,228,8.0
la,LA,1884470933,0,1,229,8.0
la,LA,1884470933,0,1,230,8.0
la,LA,1884470933,0,1,231,8.0
la,LA,1884470933,0,1,232,8.0
la,LA,1884470933,0,1,233,8.0
la,LA,1884470933,0,1,234,8.0
la,LA,1884470933,0,1,235,8.0
la,LA,1884470933,0,1,236,8.0
la,LA,1884470933,0,1,237,8.0
la,LA,1884470933,0,1,238,8.0
la,LA,1884470933,0,1,239,8.0
la,LA,1884470933,0,1,240,8.0
la,LA,1884470933,0,1,241,8.0
la,LA,1884470933,0,1,242,8.0
la,LA,1884470933,0,1,243,8.0
la,LA,1884470933,0,1,244,8.0
la,LA,1884470933,0,1,245,8.0
la,LA,1884470933,0,1,246,8.0
la,LA,1884470933,0,1,247,8.0
la,LA,1884470933,0,1,248,8.0
la,LA,1884470933,0,1,249,8.0
la,LA,1884470933,0,1,250,8.0
la,LA,1884470933,0,1,251,8.0
la,LA,1884470933,0,1,252,8.0
la,LA,1884470933,0,1,253,8.0
la,LA,1884470933,0,1,254,8.0
la,LA,1884470933,0,1,255,8.0
la,LA,1884470933,0,1,256,8.0
la,LA,1884470933,0,1,257,8.0
la,LA,1884470933,0,1,258,8.0
la,LA,1884470933,0,1,259,8.0
la,LA,1884470933,0,1,260,8.0
la,LA,1884470933,0,1,261,8.0
la,LA,1884470933,0,1,262,8.0
la,LA,1884470933,0,1,263,8.0
la,LA,1884470933,0,1,264,8.0
la,LA,1884470933,0,1,265,8.0
la,LA,1884470933,0,1,266,8.0
la,LA,1884470933,0,1,267,8.0
la,LA,1884470933,0,1,268,8.0
la,LA,1884470933,0,1,269,8.0
la,LA,1884470933,0,1,270,8.0
la,LA,1884470933,0,1,271,8.0
la,LA,1884470933,0,1,272,7.0
la,LA,1884470933,0,1,273,7.0
la,LA,1884470933,0,1,274,7.0
la,LA,1884470933,0,1,275,7.0
la,LA,1884470933,0,1,276,7.0
la,LA,1884470933,0,1,277,7.0
la,LA,1884470933,0,1,278,7.0
la,LA,1884470933,0,1,279,7.0
la,LA,1884470933,0,1,280,7.0
la,LA,1884470933,0,1,281,7.0
la,LA,1884470933,0,1,282,7.0
la,LA,1884470933,0,1,283,7.0
la,LA,1884470933,0,1,284,7.0
la,LA,1884470933,0,1,285,7.0
la,LA,1884470933,0,1,286,7.0
la,LA,1884470933,0,1,287,7.0
la,LA,1884470933,0,1,288,6.0
la,LA,1884470933,0,1,289,6.0
la,LA,1884470933,0,1,290,6.0
la,LA,1884470933,0,1,291,6.0
la,LA,1884470933,0,1,292,6.0
la,LA,1884470933,0,1,293,6.0
la,LA,1884470933,0,1,294,6.0
la,LA,1884470933,0,1,295,6.0
la,LA,1884470933,0,1,296,6.0
la,LA,1884470933,0,1,297,6.0
la,LA,1884470933,0,1,298,6.0
la,LA,1884470933,0,1,299,6.0
la,LA,1884470933,0,1,300,6.0
la,LA,1884470933,0,1,301,6.0
la,LA,1884470933,0,1,302,6.0
la,LA,1884470933,0,1,303,6.0
la,LA,1884470933,0,1,304,6.0
la,LA,1884470933,0,1,305,6.0
la,LA,1884470933,0,1,306,6.0
la,LA,1884470933,0,1,307,6.0
la,LA,1884470933,0,1,308,6.0
la,LA,1884470933,0,1,309,6.0
la,LA,1884470933,0,1,310,6.0
la,LA,1884470933,0,1,311,6.0
la,LA,1884470933,0,1,312,5.0
la,LA,1884470933,0,1,313,5.0
la,LA,1884470933,0,1,314,5.0
la,LA,1884470933,0,1,315,5.0
la,LA,1884470933,0,1,316,5.0
la,LA,1884470933,0,1,317,5.0
la,LA,1884470933,0,1,318,5.0
la,LA,1884470933,0,1,319,5.0
la,LA,1884470933,0,1,320,4.0
la,LA,1884470933,0,1,321,4.0
la,LA,1884470933,0,1,322,4.0
la,LA,1884470933,0,1,323,4.0
la,LA,1884470933,0,1,324,4.0
la,LA,1884470933,0,1,325,4.0
la,LA,1884470933,0,1,326,4.0
la,LA,1884470933,0,1,327,4.0
la,LA,1884470933,0,1,328,3.0
la,LA,1884470933,0,1,329,3.0
la,LA,1884470933,0,1,330,3.0
la,LA,1884470933,0,1,331,3.0
la,LA,1884470933,0,1,332,3.0
la,LA,1884470933,0,1,333,3.0
la,LA,1884470933,0,1,334,3.0
la,LA,1884470933,0,1,335,3.0
la,LA,1884470933,0,1,336,2.0
la,LA,1884470933,0,1,337,2.0
la,LA,1884470933,0,1,338,2.0
la,LA,1884470933,0,1,339,2.0
la,LA,1884470933,0,1,340,2.0
la,LA,1884470933,0,1,341,2.0
la,LA,1884470933,0,1,342,2.0
la,LA,1884470933,0,1,343,2.0
la,LA,1884470933,0,1,344,2.0
la,LA,1884470933,0,1,345,2.0
la,LA,1884470933,0,1,346,2.0
la,LA,1884470933,0,1,347,2.0
la,LA,1884470933,0,1,348,1.0
la,LA,1884470933,0,1,349,1.0
la,LA,1884470933,0,1,350,1.0
la,LA,1884470933,0,1,351,1.0
la,LA,1884470933,0,1,352,1.0
la,LA,1884470933,0,1,353,1.0
la,LA,1884470933,0,1,354,1.0
la,LA,1884470933,0,1,355,1.0
la,LA,1884470933,0,2,0,16.0
la,LA,1884470933,0,2,1,16.0
la,LA,1884470933,0,2,2,16.0
la,LA,1884470933,0,2,3,16.0
la,LA,1884470933,0,2,4,16.0
la,LA,1884470933,0,2,5,16.0
la,LA,1884470933,0,2,6,16.0
la,LA,1884470933,0,2,7,16.0
la,LA,1884470933,0,2,8,16.0
la,LA,1884470933,0,2,9,16.0
la,LA,1884470933,0,2,10,16.0
la,LA,1884470933,0,2,11,16.0
la,LA,1884470933,0,2,12,16.0
la,LA,1884470933,0,2,13,16.0
la,LA,1884470933,0,2,14,16.0
la,LA,1884470933,0,2,15,16.0
la,LA,1884470933,0,2,16,16.0
la,LA,1884470933,0,2,17,16.0
la,LA,1884470933,0,2,18,16.0
la,LA,1884470933,0,2,19,16.0
la,LA,1884470933,0,2,20,16.0
la,LA,1884470933,0,2,21,16.0
la,LA,1884470933,0,2,22,16.0
la,LA,1884470933,0,2,23,16.0
la,LA,1884470933,0,2,24,16.0
la,LA,1884470933,0,2,25,16.0
la,LA,1884470933,0,2,26,16.0
la,LA,1884470933,0,2,27,16.0
la,LA,1884470933,0,2,28,15.0
la,LA,1884470933,0,2,29,15.0
la,LA,1884470933,0,2,30,15.0
la,LA,1884470933,0,2,31,15.0
la,LA,1884470933,0,2,32,11.0
la,LA,1884470933,0,2,33,11.0
la,LA,1884470933,0,2,34,11.0
la,LA,1884470933,0,2,35,11.0
la,LA,1884470933,0,2,36,11.0
la,LA,1884470933,0,2,37,11.0
la,LA,1884470933,0,2,38,11.0
la,LA,1884470933,0,2,39,11.0
la,LA,1884470933,0,2,40,11.0
la,LA,1884470933,0,2,41,11.0
la,LA,1884470933,0,2,42,11.0
la,LA,1884470933,0,2,43,11.0
la,LA,1884470933,0,2,44,11.0
la,LA,1884470933,0,2,45,11.0
la,LA,1884470933,0,2,46,11.0
la,LA,1884470933,0,2,47,11.0
la,LA,1884470933,0,2,48,11.0
la,LA,1884470933,0,2,49,11.0
la,LA,1884470933,0,2,50,11.0
la,LA,1884470933,0,2,51,11.0
la,LA,1884470933,0,2,52,11.0
la,LA,1884470933,0,2,53,11.0
la,LA,1884470933,0,2,54,11.0
la,LA,1884470933,0,2,55,11.0
la,LA,1884470933,0,2,56,11.0
la,LA,1884470933,0,2,57,11.0
la,LA,1884470933,0,2,58,11.0
la,LA,1884470933,0,2,59,11.0
la,LA,1884470933,0,2,60,11.0
la,LA,1884470933,0,2,61,11.0
la,LA,1884470933,0,2,62,11.0
la,LA,1884470933,0,2,63,11.0
la,LA,1884470933,0,2,64,11.0
la,LA,1884470933,0,2,65,11.0
la,LA,1884470933,0,2,66,11.0
la,LA,1884470933,0,2,67,11.0
la,LA,1884470933,0,2,68,11.0
la,LA,1884470933,0,2,69,11.0
la,LA,1884470933,0,2,70,11.0
la,LA,1884470933,0,2,71,11.0
la,LA,1884470933,0,2,72,11.0
la,LA,1884470933,0,2,73,11.0
la,LA,1884470933,0,2,74,11.0
la,LA,1884470933,0,2,75,11.0
la,LA,1884470933,0,2,76,11.0
la,LA,1884470933,0,2,77,11.0
la,LA,1884470933,0,2,78,11.0
la,LA,1884470933,0,2,79,11.0
la,LA,1884470933,0,2,80,11.0
la,LA,1884470933,0,2,81,11.0
la,LA,1884470933,0,2,82,11.0
la,LA,1884470933,0,2,83,11.0
la,LA,1884470933,0,2,84,11.0
la,LA,1884470933,0,2,85,11.0
la,LA,1884470933,0,2,86,11.0
la,LA,1884470933,0,2,87,11.0
la,LA,1884470933,0,2,88,11.0
la,LA,1884470933,0,2,89,11.0
la,LA,1884470933,0,2,90,11.0
la,LA,1884470933,0,2,91,11.0
la,LA,1884470933,0,2,92,11.0
la,LA,1884470933,0,2,93,11.0
la,LA,1884470933,0,2,94,11.0
la,LA,1884470933,0,2,95,11.0
la,LA,1884470933,0,2,96,11.0
la,LA,1884470933,0,2,97,11.0
la,LA,1884470933,0,2,98,11.0
la,LA,1884470933,0,2,99,11.0
la,LA,1884470933,0,2,100,10.0
la,LA,1884470933,0,2,101,10.0
la,LA,1884470933,0,2,102,10.0
la,LA,1884470933,0,2,103,10.0
la,LA,1884470933,0,2,104,10.0
la,LA,1884470933,0,2,105,10.0
la,LA,1884470933,0,2,106,10.0
la,LA,1884470933,0,2,107,10.0
la,LA,1884470933,0,2,108,10.0
la,LA,1884470933,0,2,109,10.0
la,LA,1884470933,0,2,110,10.0
la,LA,1884470933,0,2,111,10.0
la,LA,1884470933,0,2,112,10.0
la,LA,1884470933,0,2,113,10.0
la,LA,1884470933,0,2,114,10.0
la,LA,1884470933,0,2,115,10.0
la,LA,1884470933,0,2,116,10.0
la,LA,1884470933,0,2,117,10.0
la,LA,1884470933,0,2,118,10.0
la,LA,1884470933,0,2,119,10.0
la,LA,1884470933,0,2,120,10.0
la,LA,1884470933,0,2,121,10.0
la,LA,1884470933,0,2,122,10.0
la,LA,1884470933,0,2,123,10.0
la,LA,1884470933,0,2,124,10.0
la,LA,1884470933,0,2,125,10.0
la,LA,1884470933,0,2,126,10.0
la,LA,1884470933,0,2,127,10.0
la,LA,1884470933,0,2,128,10.0
la,LA,1884470933,0,2,129,10.0
la,LA,1884470933,0,2,130,10.0
la,LA,1884470933,0,2,131,10.0
la,LA,1884470933,0,2,132,10.0
la,LA,1884470933,0,2,133,10.0
la,LA,1884470933,0,2,134,10.0
la,LA,1884470933,0,2,135,10.0
la,LA,1884470933,0,2,136,10.0
la,LA,1884470933,0,2,137,10.0
la,LA,1884470933,0,2,138,10.0
la,LA,1884470933,0,2,139,10.0
la,LA,1884470933,0,2,140,9.0
la,LA,1884470933,0,2,141,9.0
la,LA,1884470933,0,2,142,9.0
la,LA,1884470933,0,2,143,9.0
la,LA,1884470933,0,2,144,9.0
la,LA,1884470933,0,2,145,9.0
la,LA,1884470933,0,2,146,9.0
la,LA,1884470933,0,2,147,9.0
la,LA,1884470933,0,2,148,9.0
la,LA,1884470933,0,2,149,9.0
la,LA,1884470933,0,2,150,9.0
la,LA,1884470933,0,2,151,9.0
la,LA,1884470933,0,2,152,9.0
la,LA,1884470933,0,2,153,9.0
la,LA,1884470933,0,2,154,9.0
la,LA,1884470933,0,2,155,9.0
la,LA,1884470933,0,2,156,9.0
la,LA,1884470933,0,2,157,9.0
la,LA,1884470933,0,2,158,9.0
la,LA,1884470933,0,2,159,9.0
la,LA,1884470933,0,2,160,9.0
la,LA,1884470933,0,2,161,9.0
la,LA,1884470933,0,2,162,9.0
la,LA,1884470933,0,2,163,9.0
la,LA,1884470933,0,2,164,9.0
la,LA,1884470933,0,2,165,9.0
la,LA,1884470933,0,2,166,9.0
la,LA,1884470933,0,2,167,9.0
la,LA,1884470933,0,2,168,9.0
la,LA,1884470933,0,2,169,9.0
la,LA,1884470933,0,2,170,9.0
la,LA,1884470933,0,2,171,9.0
la,LA,1884470933,0,2,172,8.0
la,LA,1884470933,0,2,173,8.0
la,LA,1884470933,0,2,174,8.0
la,LA,1884470933,0,2,175,8.0
la,LA,1884470933,0,2,176,8.0
la,LA,1884470933,0,2,177,8.0
la,LA,1884470933,0,2,178,8.0
la,LA,1884470933,0,2,179,8.0
la,LA,1884470933,0,2,180,8.0
la,LA,1884470933,0,2,181,8.0
la,LA,1884470933,0,2,182,8.0
la,LA,1884470933,0,2,183,8.0
la,LA,1884470933,0,2,184,8.0
la,LA,1884470933,0,2,185,8.0
la,LA,1884470933,0,2,186,8.0
la,LA,1884470933,0,2,187,8.0
la,LA,1884470933,0,2,188,8.0
la,LA,1884470933,0,2,189,8.0
la,LA,1884470933,0,2,190,8.0
la,LA,1884470933,0,2,191,8.0
la,LA,1884470933,0,2,192,8.0
la,LA,1884470933,0,2,193,8.0
la,LA,1884470933,0,2,194,8.0
la,LA,1884470933,0,2,195,8.0
la,LA,1884470933,0,2,196,8.0
la,LA,1884470933,0,2,197,8.0
la,LA,1884470933,0,2,198,8.0
la,LA,1884470933,0,2,199,8.0
la,LA,1884470933,0,2,200,8.0
la,LA,1884470933,0,2,201,8.0
la,LA,1884470933,0,2,202,8.0
la,LA,1884470933,0,2,203,8.0
la,LA,1884470933,0,2,204,8.0
la,LA,1884470933,0,2,205,8.0
la,LA,1884470933,0,2,206,8.0
la,LA,1884470933,0,2,207,8.0
la,LA,1884470933,0,2,208,8.0
la,LA,1884470933,0,2,209,8.0
la,LA,1884470933,0,2,210,8.0
la,LA,1884470933,0,2,211,8.0
la,LA,1884470933,0,2,212,8.0
la,LA,1884470933,0,2,213,8.0
la,LA,1884470933,0,2,214,8.0
la,LA,1884470933,0,2,215,8.0
la,LA,1884470933,0,2,216,8.0
la,LA,1884470933,0,2,217,8.0
la,LA,1884470933,0,2,218,8.0
la,LA,1884470933,0,2,219,8.0
la,LA,1884470933,0,2,220,8.0
la,LA,1884470933,0,2,221,8.0
la,LA,1884470933,0,2,222,8.0
la,LA,1884470933,0,2,223,8.0
la,LA,1884470933,0,2,224,8.0
la,LA,1884470933,0,2,225,8.0
la,LA,1884470933,0,2,226,8.0
la,LA,1884470933,0,2,227,8.0
la,LA,1884470933,0,2,228,8.0
la,LA,1884470933,0,2,229,8.0
la,LA,1884470933,0,2,230,8.0
la,LA,1884470933,0,2,231,8.0
la,LA,1884470933,0,2,232,8.0
la,LA,1884470933,0,2,233,8.0
la,LA,1884470933,0,2,234,8.0
la,LA,1884470933,0,2,235,8.0
la,LA,1884470933,0,2,236,8.0
la,LA,1884470933,0,2,237,8.0
la,LA,1884470933,0,2,238,8.0
la,LA,1884470933,0,2,239,8.0
la,LA,1884470933,0,2,240,8.0
la,LA,1884470933,0,2,241,8.0
la,LA,1884470933,0,2,242,8.0
la,LA,1884470933,0,2,243,8.0
la,LA,1884470933,0,2,244,8.0
la,LA,1884470933,0,2,245,8.0
la,LA,1884470933,0,2,246,8.0
la,LA,1884470933,0,2,247,8.0
la,LA,1884470933,0,2,248,8.0
la,LA,1884470933,0,2,249,8.0
la,LA,1884470933,0,2,250,8.0
la,LA,1884470933,0,2,251,8.0
la,LA,1884470933,0,2,252,8.0
la,LA,1884470933,0,2,253,8.0
la,LA,1884470933,0,2,254,8.0
la,LA,1884470933,0,2,255,8.0
la,LA,1884470933,0,2,256,8.0
la,LA,1884470933,0,2,257,8.0
la,LA,1884470933,0,2,258,8.0
la,LA,1884470933,0,2,259,8.0
la,LA,1884470933,0,2,260,8.0
la,LA,1884470933,0,2,261,8.0
la,LA,1884470933,0,2,262,8.0
la,LA,1884470933,0,2,263,8.0
la,LA,1884470933,0,2,264,8.0
la,LA,1884470933,0,2,265,8.0
la,LA,1884470933,0,2,266,8.0
la,LA,1884470933,0,2,267,8.0
la,LA,1884470933,0,2,268,8.0
la,LA,1884470933,0,2,269,8.0
la,LA,1884470933,0,2,270,8.0
la,LA,1884470933,0,2,271,8.0
la,LA,1884470933,0,2,272,7.0
la,LA,1884470933,0,2,273,7.0
la,LA,1884470933,0,2,274,7.0
la,LA,1884470933,0,2,275,7.0
la,LA,1884470933,0,2,276,7.0
la,LA,1884470933,0,2,277,7.0
la,LA,1884470933,0,2,278,7.0
la,LA,1884470933,0,2,279,7.0
la,LA,1884470933,0,2,280,7.0
la,LA,1884470933,0,2,281,7.0
la,LA,1884470933,0,2,282,7.0
la,LA,1884470933,0,2,283,7.0
la,LA,1884470933,0,2,284,7.0
la,LA,1884470933,0,2,285,7.0
la,LA,1884470933,0,2,286,7.0
la,LA,1884470933,0,2,287,7.0
la,LA,1884470933,0,2,288,6.0
la,LA,1884470933,0,2,289,6.0
la,LA,1884470933,0,2,290,6.0
la,LA,1884470933,0,2,291,6.0
la,LA,1884470933,0,2,292,6.0
la,LA,1884470933,0,2,293,6.0
la,LA,1884470933,0,2,294,6.0
la,LA,1884470933,0,2,295,6.0
la,LA,1884470933,0,2,296,6.0
la,LA,1884470933,0,2,297,6.0
la,LA,1884470933,0,2,298,6.0
la,LA,1884470933,0,2,299,6.0
la,LA,1884470933,0,2,300,6.0
la,LA,1884470933,0,2,301,6.0
la,LA,1884470933,0,2,302,6.0
la,LA,1884470933,0,2,303,6.0
la,LA,1884470933,0,2,304,6.0
la,LA,1884470933,0,2,305,6.0
la,LA,1884470933,0,2,306,6.0
la,LA,1884470933,0,2,307,6.0
la,LA,1884470933,0,2,308,6.0
la,LA,1884470933,0,2,309,6.0
la,LA,1884470933,0,2,310,6.0
la,LA,1884470933,0,2,311,6.0
la,LA,1884470933,0,2,312,5.0
la,LA,1884470933,0,2,313,5.0
la,LA,1884470933,0,2,314,5.0
la,LA,1884470933,0,2,315,5.0
la,LA,1884470933,0,2,316,5.0
la,LA,1884470933,0,2,317,5.0
la,LA,1884470933,0,2,318,5.0
la,LA,1884470933,0,2,319,5.0
la,LA,1884470933,0,2,320,4.0
la,LA,1884470933,0,2,321,4.0
la,LA,1884470933,0,2,322,4.0
la,LA,1884470933,0,2,323,4.0
la,LA,1884470933,0,2,324,4.0
la,LA,1884470933,0,2,325,4.0
la,LA,1884470933,0,2,326,4.0
la,LA,1884470933,0,2,327,4.0
la,LA,1884470933,0,2,328,3.0
la,LA,1884470933,0,2,329,3.0
la,LA,1884470933,0,2,330,3.0
la,LA,1884470933,0,2,331,3.0
la,LA,1884470933,0,2,332,3.0
la,LA,1884470933,0,2,333,3.0
la,LA,1884470933,0,2,334,3.0
la,LA,1884470933,0,2,335,3.0
la,LA,1884470933,0,2,336,2.0
la,LA,1884470933,0,2,337,2.0
la,LA,1884470933,0,2,338,2.0
la,LA,1884470933,0,2,339,2.0
la,LA,1884470933,0,2,340,2.0
la,LA,1884470933,0,2,341,2.0
la,LA,1884470933,0,2,342,2.0
la,LA,1884470933,0,2,343,2.0
la,LA,1884470933,0,2,344,2.0
la,LA,1884470933,0,2,345,2.0
la,LA,1884470933,0,2,346,2.0
la,LA,1884470933,0,2,347,2.0
la,LA,1884470933,0,2,348,1.0
la,LA,1884470933,0,2,349,1.0
la,LA,1884470933,0,2,350,1.0
la,LA,1884470933,0,2,351,1.0
la,LA,1884470933,0,2,352,1.0
la,LA,1884470933,0,2,353,1.0
la,LA,1884470933,0,2,354,1.0
la,LA,1884470933,0,2,355,1.0
la,LA,1884470933,1,0,0,16.0
la,LA,1884470933,1,0,1,16.0
la,LA,1884470933,1,0,2,16.0
la,LA,1884470933,1,0,3,16.0
la,LA,1884470933,1,0,4,16.0
la,LA,1884470933,1,0,5,16.0
la,LA,1884470933,1,0,6,16.0
la,LA,1884470933,1,0,7,16.0
la,LA,1884470933,1,0,8,16.0
la,LA,1884470933,1,0,9,16.0
la,LA,1884470933,1,0,10,16.0
la,LA,1884470933,1,0,11,16.0
la,LA,1884470933,1,0,12,16.0
la,LA,1884470933,1,0,13,16.0
la,LA,1884470933,1,0,14,16.0
la,LA,1884470933,1,0,15,16.0
la,LA,1884470933,1,0,16,16.0
la,LA,1884470933,1,0,17,16.0
la,LA,1884470933,1,0,18,16.0
la,LA,1884470933,1,0,19,16.0
la,LA,1884470933,1,0,20,16.0
la,LA,1884470933,1,0,21,16.0
la,LA,1884470933,1,0,22,16.0
la,LA,1884470933,1,0,23,16.0
la,LA,1884470933,1,0,24,16.0
la,LA,1884470933,1,0,25,16.0
la,LA,1884470933,1,0,26,16.0
la,LA,1884470933,1,0,27,16.0
la,LA,1884470933,1,0,28,15.0
la,LA,1884470933,1,0,29,15.0
la,LA,1884470933,1,0,30,15.0
la,LA,1884470933,1,0,31,15.0
la,LA,1884470933,1,0,32,11.0
la,LA,1884470933,1,0,33,11.0
la,LA,1884470933,1,0,34,11.0
la,LA,1884470933,1,0,35,11.0
la,LA,1884470933,1,0,36,11.0
la,LA,1884470933,1,0,37,11.0
la,LA,1884470933,1,0,38,11.0
la,LA,1884470933,1,0,39,11.0
la,LA,1884470933,1,0,40,11.0
la,LA,1884470933,1,0,41,11.0
la,LA,1884470933,1,0,42,11.0
la,LA,1884470933,1,0,43,11.0
la,LA,1884470933,1,0,44,11.0
la,LA,1884470933,1,0,45,11.0
la,LA,1884470933,1,0,46,11.0
la,LA,1884470933,1,0,47,11.0
la,LA,1884470933,1,0,48,11.0
la,LA,1884470933,1,0,49,11.0
la,LA,1884470933,1,0,50,11.0
la,LA,1884470933,1,0,51,11.0
la,LA,1884470933,1,0,52,11.0
la,LA,1884470933,1,0,53,11.0
la,LA,1884470933,1,0,54,11.0
la,LA,1884470933,1,0,55,11.0
la,LA,1884470933,1,0,56,11.0
la,LA,1884470933,1,0,57,11.0
la,LA,1884470933,1,0,58,11.0
la,LA,1884470933,1,0,59,11.0
la,LA,1884470933,1,0,60,11.0
la,LA,1884470933,1,0,61,11.0
la,LA,1884470933,1,0,62,11.0
la,LA,1884470933,1,0,63,11.0
la,LA,1884470933,1,0,64,11.0
la,LA,1884470933,1,0,65,11.0
la,LA,1884470933,1,0,66,11.0
la,LA,1884470933,1,0,67,11.0
la,LA,1884470933,1,0,68,11.0
la,LA,1884470933,1,0,69,11.0
la,LA,1884470933,1,0,70,11.0
la,LA,1884470933,1,0,71,11.0
la,LA,1884470933,1,0,72,11.0
la,LA,1884470933,1,0,73,11.0
la,LA,1884470933,1,0,74,11.0
la,LA,1884470933,1,0,75,11.0
la,LA,1884470933,1,0,76,11.0
la,LA,1884470933,1,0,77,11.0
la,LA,1884470933,1,0,78,11.0
la,LA,1884470933,1,0,79,11.0
la,LA,1884470933,1,0,80,11.0
la,LA,1884470933,1,0,81,11.0
la,LA,1884470933,1,0,82,11.0
la,LA,1884470933,1,0,83,11.0
la,LA,1884470933,1,0,84,11.0
la,LA,1884470933,1,0,85,11.0
la,LA,1884470933,1,0,86,11.0
la,LA,1884470933,1,0,87,11.0
la,LA,1884470933,1,0,88,11.0
la,LA,1884470933,1,0,89,11.0
la,LA,1884470933,1,0,90,11.0
la,LA,1884470933,1,0,91,11.0
la,LA,1884470933,1,0,92,11.0
la,LA,1884470933,1,0,93,11.0
la,LA,1884470933,1,0,94,11.0
la,LA,1884470933,1,0,95,11.0
la,LA,1884470933,1,0,96,11.0
la,LA,1884470933,1,0,97,11.0
la,LA,1884470933,1,0,98,11.0
la,LA,1884470933,1,0,99,11.0
la,LA,1884470933,1,0,100,10.0
la,LA,1884470933,1,0,101,10.0
la,LA,1884470933,1,0,102,10.0
la,LA,1884470933,1,0,103,10.0
la,LA,1884470933,1,0,104,10.0
la,LA,1884470933,1,0,105,10.0
la,LA,1884470933,1,0,106,10.0
la,LA,1884470933,1,0,107,10.0
la,LA,1884470933,1,0,108,10.0
la,LA,1884470933,1,0,109,10.0
la,LA,1884470933,1,0,110,10.0
la,LA,1884470933,1,0,111,10.0
la,LA,1884470933,1,0,112,10.0
la,LA,1884470933,1,0,113,10.0
la,LA,1884470933,1,0,114,10.0
la,LA,1884470933,1,0,115,10.0
la,LA,1884470933,1,0,116,10.0
la,LA,1884470933,1,0,117,10.0
la,LA,1884470933,1,0,118,10.0
la,LA,1884470933,1,0,119,10.0
la,LA,1884470933,1,0,120,10.0
la,LA,1884470933,1,0,121,10.0
la,LA,1884470933,1,0,122,10.0
la,LA,1884470933,1,0,123,10.0
la,LA,1884470933,1,0,124,10.0
la,LA,1884470933,1,0,125,10.0
la,LA,1884470933,1,0,126,10.0
la,LA,1884470933,1,0,127,10.0
la,LA,1884470933,1,0,128,10.0
la,LA,1884470933,1,0,129,10.0
la,LA,1884470933,1,0,130,10.0
la,LA,1884470933,1,0,131,10.0
la,LA,1884470933,1,0,132,10.0
la,LA,1884470933,1,0,133,10.0
la,LA,1884470933,1,0,134,10.0
la,LA,1884470933,1,0,135,10.0
la,LA,1884470933,1,0,136,10.0
la,LA,1884470933,1,0,137,10.0
la,LA,1884470933,1,0,138,10.0
la,LA,1884470933,1,0,139,10.0
la,LA,1884470933,1,0,140,9.0
la,LA,1884470933,1,0,141,9.0
la,LA,1884470933,1,0,142,9.0
la,LA,1884470933,1,0,143,9.0
la,LA,1884470933,1,0,144,9.0
la,LA,1884470933,1,0,145,9.0
la,LA,1884470933,1,0,146,9.0
la,LA,1884470933,1,0,147,9.0
la,LA,1884470933,1,0,148,9.0
la,LA,1884470933,1,0,149,9.0
la,LA,1884470933,1,0,150,9.0
la,LA,1884470933,1,0,151,9.0
la,LA,1884470933,1,0,152,9.0
la,LA,1884470933,1,0,153,9.0
la,LA,1884470933,1,0,154,9.0
la,LA,1884470933,1,0,155,9.0
la,LA,1884470933,1,0,156,9.0
la,LA,1884470933,1,0,157,9.0
la,LA,1884470933,1,0,158,9.0
la,LA,1884470933,1,0,159,9.0
la,LA,1884470933,1,0,160,9.0
la,LA,1884470933,1,0,161,9.0
la,LA,1884470933,1,0,162,9.0
la,LA,1884470933,1,0,163,9.0
la,LA,1884470933,1,0,164,9.0
la,LA,1884470933,1,0,165,9.0
la,LA,1884470933,1,0,166,9.0
la,LA,1884470933,1,0,167,9.0
la,LA,1884470933,1,0,168,9.0
la,LA,1884470933,1,0,169,9.0
la,LA,1884470933,1,0,170,9.0
la,LA,1884470933,1,0,171,9.0
la,LA,1884470933,1,0,172,8.0
la,LA,1884470933,1,0,173,8.0
la,LA,1884470933,1,0,174,8.0
la,LA,1884470933,1,0,175,8.0
la,LA,1884470933,1,0,176,8.0
la,LA,1884470933,1,0,177,8.0
la,LA,1884470933,1,0,178,8.0
la,LA,1884470933,1,0,179,8.0
la,LA,1884470933,1,0,180,8.0
la,LA,1884470933,1,0,181,8.0
la,LA,1884470933,1,0,182,8.0
la,LA,1884470933,1,0,183,8.0
la,LA,1884470933,1,0,184,8.0
la,LA,1884470933,1,0,185,8.0
la,LA,1884470933,1,0,186,8.0
la,LA,1884470933,1,0,187,8.0
la,LA,1884470933,1,0,188,8.0
la,LA,1884470933,1,0,189,8.0
la,LA,1884470933,1,0,190,8.0
la,LA,1884470933,1,0,191,8.0
la,LA,1884470933,1,0,192,8.0
la,LA,1884470933,1,0,193,8.0
la,LA,1884470933,1,0,194,8.0
la,LA,1884470933,1,0,195,8.0
la,LA,1884470933,1,0,196,8.0
la,LA,1884470933,1,0,197,8.0
la,LA,1884470933,1,0,198,8.0
la,LA,1884470933,1,0,199,8.0
la,LA,1884470933,1,0,200,8.0
la,LA,1884470933,1,0,201,8.0
la,LA,1884470933,1,0,202,8.0
la,LA,1884470933,1,0,203,8.0
la,LA,1884470933,1,0,204,8.0
la,LA,1884470933,1,0,205,8.0
la,LA,1884470933,1,0,206,8.0
la,LA,1884470933,1,0,207,8.0
la,LA,1884470933,1,0,208,8.0
la,LA,1884470933,1,0,209,8.0
la,LA,1884470933,1,0,210,8.0
la,LA,1884470933,1,0,211,8.0
la,LA,1884470933,1,0,212,8.0
la,LA,1884470933,1,0,213,8.0
la,LA,1884470933,1,0,214,8.0
la,LA,1884470933,1,0,215,8.0
la,LA,1884470933,1,0,216,8.0
la,LA,1884470933,1,0,217,8.0
la,LA,1884470933,1,0,218,8.0
la,LA,1884470933,1,0,219,8.0
la,LA,1884470933,1,0,220,8.0
la,LA,1884470933,1,0,221,8.0
la,LA,1884470933,1,0,222,8.0
la,LA,1884470933,1,0,223,8.0
la,LA,1884470933,1,0,224,8.0
la,LA,1884470933,1,0,225,8.0
la,LA,1884470933,1,0,226,8.0
la,LA,1884470933,1,0,227,8.0
la,LA,1884470933,1,0,228,8.0
la,LA,1884470933,1,0,229,8.0
la,LA,1884470933,1,0,230,8.0
la,LA,1884470933,1,0,231,8.0
la,LA,1884470933,1,0,232,8.0
la,LA,1884470933,1,0,233,8.0
la,LA,1884470933,1,0,234,8.0
la,LA,1884470933,1,0,235,8.0
la,LA,1884470933,1,0,236,8.0
la,LA,1884470933,1,0,237,8.0
la,LA,1884470933,1,0,238,8.0
la,LA,1884470933,1,0,239,8.0
la,LA,1884470933,1,0,240,8.0
la,LA,1884470933,1,0,241,8.0
la,LA,1884470933,1,0,242,8.0
la,LA,1884470933,1,0,243,8.0
la,LA,1884470933,1,0,244,8.0
la,LA,1884470933,1,0,245,8.0
la,LA,1884470933,1,0,246,8.0
la,LA,1884470933,1,0,247,8.0
la,LA,1884470933,1,0,248,8.0
la,LA,1884470933,1,0,249,8.0
la,LA,1884470933,1,0,250,8.0
la,LA,1884470933,1,0,251,8.0
la,LA,1884470933,1,0,252,8.0
la,LA,1884470933,1,0,253,8.0
la,LA,1884470933,1,0,254,8.0
la,LA,1884470933,1,0,255,8.0
la,LA,1884470933,1,0,256,8.0
la,LA,1884470933,1,0,257,8.0
la,LA,1884470933,1,0,258,8.0
la,LA,1884470933,1,0,259,8.0
la,LA,1884470933,1,0,260,8.0
la,LA,1884470933,1,0,261,8.0
la,LA,1884470933,1,0,262,8.0
la,LA,1884470933,1,0,263,8.0
la,LA,1884470933,1,0,264,8.0
la,LA,1884470933,1,0,265,8.0
la,LA,1884470933,1,0,266,8.0
la,LA,1884470933,1,0,267,8.0
la,LA,1884470933,1,0,268,8.0
la,LA,1884470933,1,0,269,8.0
la,LA,1884470933,1,0,270,8.0
la,LA,1884470933,1,0,271,8.0
la,LA,1884470933,1,0,272,7.0
la,LA,1884470933,1,0,273,7.0
la,LA,1884470933,1,0,274,7.0
la,LA,1884470933,1,0,275,7.0
la,LA,1884470933,1,0,276,7.0
la,LA,1884470933,1,0,277,7.0
la,LA,1884470933,1,0,278,7.0
la,LA,1884470933,1,0,279,7.0
la,LA,1884470933,1,0,280,7.0
la,LA,1884470933,1,0,281,7.0
la,LA,1884470933,1,0,282,7.0
la,LA,1884470933,1,0,283,7.0
la,LA,1884470933,1,0,284,7.0
la,LA,1884470933,1,0,285,7.0
la,LA,1884470933,1,0,286,7.0
la,LA,1884470933,1,0,287,7.0
la,LA,1884470933,1,0,288,6.0
la,LA,1884470933,1,0,289,6.0
la,LA,1884470933,1,0,290,6.0
la,LA,1884470933,1,0,291,6.0
la,LA,1884470933,1,0,292,6.0
la,LA,1884470933,1,0,293,6.0
la,LA,1884470933,1,0,294,6.0
la,LA,1884470933,1,0,295,6.0
la,LA,1884470933,1,0,296,6.0
la,LA,1884470933,1,0,297,6.0
la,LA,1884470933,1,0,298,6.0
la,LA,1884470933,1,0,299,6.0
la,LA,1884470933,1,0,300,6.0
la,LA,1884470933,1,0,301,6.0
la,LA,1884470933,1,0,302,6.0
la,LA,1884470933,1,0,303,6.0
la,LA,1884470933,1,0,304,6.0
la,LA,1884470933,1,0,305,6.0
la,LA,1884470933,1,0,306,6.0
la,LA,1884470933,1,0,307,6.0
la,LA,1884470933,1,0,308,6.0
la,LA,1884470933,1,0,309,6.0
la,LA,1884470933,1,0,310,6.0
la,LA,1884470933,1,0,311,6.0
la,LA,1884470933,1,0,312,5.0
la,LA,1884470933,1,0,313,5.0
la,LA,1884470933,1,0,314,5.0
la,LA,1884470933,1,0,315,5.0
la,LA,1884470933,1,0,316,5.0
la,LA,1884470933,1,0,317,5.0
la,LA,1884470933,1,0,318,5.0
la,LA,1884470933,1,0,319,5.0
la,LA,1884470933,1,0,320,4.0
la,LA,1884470933,1,0,321,4.0
la,LA,1884470933,1,0,322,4.0
la,LA,1884470933,1,0,323,4.0
la,LA,1884470933,1,0,324,4.0
la,LA,1884470933,1,0,325,4.0
la,LA,1884470933,1,0,326,4.0
la,LA,1884470933,1,0,327,4.0
la,LA,1884470933,1,0,328,3.0
la,LA,1884470933,1,0,329,3.0
la,LA,1884470933,1,0,330,3.0
la,LA,1884470933,1,0,331,3.0
la,LA,1884470933,1,0,332,3.0
la,LA,1884470933,1,0,333,3.0
la,LA,1884470933,1,0,334,3.0
la,LA,1884470933,1,0,335,3.0
la,LA,1884470933,1,0,336,2.0
la,LA,1884470933,1,0,337,2.0
la,LA,1884470933,1,0,338,2.0
la,LA,1884470933,1,0,339,2.0
la,LA,1884470933,1,0,340,2.0
la,LA,1884470933,1,0,341,2.0
la,LA,1884470933,1,0,342,2.0
la,LA,1884470933,1,0,343,2.0
la,LA,1884470933,1,0,344,2.0
la,LA,1884470933,1,0,345,2.0
la,LA,1884470933,1,0,346,2.0
la,LA,1884470933,1,0,347,2.0
la,LA,1884470933,1,0,348,1.0
la,LA,1884470933,1,0,349,1.0
la,LA,1884470933,1,0,350,1.0
la,LA,1884470933,1,0,351,1.0
la,LA,1884470933,1,0,352,1.0
la,LA,1884470933,1,0,353,1.0
la,LA,1884470933,1,0,354,1.0
la,LA,1884470933,1,0,355,1.0
la,LA,1884470933,1,1,0,16.0
la,LA,1884470933,1,1,1,16.0
la,LA,1884470933,1,1,2,16.0
la,LA,1884470933,1,1,3,16.0
la,LA,1884470933,1,1,4,16.0
la,LA,1884470933,1,1,5,16.0
la,LA,1884470933,1,1,6,16.0
la,LA,1884470933,1,1,7,16.0
la,LA,1884470933,1,1,8,16.0
la,LA,1884470933,1,1,9,16.0
la,LA,1884470933,1,1,10,16.0
la,LA,1884470933,1,1,11,16.0
la,LA,1884470933,1,1,12,16.0
la,LA,1884470933,1,1,13,16.0
la,LA,1884470933,1,1,14,16.0
la,LA,1884470933,1,1,15,16.0
la,LA,1884470933,1,1,16,16.0
la,LA,1884470933,1,1,17,16.0
la,LA,1884470933,1,1,18,16.0
la,LA,1884470933,1,1,19,16.0
la,LA,1884470933,1,1,20,16.0
la,LA,1884470933,1,1,21,16.0
la,LA,1884470933,1,1,22,16.0
la,LA,1884470933,1,1,23,16.0
la,LA,1884470933,1,1,24,16.0
la,LA,1884470933,1,1,25,16.0
la,LA,1884470933,1,1,26,16.0
la,LA,1884470933,1,1,27,16.0
la,LA,1884470933,1,1,28,15.0
la,LA,1884470933,1,1,29,15.0
la,LA,1884470933,1,1,30,15.0
la,LA,1884470933,1,1,31,15.0
la,LA,1884470933,1,1,32,11.0
la,LA,1884470933,1,1,33,11.0
la,LA,1884470933,1,1,34,11.0
la,LA,1884470933,1,1,35,11.0
la,LA,1884470933,1,1,36,11.0
la,LA,1884470933,1,1,37,11.0
la,LA,1884470933,1,1,38,11.0
la,LA,1884470933,1,1,39,11.0
la,LA,1884470933,1,1,40,11.0
la,LA,1884470933,1,1,41,11.0
la,LA,1884470933,1,1,42,11.0
la,LA,1884470933,1,1,43,11.0
la,LA,1884470933,1,1,44,11.0
la,LA,1884470933,1,1,45,11.0
la,LA,1884470933,1,1,46,11.0
la,LA,1884470933,1,1,47,11.0
la,LA,1884470933,1,1,48,11.0
la,LA,1884470933,1,1,49,11.0
la,LA,1884470933,1,1,50,11.0
la,LA,1884470933,1,1,51,11.0
la,LA,1884470933,1,1,52,11.0
la,LA,1884470933,1,1,53,11.0
la,LA,1884470933,1,1,54,11.0
la,LA,1884470933,1,1,55,11.0
la,LA,1884470933,1,1,56,11.0
la,LA,1884470933,1,1,57,11.0
la,LA,1884470933,1,1,58,11.0
la,LA,1884470933,1,1,59,11.0
la,LA,1884470933,1,1,60,11.0
la,LA,1884470933,1,1,61,11.0
la,LA,1884470933,1,1,62,11.0
la,LA,1884470933,1,1,63,11.0
la,LA,1884470933,1,1,64,11.0
la,LA,1884470933,1,1,65,11.0
la,LA,1884470933,1,1,66,11.0
la,LA,1884470933,1,1,67,11.0
la,LA,1884470933,1,1,68,11.0
la,LA,1884470933,1,1,69,11.0
la,LA,1884470933,1,1,70,11.0
la,LA,1884470933,1,1,71,11.0
la,LA,1884470933,1,1,72,11.0
la,LA,1884470933,1,1,73,11.0
la,LA,1884470933,1,1,74,11.0
la,LA,1884470933,1,1,75,11.0
la,LA,1884470933,1,1,76,11.0
la,LA,1884470933,1,1,77,11.0
la,LA,1884470933,1,1,78,11.0
la,LA,1884470933,1,1,79,11.0
la,LA,1884470933,1,1,80,11.0
la,LA,1884470933,1,1,81,11.0
la,LA,1884470933,1,1,82,11.0
la,LA,1884470933,1,1,83,11.0
la,LA,1884470933,1,1,84,11.0
la,LA,1884470933,1,1,85,11.0
la,LA,1884470933,1,1,86,11.0
la,LA,1884470933,1,1,87,11.0
la,LA,1884470933,1,1,88,11.0
la,LA,1884470933,1,1,89,11.0
la,LA,1884470933,1,1,90,11.0
la,LA,1884470933,1,1,91,11.0
la,LA,1884470933,1,1,92,11.0
la,LA,1884470933,1,1,93,11.0
la,LA,1884470933,1,1,94,11.0
la,LA,1884470933,1,1,95,11.0
la,LA,1884470933,1,1,96,11.0
la,LA,1884470933,1,1,97,11.0
la,LA,1884470933,1,1,98,11.0
la,LA,1884470933,1,1,99,11.0
la,LA,1884470933,1,1,100,10.0
la,LA,1884470933,1,1,101,10.0
la,LA,1884470933,1,1,102,10.0
la,LA,1884470933,1,1,103,10.0
la,LA,1884470933,1,1,104,10.0
la,LA,1884470933,1,1,105,10.0
la,LA,1884470933,1,1,106,10.0
la,LA,1884470933,1,1,107,10.0
la,LA,1884470933,1,1,108,10.0
la,LA,1884470933,1,1,109,10.0
la,LA,1884470933,1,1,110,10.0
la,LA,1884470933,1,1,111,10.0
la,LA,1884470933,1,1,112,10.0
la,LA,1884470933,1,1,113,10.0
la,LA,1884470933,1,1,114,10.0
la,LA,1884470933,1,1,115,10.0
la,LA,1884470933,1,1,116,10.0
la,LA,1884470933,1,1,117,10.0
la,LA,1884470933,1,1,118,10.0
la,LA,1884470933,1,1,119,10.0
la,LA,1884470933,1,1,120,10.0
la,LA,1884470933,1,1,121,10.0
la,LA,1884470933,1,1,122,10.0
la,LA,1884470933,1,1,123,10.0
la,LA,1884470933,1,1,124,10.0
la,LA,1884470933,1,1,125,10.0
la,LA,1884470933,1,1,126,10.0
la,LA,1884470933,1,1,127,10.0
la,LA,1884470933,1,1,128,10.0
la,LA,1884470933,1,1,129,10.0
la,LA,1884470933,1,1,130,10.0
la,LA,1884470933,1,1,131,10.0
la,LA,1884470933,1,1,132,10.0
la,LA,1884470933,1,1,133,10.0
la,LA,1884470933,1,1,134,10.0
la,LA,1884470933,1,1,135,10.0
la,LA,1884470933,1,1,136,10.0
la,LA,1884470933,1,1,137,10.0
la,LA,1884470933,1,1,138,10.0
la,LA,1884470933,1,1,139,10.0
la,LA,1884470933,1,1,140,9.0
la,LA,1884470933,1,1,141,9.0
la,LA,1884470933,1,1,142,9.0
la,LA,1884470933,1,1,143,9.0
la,LA,1884470933,1,1,144,9.0
la,LA,1884470933,1,1,145,9.0
la,LA,1884470933,1,1,146,9.0
la,LA,1884470933,1,1,147,9.0
la,LA,1884470933,1,1,148,9.0
la,LA,1884470933,1,1,149,9.0
la,LA,1884470933,1,1,150,9.0
la,LA,1884470933,1,1,151,9.0
la,LA,1884470933,1,1,152,9.0
la,LA,1884470933,1,1,153,9.0
la,LA,1884470933,1,1,154,9.0
la,LA,1884470933,1,1,155,9.0
la,LA,1884470933,1,1,156,9.0
la,LA,1884470933,1,1,157,9.0
la,LA,1884470933,1,1,158,9.0
la,LA,1884470933,1,1,159,9.0
la,LA,1884470933,1,1,160,9.0
la,LA,1884470933,1,1,161,9.0
la,LA,1884470933,1,1,162,9.0
la,LA,1884470933,1,1,163,9.0
la,LA,1884470933,1,1,164,9.0
la,LA,1884470933,1,1,165,9.0
la,LA,1884470933,1,1,166,9.0
la,LA,1884470933,1,1,167,9.0
la,LA,1884470933,1,1,168,9.0
la,LA,1884470933,1,1,169,9.0
la,LA,1884470933,1,1,170,9.0
la,LA,1884470933,1,1,171,9.0
la,LA,1884470933,1,1,172,8.0
la,LA,1884470933,1,1,173,8.0
la,LA,1884470933,1,1,174,8.0
la,LA,1884470933,1,1,175,8.0
la,LA,1884470933,1,1,176,8.0
la,LA,1884470933,1,1,177,8.0
la,LA,1884470933,1,1,178,8.0
la,LA,1884470933,1,1,179,8.0
la,LA,1884470933,1,1,180,8.0
la,LA,1884470933,1,1,181,8.0
la,LA,1884470933,1,1,182,8.0
la,LA,1884470933,1,1,183,8.0
la,LA,1884470933,1,1,184,8.0
la,LA,1884470933,1,1,185,8.0
la,LA,1884470933,1,1,186,8.0
la,LA,1884470933,1,1,187,8.0
la,LA,1884470933,1,1,188,8.0
la,LA,1884470933,1,1,189,8.0
la,LA,1884470933,1,1,190,8.0
la,LA,1884470933,1,1,191,8.0
la,LA,1884470933,1,1,192,8.0
la,LA,1884470933,1,1,193,8.0
la,LA,1884470933,1,1,194,8.0
la,LA,1884470933,1,1,195,8.0
la,LA,1884470933,1,1,196,8.0
la,LA,1884470933,1,1,197,8.0
la,LA,1884470933,1,1,198,8.0
la,LA,1884470933,1,1,199,8.0
la,LA,1884470933,1,1,200,8.0
la,LA,1884470933,1,1,201,8.0
la,LA,1884470933,1,1,202,8.0
la,LA,1884470933,1,1,203,8.0
la,LA,1884470933,1,1,204,8.0
la,LA,1884470933,1,1,205,8.0
la,LA,1884470933,1,1,206,8.0
la,LA,1884470933,1,1,207,8.0
la,LA,1884470933,1,1,208,8.0
la,LA,1884470933,1,1,209,8.0
la,LA,1884470933,1,1,210,8.0
la,LA,1884470933,1,1,211,8.0
la,LA,1884470933,1,1,212,8.0
la,LA,1884470933,1,1,213,8.0
la,LA,1884470933,1,1,214,8.0
la,LA,1884470933,1,1,215,8.0
la,LA,1884470933,1,1,216,8.0
la,LA,1884470933,1,1,217,8.0
la,LA,1884470933,1,1,218,8.0
la,LA,1884470933,1,1,219,8.0
la,LA,1884470933,1,1,220,8.0
la,LA,1884470933,1,1,221,8.0
la,LA,1884470933,1,1,222,8.0
la,LA,1884470933,1,1,223,8.0
la,LA,1884470933,1,1,224,8.0
la,LA,1884470933,1,1,225,8.0
la,LA,1884470933,1,1,226,8.0
la,LA,1884470933,1,1,227,8.0
la,LA,1884470933,1,1,228,8.0
la,LA,1884470933,1,1,229,8.0
la,LA,1884470933,1,1,230,8.0
la,LA,1884470933,1,1,231,8.0
la,LA,1884470933,1,1,232,8.0
la,LA,1884470933,1,1,233,8.0
la,LA,1884470933,1,1,234,8.0
la,LA,1884470933,1,1,235,8.0
la,LA,1884470933,1,1,236,8.0
la,LA,1884470933,1,1,237,8.0
la,LA,1884470933,1,1,238,8.0
la,LA,1884470933,1,1,239,8.0
la,LA,1884470933,1,1,240,8.0
la,LA,1884470933,1,1,241,8.0
la,LA,1884470933,1,1,242,8.0
la,LA,1884470933,1,1,243,8.0
la,LA,1884470933,1,1,244,8.0
la,LA,1884470933,1,1,245,8.0
la,LA,1884470933,1,1,246,8.0
la,LA,1884470933,1,1,247,8.0
la,LA,1884470933,1,1,248,8.0
la,LA,1884470933,1,1,249,8.0
la,LA,1884470933,1,1,250,8.0
la,LA,1884470933,1,1,251,8.0
la,LA,1884470933,1,1,252,8.0
la,LA,1884470933,1,1,253,8.0
la,LA,1884470933,1,1,254,8.0
la,LA,1884470933,1,1,255,8.0
la,LA,1884470933,1,1,256,8.0
la,LA,1884470933,1,1,257,8.0
la,LA,1884470933,1,1,258,8.0
la,LA,1884470933,1,1,259,8.0
la,LA,1884470933,1,1,260,8.0
la,LA,1884470933,1,1,261,8.0
la,LA,1884470933,1,1,262,8.0
la,LA,1884470933,1,1,263,8.0
la,LA,1884470933,1,1,264,8.0
la,LA,1884470933,1,1,265,8.0
la,LA,1884470933,1,1,266,8.0
la,LA,1884470933,1,1,267,8.0
la,LA,1884470933,1,1,268,8.0
la,LA,1884470933,1,1,269,8.0
la,LA,1884470933,1,1,270,8.0
la,LA,1884470933,1,1,271,8.0
la,LA,1884470933,1,1,272,7.0
la,LA,1884470933,1,1,273,7.0
la,LA,1884470933,1,1,274,7.0
la,LA,1884470933,1,1,275,7.0
la,LA,1884470933,1,1,276,7.0
la,LA,1884470933,1,1,277,7.0
la,LA,1884470933,1,1,278,7.0
la,LA,1884470933,1,1,279,7.0
la,LA,1884470933,1,1,280,7.0
la,LA,1884470933,1,1,281,7.0
la,LA,1884470933,1,1,282,7.0
la,LA,1884470933,1,1,283,7.0
la,LA,1884470933,1,1,284,7.0
la,LA,1884470933,1,1,285,7.0
la,LA,1884470933,1,1,286,7.0
la,LA,1884470933,1,1,287,7.0
la,LA,1884470933,1,1,288,6.0
la,LA,1884470933,1,1,289,6.0
la,LA,1884470933,1,1,290,6.0
la,LA,1884470933,1,1,291,6.0
la,LA,1884470933,1,1,292,6.0
la,LA,1884470933,1,1,293,6.0
la,LA,1884470933,1,1,294,6.0
la,LA,1884470933,1,1,295,6.0
la,LA,1884470933,1,1,296,6.0
la,LA,1884470933,1,1,297,6.0
la,LA,1884470933,1,1,298,6.0
la,LA,1884470933,1,1,299,6.0
la,LA,1884470933,1,1,300,6.0
la,LA,1884470933,1,1,301,6.0
la,LA,1884470933,1,1,302,6.0
la,LA,1884470933,1,1,303,6.0
la,LA,1884470933,1,1,304,6.0
la,LA,1884470933,1,1,305,6.0
la,LA,1884470933,1,1,306,6.0
la,LA,1884470933,1,1,307,6.0
la,LA,1884470933,1,1,308,6.0
la,LA,1884470933,1,1,309,6.0
la,LA,1884470933,1,1,310,6.0
la,LA,1884470933,1,1,311,6.0
la,LA,1884470933,1,1,312,5.0
la,LA,1884470933,1,1,313,5.0
la,LA,1884470933,1,1,314,5.0
la,LA,1884470933,1,1,315,5.0
la,LA,1884470933,1,1,316,5.0
la,LA,1884470933,1,1,317,5.0
la,LA,1884470933,1,1,318,5.0
la,LA,1884470933,1,1,319,5.0
la,LA,1884470933,1,1,320,4.0
la,LA,1884470933,1,1,321,4.0
la,LA,1884470933,1,1,322,4.0
la,LA,1884470933,1,1,323,4.0
la,LA,1884470933,1,1,324,4.0
la,LA,1884470933,1,1,325,4.0
la,LA,1884470933,1,1,326,4.0
la,LA,1884470933,1,1,327,4.0
la,LA,1884470933,1,1,328,3.0
la,LA,1884470933,1,1,329,3.0
la,LA,1884470933,1,1,330,3.0
la,LA,1884470933,1,1,331,3.0
la,LA,1884470933,1,1,332,3.0
la,LA,1884470933,1,1,333,3.0
la,LA,1884470933,1,1,334,3.0
la,LA,1884470933,1,1,335,3.0
la,LA,1884470933,1,1,336,2.0
la,LA,1884470933,1,1,337,2.0
la,LA,1884470933,1,1,338,2.0
la,LA,1884470933,1,1,339,2.0
la,LA,1884470933,1,1,340,2.0
la,LA,1884470933,1,1,341,2.0
la,LA,1884470933,1,1,342,2.0
la,LA,1884470933,1,1,343,2.0
la,LA,1884470933,1,1,344,2.0
la,LA,1884470933,1,1,345,2.0
la,LA,1884470933,1,1,346,2.0
la,LA,1884470933,1,1,347,2.0
la,LA,1884470933,1,1,348,1.0
la,LA,1884470933,1,1,349,1.0
la,LA,1884470933,1,1,350,1.0
la,LA,1884470933,1,1,351,1.0
la,LA,1884470933,1,1,352,1.0
la,LA,1884470933,1,1,353,1.0
la,LA,1884470933,1,1,354,1.0
la,LA,1884470933,1,1,355,1.0
la,LA,1884470933,1,2,0,16.0
la,LA,1884470933,1,2,1,16.0
la,LA,1884470933,1,2,2,16.0
la,LA,1884470933,1,2,3,16.0
la,LA,1884470933,1,2,4,16.0
la,LA,1884470933,1,2,5,16.0
la,LA,1884470933,1,2,6,16.0
la,LA,1884470933,1,2,7,16.0
la,LA,1884470933,1,2,8,16.0
la,LA,1884470933,1,2,9,16.0
la,LA,1884470933,1,2,10,16.0
la,LA,1884470933,1,2,11,16.0
la,LA,1884470933,1,2,12,16.0
la,LA,1884470933,1,2,13,16.0
la,LA,1884470933,1,2,14,16.0
la,LA,1884470933,1,2,15,16.0
la,LA,1884470933,1,2,16,16.0
la,LA,1884470933,1,2,17,16.0
la,LA,1884470933,1,2,18,16.0
la,LA,1884470933,1,2,19,16.0
la,LA,1884470933,1,2,20,16.0
la,LA,1884470933,1,2,21,16.0
la,LA,1884470933,1,2,22,16.0
la,LA,1884470933,1,2,23,16.0
la,LA,1884470933,1,2,24,16.0
la,LA,1884470933,1,2,25,16.0
la,LA,1884470933,1,2,26,16.0
la,LA,1884470933,1,2,27,16.0
la,LA,1884470933,1,2,28,15.0
la,LA,1884470933,1,2,29,15.0
la,LA,1884470933,1,2,30,15.0
la,LA,1884470933,1,2,31,15.0
la,LA,1884470933,1,2,32,11.0
la,LA,1884470933,1,2,33,11.0
la,LA,1884470933,1,2,34,11.0
la,LA,1884470933,1,2,35,11.0
la,LA,1884470933,1,2,36,11.0
la,LA,1884470933,1,2,37,11.0
la,LA,1884470933,1,2,38,11.0
la,LA,1884470933,1,2,39,11.0
la,LA,1884470933,1,2,40,11.0
la,LA,1884470933,1,2,41,11.0
la,LA,1884470933,1,2,42,11.0
la,LA,1884470933,1,2,43,11.0
la,LA,1884470933,1,2,44,11.0
la,LA,1884470933,1,2,45,11.0
la,LA,1884470933,1,2,46,11.0
la,LA,1884470933,1,2,47,11.0
la,LA,1884470933,1,2,48,11.0
la,LA,1884470933,1,2,49,11.0
la,LA,1884470933,1,2,50,11.0
la,LA,1884470933,1,2,51,11.0
la,LA,1884470933,1,2,52,11.0
la,LA,1884470933,1,2,53,11.0
la,LA,1884470933,1,2,54,11.0
la,LA,1884470933,1,2,55,11.0
la,LA,1884470933,1,2,56,11.0
la,LA,1884470933,1,2,57,11.0
la,LA,1884470933,1,2,58,11.0
la,LA,1884470933,1,2,59,11.0
la,LA,1884470933,1,2,60,11.0
la,LA,1884470933,1,2,61,11.0
la,LA,1884470933,1,2,62,11.0
la,LA,1884470933,1,2,63,11.0
la,LA,1884470933,1,2,64,11.0
la,LA,1884470933,1,2,65,11.0
la,LA,1884470933,1,2,66,11.0
la,LA,1884470933,1,2,67,11.0
la,LA,1884470933,1,2,68,11.0
la,LA,1884470933,1,2,69,11.0
la,LA,1884470933,1,2,70,11.0
la,LA,1884470933,1,2,71,11.0
la,LA,1884470933,1,2,72,11.0
la,LA,1884470933,1,2,73,11.0
la,LA,1884470933,1,2,74,11.0
la,LA,1884470933,1,2,75,11.0
la,LA,1884470933,1,2,76,11.0
la,LA,1884470933,1,2,77,11.0
la,LA,1884470933,1,2,78,11.0
la,LA,1884470933,1,2,79,11.0
la,LA,1884470933,1,2,80,11.0
la,LA,1884470933,1,2,81,11.0
la,LA,1884470933,1,2,82,11.0
la,LA,1884470933,1,2,83,11.0
la,LA,1884470933,1,2,84,11.0
la,LA,1884470933,1,2,85,11.0
la,LA,1884470933,1,2,86,11.0
la,LA,1884470933,1,2,87,11.0
la,LA,1884470933,1,2,88,11.0
la,LA,1884470933,1,2,89,11.0
la,LA,1884470933,1,2,90,11.0
la,LA,1884470933,1,2,91,11.0
la,LA,1884470933,1,2,92,11.0
la,LA,1884470933,1,2,93,11.0
la,LA,1884470933,1,2,94,11.0
la,LA,1884470933,1,2,95,11.0
la,LA,1884470933,1,2,96,11.0
la,LA,1884470933,1,2,97,11.0
la,LA,1884470933,1,2,98,11.0
la,LA,1884470933,1,2,99,11.0
la,LA,1884470933,1,2,100,10.0
la,LA,1884470933,1,2,101,10.0
la,LA,1884470933,1,2,102,10.0
la,LA,1884470933,1,2,103,10.0
la,LA,1884470933,1,2,104,10.0
la,LA,1884470933,1,2,105,10.0
la,LA,1884470933,1,2,106,10.0
la,LA,1884470933,1,2,107,10.0
la,LA,1884470933,1,2,108,10.0
la,LA,1884470933,1,2,109,10.0
la,LA,1884470933,1,2,110,10.0
la,LA,1884470933,1,2,111,10.0
la,LA,1884470933,1,2,112,10.0
la,LA,1884470933,1,2,113,10.0
la,LA,1884470933,1,2,114,10.0
la,LA,1884470933,1,2,115,10.0
la,LA,1884470933,1,2,116,10.0
la,LA,1884470933,1,2,117,10.0
la,LA,1884470933,1,2,118,10.0
la,LA,1884470933,1,2,119,10.0
la,LA,1884470933,1,2,120,10.0
la,LA,1884470933,1,2,121,10.0
la,LA,1884470933,1,2,122,10.0
la,LA,1884470933,1,2,123,10.0
la,LA,1884470933,1,2,124,10.0
la,LA,1884470933,1,2,125,10.0
la,LA,1884470933,1,2,126,10.0
la,LA,1884470933,1,2,127,10.0
la,LA,1884470933,1,2,128,10.0
la,LA,1884470933,1,2,129,10.0
la,LA,1884470933,1,2,130,10.0
la,LA,1884470933,1,2,131,10.0
la,LA,1884470933,1,2,132,10.0
la,LA,1884470933,1,2,133,10.0
la,LA,1884470933,1,2,134,10.0
la,LA,1884470933,1,2,135,10.0
la,LA,1884470933,1,2,136,10.0
la,LA,1884470933,1,2,137,10.0
la,LA,1884470933,1,2,138,10.0
la,LA,1884470933,1,2,139,10.0
la,LA,1884470933,1,2,140,9.0
la,LA,1884470933,1,2,141,9.0
la,LA,1884470933,1,2,142,9.0
la,LA,1884470933,1,2,143,9.0
la,LA,1884470933,1,2,144,9.0
la,LA,1884470933,1,2,145,9.0
la,LA,1884470933,1,2,146,9.0
la,LA,1884470933,1,2,147,9.0
la,LA,1884470933,1,2,148,9.0
la,LA,1884470933,1,2,149,9.0
la,LA,1884470933,1,2,150,9.0
la,LA,1884470933,1,2,151,9.0
la,LA,1884470933,1,2,152,9.0
la,LA,1884470933,1,2,153,9.0
la,LA,1884470933,1,2,154,9.0
la,LA,1884470933,1,2,155,9.0
la,LA,1884470933,1,2,156,9.0
la,LA,1884470933,1,2,157,9.0
la,LA,1884470933,1,2,158,9.0
la,LA,1884470933,1,2,159,9.0
la,LA,1884470933,1,2,160,9.0
la,LA,1884470933,1,2,161,9.0
la,LA,1884470933,1,2,162,9.0
la,LA,1884470933,1,2,163,9.0
la,LA,1884470933,1,2,164,9.0
la,LA,1884470933,1,2,165,9.0
la,LA,1884470933,1,2,166,9.0
la,LA,1884470933,1,2,167,9.0
la,LA,1884470933,1,2,168,9.0
la,LA,1884470933,1,2,169,9.0
la,LA,1884470933,1,2,170,9.0
la,LA,1884470933,1,2,171,9.0
la,LA,1884470933,1,2,172,8.0
la,LA,1884470933,1,2,173,8.0
la,LA,1884470933,1,2,174,8.0
la,LA,1884470933,1,2,175,8.0
la,LA,1884470933,1,2,176,8.0
la,LA,1884470933,1,2,177,8.0
la,LA,1884470933,1,2,178,8.0
la,LA,1884470933,1,2,179,8.0
la,LA,1884470933,1,2,180,8.0
la,LA,1884470933,1,2,181,8.0
la,LA,1884470933,1,2,182,8.0
la,LA,1884470933,1,2,183,8.0
la,LA,1884470933,1,2,184,8.0
la,LA,1884470933,1,2,185,8.0
la,LA,1884470933,1,2,186,8.0
la,LA,1884470933,1,2,187,8.0
la,LA,1884470933,1,2,188,8.0
la,LA,1884470933,1,2,189,8.0
la,LA,1884470933,1,2,190,8.0
la,LA,1884470933,1,2,191,8.0
la,LA,1884470933,1,2,192,8.0
la,LA,1884470933,1,2,193,8.0
la,LA,1884470933,1,2,194,8.0
la,LA,1884470933,1,2,195,8.0
la,LA,1884470933,1,2,196,8.0
la,LA,1884470933,1,2,197,8.0
la,LA,1884470933,1,2,198,8.0
la,LA,1884470933,1,2,199,8.0
la,LA,1884470933,1,2,200,8.0
la,LA,1884470933,1,2,201,8.0
la,LA,1884470933,1,2,202,8.0
la,LA,1884470933,1,2,203,8.0
la,LA,1884470933,1,2,204,8.0
la,LA,1884470933,1,2,205,8.0
la,LA,1884470933,1,2,206,8.0
la,LA,1884470933,1,2,207,8.0
la,LA,1884470933,1,2,208,8.0
la,LA,1884470933,1,2,209,8.0
la,LA,1884470933,1,2,210,8.0
la,LA,1884470933,1,2,211,8.0
la,LA,1884470933,1,2,212,8.0
la,LA,1884470933,1,2,213,8.0
la,LA,1884470933,1,2,214,8.0
la,LA,1884470933,1,2,215,8.0
la,LA,1884470933,1,2,216,8.0
la,LA,1884470933,1,2,217,8.0
la,LA,1884470933,1,2,218,8.0
la,LA,1884470933,1,2,219,8.0
la,LA,1884470933,1,2,220,8.0
la,LA,1884470933,1,2,221,8.0
la,LA,1884470933,1,2,222,8.0
la,LA,1884470933,1,2,223,8.0
la,LA,1884470933,1,2,224,8.0
la,LA,1884470933,1,2,225,8.0
la,LA,1884470933,1,2,226,8.0
la,LA,1884470933,1,2,227,8.0
la,LA,1884470933,1,2,228,8.0
la,LA,1884470933,1,2,229,8.0
la,LA,1884470933,1,2,230,8.0
la,LA,1884470933,1,2,231,8.0
la,LA,1884470933,1,2,232,8.0
la,LA,1884470933,1,2,233,8.0
la,LA,1884470933,1,2,234,8.0
la,LA,1884470933,1,2,235,8.0
la,LA,1884470933,1,2,236,8.0
la,LA,1884470933,1,2,237,8.0
la,LA,1884470933,1,2,238,8.0
la,LA,1884470933,1,2,239,8.0
la,LA,1884470933,1,2,240,8.0
la,LA,1884470933,1,2,241,8.0
la,LA,1884470933,1,2,242,8.0
la,LA,1884470933,1,2,243,8.0
la,LA,1884470933,1,2,244,8.0
la,LA,1884470933,1,2,245,8.0
la,LA,1884470933,1,2,246,8.0
la,LA,1884470933,1,2,247,8.0
la,LA,1884470933,1,2,248,8.0
la,LA,1884470933,1,2,249,8.0
la,LA,1884470933,1,2,250,8.0
la,LA,1884470933,1,2,251,8.0
la,LA,1884470933,1,2,252,8.0
la,LA,1884470933,1,2,253,8.0
la,LA,1884470933,1,2,254,8.0
la,LA,1884470933,1,2,255,8.0
la,LA,1884470933,1,2,256,8.0
la,LA,1884470933,1,2,257,8.0
la,LA,1884470933,1,2,258,8.0
la,LA,1884470933,1,2,259,8.0
la,LA,1884470933,1,2,260,8.0
la,LA,1884470933,1,2,261,8.0
la,LA,1884470933,1,2,262,8.0
la,LA,1884470933,1,2,263,8.0
la,LA,1884470933,1,2,264,8.0
la,LA,1884470933,1,2,265,8.0
la,LA,1884470933,1,2,266,8.0
la,LA,1884470933,1,2,267,8.0
la,LA,1884470933,1,2,268,8.0
la,LA,1884470933,1,2,269,8.0
la,LA,1884470933,1,2,270,8.0
la,LA,1884470933,1,2,271,8.0
la,LA,1884470933,1,2,272,7.0
la,LA,1884470933,1,2,273,7.0
la,LA,1884470933,1,2,274,7.0
la,LA,1884470933,1,2,275,7.0
la,LA,1884470933,1,2,276,7.0
la,LA,1884470933,1,2,277,7.0
la,LA,1884470933,1,2,278,7.0
la,LA,1884470933,1,2,279,7.0
la,LA,1884470933,1,2,280,7.0
la,LA,1884470933,1,2,281,7.0
la,LA,1884470933,1,2,282,7.0
la,LA,1884470933,1,2,283,7.0
la,LA,1884470933,1,2,284,7.0
la,LA,1884470933,1,2,285,7.0
la,LA,1884470933,1,2,286,7.0
la,LA,1884470933,1,2,287,7.0
la,LA,1884470933,1,2,288,6.0
la,LA,1884470933,1,2,289,6.0
la,LA,1884470933,1,2,290,6.0
la,LA,1884470933,1,2,291,6.0
la,LA,1884470933,1,2,292,6.0
la,LA,1884470933,1,2,293,6.0
la,LA,1884470933,1,2,294,6.0
la,LA,1884470933,1,2,295,6.0
la,LA,1884470933,1,2,296,6.0
la,LA,1884470933,1,2,297,6.0
la,LA,1884470933,1,2,298,6.0
la,LA,1884470933,1,2,299,6.0
la,LA,1884470933,1,2,300,6.0
la,LA,1884470933,1,2,301,6.0
la,LA,1884470933,1,2,302,6.0
la,LA,1884470933,1,2,303,6.0
la,LA,1884470933,1,2,304,6.0
la,LA,1884470933,1,2,305,6.0
la,LA,1884470933,1,2,306,6.0
la,LA,1884470933,1,2,307,6.0
la,LA,1884470933,1,2,308,6.0
la,LA,1884470933,1,2,309,6.0
la,LA,1884470933,1,2,310,6.0
la,LA,1884470933,1,2,311,6.0
la,LA,1884470933,1,2,312,5.0
la,LA,1884470933,1,2,313,5.0
la,LA,1884470933,1,2,314,5.0
la,LA,1884470933,1,2,315,5.0
la,LA,1884470933,1,2,316,5.0
la,LA,1884470933,1,2,317,5.0
la,LA,1884470933,1,2,318,5.0
la,LA,1884470933,1,2,319,5.0
la,LA,1884470933,1,2,320,4.0
la,LA,1884470933,1,2,321,4.0
la,LA,1884470933,1,2,322,4.0
la,LA,1884470933,1,2,323,4.0
la,LA,1884470933,1,2,324,4.0
la,LA,1884470933,1,2,325,4.0
la,LA,1884470933,1,2,326,4.0
la,LA,1884470933,1,2,327,4.0
la,LA,1884470933,1,2,328,3.0
la,LA,1884470933,1,2,329,3.0
la,LA,1884470933,1,2,330,3.0
la,LA,1884470933,1,2,331,3.0
la,LA,1884470933,1,2,332,3.0
la,LA,1884470933,1,2,333,3.0
la,LA,1884470933,1,2,334,3.0
la,LA,1884470933,1,2,335,3.0
la,LA,1884470933,1,2,336,2.0
la,LA,1884470933,1,2,337,2.0
la,LA,1884470933,1,2,338,2.0
la,LA,1884470933,1,2,339,2.0
la,LA,1884470933,1,2,340,2.0
la,LA,1884470933,1,2,341,2.0
la,LA,1884470933,1,2,342,2.0
la,LA,1884470933,1,2,343,2.0
la,LA,1884470933,1,2,344,2.0
la,LA,1884470933,1,2,345,2.0
la,LA,1884470933,1,2,346,2.0
la,LA,1884470933,1,2,347,2.0
la,LA,1884470933,1,2,348,1.0
la,LA,1884470933,1,2,349,1.0
la,LA,1884470933,1,2,350,1.0
la,LA,1884470933,1,2,351,1.0
la,LA,1884470933,1,2,352,1.0
la,LA,1884470933,1,2,353,1.0
la,LA,1884470933,1,2,354,1.0
la,LA,1884470933,1,2,355,1.0
la,LA,1884470933,2,0,0,16.0
la,LA,1884470933,2,0,1,16.0
la,LA,1884470933,2,0,2,16.0
la,LA,1884470933,2,0,3,16.0
la,LA,1884470933,2,0,4,16.0
la,LA,1884470933,2,0,5,16.0
la,LA,1884470933,2,0,6,16.0
la,LA,1884470933,2,0,7,16.0
la,LA,1884470933,2,0,8,16.0
la,LA,1884470933,2,0,9,16.0
la,LA,1884470933,2,0,10,16.0
la,LA,1884470933,2,0,11,16.0
la,LA,1884470933,2,0,12,16.0
la,LA,1884470933,2,0,13,16.0
la,LA,1884470933,2,0,14,16.0
la,LA,1884470933,2,0,15,16.0
la,LA,1884470933,2,0,16,16.0
la,LA,1884470933,2,0,17,16.0
la,LA,1884470933,2,0,18,16.0
la,LA,1884470933,2,0,19,16.0
la,LA,1884470933,2,0,20,16.0
la,LA,1884470933,2,0,21,16.0
la,LA,1884470933,2,0,22,16.0
la,LA,1884470933,2,0,23,16.0
la,LA,1884470933,2,0,24,16.0
la,LA,1884470933,2,0,25,16.0
la,LA,1884470933,2,0,26,16.0
la,LA,1884470933,2,0,27,16.0
la,LA,1884470933,2,0,28,15.0
la,LA,1884470933,2,0,29,15.0
la,LA,1884470933,2,0,30,15.0
la,LA,1884470933,2,0,31,15.0
la,LA,1884470933,2,0,32,11.0
la,LA,1884470933,2,0,33,11.0
la,LA,1884470933,2,0,34,11.0
la,LA,1884470933,2,0,35,11.0
la,LA,1884470933,2,0,36,11.0
la,LA,1884470933,2,0,37,11.0
la,LA,1884470933,2,0,38,11.0
la,LA,1884470933,2,0,39,11.0
la,LA,1884470933,2,0,40,11.0
la,LA,1884470933,2,0,41,11.0
la,LA,1884470933,2,0,42,11.0
la,LA,1884470933,2,0,43,11.0
la,LA,1884470933,2,0,44,11.0
la,LA,1884470933,2,0,45,11.0
la,LA,1884470933,2,0,46,11.0
la,LA,1884470933,2,0,47,11.0
la,LA,1884470933,2,0,48,11.0
la,LA,1884470933,2,0,49,11.0
la,LA,1884470933,2,0,50,11.0
la,LA,1884470933,2,0,51,11.0
la,LA,1884470933,2,0,52,11.0
la,LA,1884470933,2,0,53,11.0
la,LA,1884470933,2,0,54,11.0
la,LA,1884470933,2,0,55,11.0
la,LA,1884470933,2,0,56,11.0
la,LA,1884470933,2,0,57,11.0
la,LA,1884470933,2,0,58,11.0
la,LA,1884470933,2,0,59,11.0
la,LA,1884470933,2,0,60,11.0
la,LA,1884470933,2,0,61,11.0
la,LA,1884470933,2,0,62,11.0
la,LA,1884470933,2,0,63,11.0
la,LA,1884470933,2,0,64,11.0
la,LA,1884470933,2,0,65,11.0
la,LA,1884470933,2,0,66,11.0
la,LA,1884470933,2,0,67,11.0
la,LA,1884470933,2,0,68,11.0
la,LA,1884470933,2,0,69,11.0
la,LA,1884470933,2,0,70,11.0
la,LA,1884470933,2,0,71,11.0
la,LA,1884470933,2,0,72,11.0
la,LA,1884470933,2,0,73,11.0
la,LA,1884470933,2,0,74,11.0
la,LA,1884470933,2,0,75,11.0
la,LA,1884470933,2,0,76,11.0
la,LA,1884470933,2,0,77,11.0
la,LA,1884470933,2,0,78,11.0
la,LA,1884470933,2,0,79,11.0
la,LA,1884470933,2,0,80,11.0
la,LA,1884470933,2,0,81,11.0
la,LA,1884470933,2,0,82,11.0
la,LA,1884470933,2,0,83,11.0
la,LA,1884470933,2,0,84,11.0
la,LA,1884470933,2,0,85,11.0
la,LA,1884470933,2,0,86,11.0
la,LA,1884470933,2,0,87,11.0
la,LA,1884470933,2,0,88,11.0
la,LA,1884470933,2,0,89,11.0
la,LA,1884470933,2,0,90,11.0
la,LA,1884470933,2,0,91,11.0
la,LA,1884470933,2,0,92,11.0
la,LA,1884470933,2,0,93,11.0
la,LA,1884470933,2,0,94,11.0
la,LA,1884470933,2,0,95,11.0
la,LA,1884470933,2,0,96,11.0
la,LA,1884470933,2,0,97,11.0
la,LA,1884470933,2,0,98,11.0
la,LA,1884470933,2,0,99,11.0
la,LA,1884470933,2,0,100,10.0
la,LA,1884470933,2,0,101,10.0
la,LA,1884470933,2,0,102,10.0
la,LA,1884470933,2,0,103,10.0
la,LA,1884470933,2,0,104,10.0
la,LA,1884470933,2,0,105,10.0
la,LA,1884470933,2,0,106,10.0
la,LA,1884470933,2,0,107,10.0
la,LA,1884470933,2,0,108,10.0
la,LA,1884470933,2,0,109,10.0
la,LA,1884470933,2,0,110,10.0
la,LA,1884470933,2,0,111,10.0
la,LA,1884470933,2,0,112,10.0
la,LA,1884470933,2,0,113,10.0
la,LA,1884470933,2,0,114,10.0
la,LA,1884470933,2,0,115,10.0
la,LA,1884470933,2,0,116,10.0
la,LA,1884470933,2,0,117,10.0
la,LA,1884470933,2,0,118,10.0
la,LA,1884470933,2,0,119,10.0
la,LA,1884470933,2,0,120,10.0
la,LA,1884470933,2,0,121,10.0
la,LA,1884470933,2,0,122,10.0
la,LA,1884470933,2,0,123,10.0
la,LA,1884470933,2,0,124,10.0
la,LA,1884470933,2,0,125,10.0
la,LA,1884470933,2,0,126,10.0
la,LA,1884470933,2,0,127,10.0
la,LA,1884470933,2,0,128,10.0
la,LA,1884470933,2,0,129,10.0
la,LA,1884470933,2,0,130,10.0
la,LA,1884470933,2,0,131,10.0
la,LA,1884470933,2,0,132,10.0
la,LA,1884470933,2,0,133,10.0
la,LA,1884470933,2,0,134,10.0
la,LA,1884470933,2,0,135,10.0
la,LA,1884470933,2,0,136,10.0
la,LA,1884470933,2,0,137,10.0
la,LA,1884470933,2,0,138,10.0
la,LA,1884470933,2,0,139,10.0
la,LA,1884470933,2,0,140,9.0
la,LA,1884470933,2,0,141,9.0
la,LA,1884470933,2,0,142,9.0
la,LA,1884470933,2,0,143,9.0
la,LA,1884470933,2,0,144,9.0
la,LA,1884470933,2,0,145,9.0
la,LA,1884470933,2,0,146,9.0
la,LA,1884470933,2,0,147,9.0
la,LA,1884470933,2,0,148,9.0
la,LA,1884470933,2,0,149,9.0
la,LA,1884470933,2,0,150,9.0
la,LA,1884470933,2,0,151,9.0
la,LA,1884470933,2,0,152,9.0
la,LA,1884470933,2,0,153,9.0
la,LA,1884470933,2,0,154,9.0
la,LA,1884470933,2,0,155,9.0
la,LA,1884470933,2,0,156,9.0
la,LA,1884470933,2,0,157,9.0
la,LA,1884470933,2,0,158,9.0
la,LA,1884470933,2,0,159,9.0
la,LA,1884470933,2,0,160,9.0
la,LA,1884470933,2,0,161,9.0
la,LA,1884470933,2,0,162,9.0
la,LA,1884470933,2,0,163,9.0
la,LA,1884470933,2,0,164,9.0
la,LA,1884470933,2,0,165,9.0
la,LA,1884470933,2,0,166,9.0
la,LA,1884470933,2,0,167,9.0
la,LA,1884470933,2,0,168,9.0
la,LA,1884470933,2,0,169,9.0
la,LA,1884470933,2,0,170,9.0
la,LA,1884470933,2,0,171,9.0
la,LA,1884470933,2,0,172,8.0
la,LA,1884470933,2,0,173,8.0
la,LA,1884470933,2,0,174,8.0
la,LA,1884470933,2,0,175,8.0
la,LA,1884470933,2,0,176,8.0
la,LA,1884470933,2,0,177,8.0
la,LA,1884470933,2,0,178,8.0
la,LA,1884470933,2,0,179,8.0
la,LA,1884470933,2,0,180,8.0
la,LA,1884470933,2,0,181,8.0
la,LA,1884470933,2,0,182,8.0
la,LA,1884470933,2,0,183,8.0
la,LA,1884470933,2,0,184,8.0
la,LA,1884470933,2,0,185,8.0
la,LA,1884470933,2,0,186,8.0
la,LA,1884470933,2,0,187,8.0
la,LA,1884470933,2,0,188,8.0
la,LA,1884470933,2,0,189,8.0
la,LA,1884470933,2,0,190,8.0
la,LA,1884470933,2,0,191,8.0
la,LA,1884470933,2,0,192,8.0
la,LA,1884470933,2,0,193,8.0
la,LA,1884470933,2,0,194,8.0
la,LA,1884470933,2,0,195,8.0
la,LA,1884470933,2,0,196,8.0
la,LA,1884470933,2,0,197,8.0
la,LA,1884470933,2,0,198,8.0
la,LA,1884470933,2,0,199,8.0
la,LA,1884470933,2,0,200,8.0
la,LA,1884470933,2,0,201,8.0
la,LA,1884470933,2,0,202,8.0
la,LA,1884470933,2,0,203,8.0
la,LA,1884470933,2,0,204,8.0
la,LA,1884470933,2,0,205,8.0
la,LA,1884470933,2,0,206,8.0
la,LA,1884470933,2,0,207,8.0
la,LA,1884470933,2,0,208,8.0
la,LA,1884470933,2,0,209,8.0
la,LA,1884470933,2,0,210,8.0
la,LA,1884470933,2,0,211,8.0
la,LA,1884470933,2,0,212,8.0
la,LA,1884470933,2,0,213,8.0
la,LA,1884470933,2,0,214,8.0
la,LA,1884470933,2,0,215,8.0
la,LA,1884470933,2,0,216,8.0
la,LA,1884470933,2,0,217,8.0
la,LA,1884470933,2,0,218,8.0
la,LA,1884470933,2,0,219,8.0
la,LA,1884470933,2,0,220,8.0
la,LA,1884470933,2,0,221,8.0
la,LA,1884470933,2,0,222,8.0
la,LA,1884470933,2,0,223,8.0
la,LA,1884470933,2,0,224,8.0
la,LA,1884470933,2,0,225,8.0
la,LA,1884470933,2,0,226,8.0
la,LA,1884470933,2,0,227,8.0
la,LA,1884470933,2,0,228,8.0
la,LA,1884470933,2,0,229,8.0
la,LA,1884470933,2,0,230,8.0
la,LA,1884470933,2,0,231,8.0
la,LA,1884470933,2,0,232,8.0
la,LA,1884470933,2,0,233,8.0
la,LA,1884470933,2,0,234,8.0
la,LA,1884470933,2,0,235,8.0
la,LA,1884470933,2,0,236,8.0
la,LA,1884470933,2,0,237,8.0
la,LA,1884470933,2,0,238,8.0
la,LA,1884470933,2,0,239,8.0
la,LA,1884470933,2,0,240,8.0
la,LA,1884470933,2,0,241,8.0
la,LA,1884470933,2,0,242,8.0
la,LA,1884470933,2,0,243,8.0
la,LA,1884470933,2,0,244,8.0
la,LA,1884470933,2,0,245,8.0
la,LA,1884470933,2,0,246,8.0
la,LA,1884470933,2,0,247,8.0
la,LA,1884470933,2,0,248,8.0
la,LA,1884470933,2,0,249,8.0
la,LA,1884470933,2,0,250,8.0
la,LA,1884470933,2,0,251,8.0
la,LA,1884470933,2,0,252,8.0
la,LA,1884470933,2,0,253,8.0
la,LA,1884470933,2,0,254,8.0
la,LA,1884470933,2,0,255,8.0
la,LA,1884470933,2,0,256,8.0
la,LA,1884470933,2,0,257,8.0
la,LA,1884470933,2,0,258,8.0
la,LA,1884470933,2,0,259,8.0
la,LA,1884470933,2,0,260,8.0
la,LA,1884470933,2,0,261,8.0
la,LA,1884470933,2,0,262,8.0
la,LA,1884470933,2,0,263,8.0
la,LA,1884470933,2,0,264,8.0
la,LA,1884470933,2,0,265,8.0
la,LA,1884470933,2,0,266,8.0
la,LA,1884470933,2,0,267,8.0
la,LA,1884470933,2,0,268,8.0
la,LA,1884470933,2,0,269,8.0
la,LA,1884470933,2,0,270,8.0
la,LA,1884470933,2,0,271,8.0
la,LA,1884470933,2,0,272,7.0
la,LA,1884470933,2,0,273,7.0
la,LA,1884470933,2,0,274,7.0
la,LA,1884470933,2,0,275,7.0
la,LA,1884470933,2,0,276,7.0
la,LA,1884470933,2,0,277,7.0
la,LA,1884470933,2,0,278,7.0
la,LA,1884470933,2,0,279,7.0
la,LA,1884470933,2,0,280,7.0
la,LA,1884470933,2,0,281,7.0
la,LA,1884470933,2,0,282,7.0
la,LA,1884470933,2,0,283,7.0
la,LA,1884470933,2,0,284,7.0
la,LA,1884470933,2,0,285,7.0
la,LA,1884470933,2,0,286,7.0
la,LA,1884470933,2,0,287,7.0
la,LA,1884470933,2,0,288,6.0
la,LA,1884470933,2,0,289,6.0
la,LA,1884470933,2,0,290,6.0
la,LA,1884470933,2,0,291,6.0
la,LA,1884470933,2,0,292,6.0
la,LA,1884470933,2,0,293,6.0
la,LA,1884470933,2,0,294,6.0
la,LA,1884470933,2,0,295,6.0
la,LA,1884470933,2,0,296,6.0
la,LA,1884470933,2,0,297,6.0
la,LA,1884470933,2,0,298,6.0
la,LA,1884470933,2,0,299,6.0
la,LA,1884470933,2,0,300,6.0
la,LA,1884470933,2,0,301,6.0
la,LA,1884470933,2,0,302,6.0
la,LA,1884470933,2,0,303,6.0
la,LA,1884470933,2,0,304,6.0
la,LA,1884470933,2,0,305,6.0
la,LA,1884470933,2,0,306,6.0
la,LA,1884470933,2,0,307,6.0
la,LA,1884470933,2,0,308,6.0
la,LA,1884470933,2,0,309,6.0
la,LA,1884470933,2,0,310,6.0
la,LA,1884470933,2,0,311,6.0
la,LA,1884470933,2,0,312,5.0
la,LA,1884470933,2,0,313,5.0
la,LA,1884470933,2,0,314,5.0
la,LA,1884470933,2,0,315,5.0
la,LA,1884470933,2,0,316,5.0
la,LA,1884470933,2,0,317,5.0
la,LA,1884470933,2,0,318,5.0
la,LA,1884470933,2,0,319,5.0
la,LA,1884470933,2,0,320,4.0
la,LA,1884470933,2,0,321,4.0
la,LA,1884470933,2,0,322,4.0
la,LA,1884470933,2,0,323,4.0
la,LA,1884470933,2,0,324,4.0
la,LA,1884470933,2,0,325,4.0
la,LA,1884470933,2,0,326,4.0
la,LA,1884470933,2,0,327,4.0
la,LA,1884470933,2,0,328,3.0
la,LA,1884470933,2,0,329,3.0
la,LA,1884470933,2,0,330,3.0
la,LA,1884470933,2,0,331,3.0
la,LA,1884470933,2,0,332,3.0
la,LA,1884470933,2,0,333,3.0
la,LA,1884470933,2,0,334,3.0
la,LA,1884470933,2,0,335,3.0
la,LA,1884470933,2,0,336,2.0
la,LA,1884470933,2,0,337,2.0
la,LA,1884470933,2,0,338,2.0
la,LA,1884470933,2,0,339,2.0
la,LA,1884470933,2,0,340,2.0
la,LA,1884470933,2,0,341,2.0
la,LA,1884470933,2,0,342,2.0
la,LA,1884470933,2,0,343,2.0
la,LA,1884470933,2,0,344,2.0
la,LA,1884470933,2,0,345,2.0
la,LA,1884470933,2,0,346,2.0
la,LA,1884470933,2,0,347,2.0
la,LA,1884470933,2,0,348,1.0
la,LA,1884470933,2,0,349,1.0
la,LA,1884470933,2,0,350,1.0
la,LA,1884470933,2,0,351,1.0
la,LA,1884470933,2,0,352,1.0
la,LA,1884470933,2,0,353,1.0
la,LA,1884470933,2,0,354,1.0
la,LA,1884470933,2,0,355,1.0
la,LA,1884470933,2,1,0,16.0
la,LA,1884470933,2,1,1,16.0
la,LA,1884470933,2,1,2,16.0
la,LA,1884470933,2,1,3,16.0
la,LA,1884470933,2,1,4,16.0
la,LA,1884470933,2,1,5,16.0
la,LA,1884470933,2,1,6,16.0
la,LA,1884470933,2,1,7,16.0
la,LA,1884470933,2,1,8,16.0
la,LA,1884470933,2,1,9,16.0
la,LA,1884470933,2,1,10,16.0
la,LA,1884470933,2,1,11,16.0
la,LA,1884470933,2,1,12,16.0
la,LA,1884470933,2,1,13,16.0
la,LA,1884470933,2,1,14,16.0
la,LA,1884470933,2,1,15,16.0
la,LA,1884470933,2,1,16,16.0
la,LA,1884470933,2,1,17,16.0
la,LA,1884470933,2,1,18,16.0
la,LA,1884470933,2,1,19,16.0
la,LA,1884470933,2,1,20,16.0
la,LA,1884470933,2,1,21,16.0
la,LA,1884470933,2,1,22,16.0
la,LA,1884470933,2,1,23,16.0
la,LA,1884470933,2,1,24,16.0
la,LA,1884470933,2,1,25,16.0
la,LA,1884470933,2,1,26,16.0
la,LA,1884470933,2,1,27,16.0
la,LA,1884470933,2,1,28,15.0
la,LA,1884470933,2,1,29,15.0
la,LA,1884470933,2,1,30,15.0
la,LA,1884470933,2,1,31,15.0
la,LA,1884470933,2,1,32,11.0
la,LA,1884470933,2,1,33,11.0
la,LA,1884470933,2,1,34,11.0
la,LA,1884470933,2,1,35,11.0
la,LA,1884470933,2,1,36,11.0
la,LA,1884470933,2,1,37,11.0
la,LA,1884470933,2,1,38,11.0
la,LA,1884470933,2,1,39,11.0
la,LA,1884470933,2,1,40,11.0
la,LA,1884470933,2,1,41,11.0
la,LA,1884470933,2,1,42,11.0
la,LA,1884470933,2,1,43,11.0
la,LA,1884470933,2,1,44,11.0
la,LA,1884470933,2,1,45,11.0
la,LA,1884470933,2,1,46,11.0
la,LA,1884470933,2,1,47,11.0
la,LA,1884470933,2,1,48,11.0
la,LA,1884470933,2,1,49,11.0
la,LA,1884470933,2,1,50,11.0
la,LA,1884470933,2,1,51,11.0
la,LA,1884470933,2,1,52,11.0
la,LA,1884470933,2,1,53,11.0
la,LA,1884470933,2,1,54,11.0
la,LA,1884470933,2,1,55,11.0
la,LA,1884470933,2,1,56,11.0
la,LA,1884470933,2,1,57,11.0
la,LA,1884470933,2,1,58,11.0
la,LA,1884470933,2,1,59,11.0
la,LA,1884470933,2,1,60,11.0
la,LA,1884470933,2,1,61,11.0
la,LA,1884470933,2,1,62,11.0
la,LA,1884470933,2,1,63,11.0
la,LA,1884470933,2,1,64,11.0
la,LA,1884470933,2,1,65,11.0
la,LA,1884470933,2,1,66,11.0
la,LA,1884470933,2,1,67,11.0
la,LA,1884470933,2,1,68,11.0
la,LA,1884470933,2,1,69,11.0
la,LA,1884470933,2,1,70,11.0
la,LA,1884470933,2,1,71,11.0
la,LA,1884470933,2,1,72,11.0
la,LA,1884470933,2,1,73,11.0
la,LA,1884470933,2,1,74,11.0
la,LA,1884470933,2,1,75,11.0
la,LA,1884470933,2,1,76,11.0
la,LA,1884470933,2,1,77,11.0
la,LA,1884470933,2,1,78,11.0
la,LA,1884470933,2,1,79,11.0
la,LA,1884470933,2,1,80,11.0
la,LA,1884470933,2,1,81,11.0
la,LA,1884470933,2,1,82,11.0
la,LA,1884470933,2,1,83,11.0
la,LA,1884470933,2,1,84,11.0
la,LA,1884470933,2,1,85,11.0
la,LA,1884470933,2,1,86,11.0
la,LA,1884470933,2,1,87,11.0
la,LA,1884470933,2,1,88,11.0
la,LA,1884470933,2,1,89,11.0
la,LA,1884470933,2,1,90,11.0
la,LA,1884470933,2,1,91,11.0
la,LA,1884470933,2,1,92,11.0
la,LA,1884470933,2,1,93,11.0
la,LA,1884470933,2,1,94,11.0
la,LA,1884470933,2,1,95,11.0
la,LA,1884470933,2,1,96,11.0
la,LA,1884470933,2,1,97,11.0
la,LA,1884470933,2,1,98,11.0
la,LA,1884470933,2,1,99,11.0
la,LA,1884470933,2,1,100,10.0
la,LA,1884470933,2,1,101,10.0
la,LA,1884470933,2,1,102,10.0
la,LA,1884470933,2,1,103,10.0
la,LA,1884470933,2,1,104,10.0
la,LA,1884470933,2,1,105,10.0
la,LA,1884470933,2,1,106,10.0
la,LA,1884470933,2,1,107,10.0
la,LA,1884470933,2,1,108,10.0
la,LA,1884470933,2,1,109,10.0
la,LA,1884470933,2,1,110,10.0
la,LA,1884470933,2,1,111,10.0
la,LA,1884470933,2,1,112,10.0
la,LA,1884470933,2,1,113,10.0
la,LA,1884470933,2,1,114,10.0
la,LA,1884470933,2,1,115,10.0
la,LA,1884470933,2,1,116,10.0
la,LA,1884470933,2,1,117,10.0
la,LA,1884470933,2,1,118,10.0
la,LA,1884470933,2,1,119,10.0
la,LA,1884470933,2,1,120,10.0
la,LA,1884470933,2,1,121,10.0
la,LA,1884470933,2,1,122,10.0
la,LA,1884470933,2,1,123,10.0
la,LA,1884470933,2,1,124,10.0
la,LA,1884470933,2,1,125,10.0
la,LA,1884470933,2,1,126,10.0
la,LA,1884470933,2,1,127,10.0
la,LA,1884470933,2,1,128,10.0
la,LA,1884470933,2,1,129,10.0
la,LA,1884470933,2,1,130,10.0
la,LA,1884470933,2,1,131,10.0
la,LA,1884470933,2,1,132,10.0
la,LA,1884470933,2,1,133,10.0
la,LA,1884470933,2,1,134,10.0
la,LA,1884470933,2,1,135,10.0
la,LA,1884470933,2,1,136,10.0
la,LA,1884470933,2,1,137,10.0
la,LA,1884470933,2,1,138,10.0
la,LA,1884470933,2,1,139,10.0
la,LA,1884470933,2,1,140,9.0
la,LA,1884470933,2,1,141,9.0
la,LA,1884470933,2,1,142,9.0
la,LA,1884470933,2,1,143,9.0
la,LA,1884470933,2,1,144,9.0
la,LA,1884470933,2,1,145,9.0
la,LA,1884470933,2,1,146,9.0
la,LA,1884470933,2,1,147,9.0
la,LA,1884470933,2,1,148,9.0
la,LA,1884470933,2,1,149,9.0
la,LA,1884470933,2,1,150,9.0
la,LA,1884470933,2,1,151,9.0
la,LA,1884470933,2,1,152,9.0
la,LA,1884470933,2,1,153,9.0
la,LA,1884470933,2,1,154,9.0
la,LA,1884470933,2,1,155,9.0
la,LA,1884470933,2,1,156,9.0
la,LA,1884470933,2,1,157,9.0
la,LA,1884470933,2,1,158,9.0
la,LA,1884470933,2,1,159,9.0
la,LA,1884470933,2,1,160,9.0
la,LA,1884470933,2,1,161,9.0
la,LA,1884470933,2,1,162,9.0
la,LA,1884470933,2,1,163,9.0
la,LA,1884470933,2,1,164,9.0
la,LA,1884470933,2,1,165,9.0
la,LA,1884470933,2,1,166,9.0
la,LA,1884470933,2,1,167,9.0
la,LA,1884470933,2,1,168,9.0
la,LA,1884470933,2,1,169,9.0
la,LA,1884470933,2,1,170,9.0
la,LA,1884470933,2,1,171,9.0
la,LA,1884470933,2,1,172,8.0
la,LA,1884470933,2,1,173,8.0
la,LA,1884470933,2,1,174,8.0
la,LA,1884470933,2,1,175,8.0
la,LA,1884470933,2,1,176,8.0
la,LA,1884470933,2,1,177,8.0
la,LA,1884470933,2,1,178,8.0
la,LA,1884470933,2,1,179,8.0
la,LA,1884470933,2,1,180,8.0
la,LA,1884470933,2,1,181,8.0
la,LA,1884470933,2,1,182,8.0
la,LA,1884470933,2,1,183,8.0
la,LA,1884470933,2,1,184,8.0
la,LA,1884470933,2,1,185,8.0
la,LA,1884470933,2,1,186,8.0
la,LA,1884470933,2,1,187,8.0
la,LA,1884470933,2,1,188,8.0
la,LA,1884470933,2,1,189,8.0
la,LA,1884470933,2,1,190,8.0
la,LA,1884470933,2,1,191,8.0
la,LA,1884470933,2,1,192,8.0
la,LA,1884470933,2,1,193,8.0
la,LA,1884470933,2,1,194,8.0
la,LA,1884470933,2,1,195,8.0
la,LA,1884470933,2,1,196,8.0
la,LA,1884470933,2,1,197,8.0
la,LA,1884470933,2,1,198,8.0
la,LA,1884470933,2,1,199,8.0
la,LA,1884470933,2,1,200,8.0
la,LA,1884470933,2,1,201,8.0
la,LA,1884470933,2,1,202,8.0
la,LA,1884470933,2,1,203,8.0
la,LA,1884470933,2,1,204,8.0
la,LA,1884470933,2,1,205,8.0
la,LA,1884470933,2,1,206,8.0
la,LA,1884470933,2,1,207,8.0
la,LA,1884470933,2,1,208,8.0
la,LA,1884470933,2,1,209,8.0
la,LA,1884470933,2,1,210,8.0
la,LA,1884470933,2,1,211,8.0
la,LA,1884470933,2,1,212,8.0
la,LA,1884470933,2,1,213,8.0
la,LA,1884470933,2,1,214,8.0
la,LA,1884470933,2,1,215,8.0
la,LA,1884470933,2,1,216,8.0
la,LA,1884470933,2,1,217,8.0
la,LA,1884470933,2,1,218,8.0
la,LA,1884470933,2,1,219,8.0
la,LA,1884470933,2,1,220,8.0
la,LA,1884470933,2,1,221,8.0
la,LA,1884470933,2,1,222,8.0
la,LA,1884470933,2,1,223,8.0
la,LA,1884470933,2,1,224,8.0
la,LA,1884470933,2,1,225,8.0
la,LA,1884470933,2,1,226,8.0
la,LA,1884470933,2,1,227,8.0
la,LA,1884470933,2,1,228,8.0
la,LA,1884470933,2,1,229,8.0
la,LA,1884470933,2,1,230,8.0
la,LA,1884470933,2,1,231,8.0
la,LA,1884470933,2,1,232,8.0
la,LA,1884470933,2,1,233,8.0
la,LA,1884470933,2,1,234,8.0
la,LA,1884470933,2,1,235,8.0
la,LA,1884470933,2,1,236,8.0
la,LA,1884470933,2,1,237,8.0
la,LA,1884470933,2,1,238,8.0
la,LA,1884470933,2,1,239,8.0
la,LA,1884470933,2,1,240,8.0
la,LA,1884470933,2,1,241,8.0
la,LA,1884470933,2,1,242,8.0
la,LA,1884470933,2,1,243,8.0
la,LA,1884470933,2,1,244,8.0
la,LA,1884470933,2,1,245,8.0
la,LA,1884470933,2,1,246,8.0
la,LA,1884470933,2,1,247,8.0
la,LA,1884470933,2,1,248,8.0
la,LA,1884470933,2,1,249,8.0
la,LA,1884470933,2,1,250,8.0
la,LA,1884470933,2,1,251,8.0
la,LA,1884470933,2,1,252,8.0
la,LA,1884470933,2,1,253,8.0
la,LA,1884470933,2,1,254,8.0
la,LA,1884470933,2,1,255,8.0
la,LA,1884470933,2,1,256,8.0
la,LA,1884470933,2,1,257,8.0
la,LA,1884470933,2,1,258,8.0
la,LA,1884470933,2,1,259,8.0
la,LA,1884470933,2,1,260,8.0
la,LA,1884470933,2,1,261,8.0
la,LA,1884470933,2,1,262,8.0
la,LA,1884470933,2,1,263,8.0
la,LA,1884470933,2,1,264,8.0
la,LA,1884470933,2,1,265,8.0
la,LA,1884470933,2,1,266,8.0
la,LA,1884470933,2,1,267,8.0
la,LA,1884470933,2,1,268,8.0
la,LA,1884470933,2,1,269,8.0
la,LA,1884470933,2,1,270,8.0
la,LA,1884470933,2,1,271,8.0
la,LA,1884470933,2,1,272,7.0
la,LA,1884470933,2,1,273,7.0
la,LA,1884470933,2,1,274,7.0
la,LA,1884470933,2,1,275,7.0
la,LA,1884470933,2,1,276,7.0
la,LA,1884470933,2,1,277,7.0
la,LA,1884470933,2,1,278,7.0
la,LA,1884470933,2,1,279,7.0
la,LA,1884470933,2,1,280,7.0
la,LA,1884470933,2,1,281,7.0
la,LA,1884470933,2,1,282,7.0
la,LA,1884470933,2,1,283,7.0
la,LA,1884470933,2,1,284,7.0
la,LA,1884470933,2,1,285,7.0
la,LA,1884470933,2,1,286,7.0
la,LA,1884470933,2,1,287,7.0
la,LA,1884470933,2,1,288,6.0
la,LA,1884470933,2,1,289,6.0
la,LA,1884470933,2,1,290,6.0
la,LA,1884470933,2,1,291,6.0
la,LA,1884470933,2,1,292,6.0
la,LA,1884470933,2,1,293,6.0
la,LA,1884470933,2,1,294,6.0
la,LA,1884470933,2,1,295,6.0
la,LA,1884470933,2,1,296,6.0
la,LA,1884470933,2,1,297,6.0
la,LA,1884470933,2,1,298,6.0
la,LA,1884470933,2,1,299,6.0
la,LA,1884470933,2,1,300,6.0
la,LA,1884470933,2,1,301,6.0
la,LA,1884470933,2,1,302,6.0
la,LA,1884470933,2,1,303,6.0
la,LA,1884470933,2,1,304,6.0
la,LA,1884470933,2,1,305,6.0
la,LA,1884470933,2,1,306,6.0
la,LA,1884470933,2,1,307,6.0
la,LA,1884470933,2,1,308,6.0
la,LA,1884470933,2,1,309,6.0
la,LA,1884470933,2,1,310,6.0
la,LA,1884470933,2,1,311,6.0
la,LA,1884470933,2,1,312,5.0
la,LA,1884470933,2,1,313,5.0
la,LA,1884470933,2,1,314,5.0
la,LA,1884470933,2,1,315,5.0
la,LA,1884470933,2,1,316,5.0
la,LA,1884470933,2,1,317,5.0
la,LA,1884470933,2,1,318,5.0
la,LA,1884470933,2,1,319,5.0
la,LA,1884470933,2,1,320,4.0
la,LA,1884470933,2,1,321,4.0
la,LA,1884470933,2,1,322,4.0
la,LA,1884470933,2,1,323,4.0
la,LA,1884470933,2,1,324,4.0
la,LA,1884470933,2,1,325,4.0
la,LA,1884470933,2,1,326,4.0
la,LA,1884470933,2,1,327,4.0
la,LA,1884470933,2,1,328,3.0
la,LA,1884470933,2,1,329,3.0
la,LA,1884470933,2,1,330,3.0
la,LA,1884470933,2,1,331,3.0
la,LA,1884470933,2,1,332,3.0
la,LA,1884470933,2,1,333,3.0
la,LA,1884470933,2,1,334,3.0
la,LA,1884470933,2,1,335,3.0
la,LA,1884470933,2,1,336,2.0
la,LA,1884470933,2,1,337,2.0
la,LA,1884470933,2,1,338,2.0
la,LA,1884470933,2,1,339,2.0
la,LA,1884470933,2,1,340,2.0
la,LA,1884470933,2,1,341,2.0
la,LA,1884470933,2,1,342,2.0
la,LA,1884470933,2,1,343,2.0
la,LA,1884470933,2,1,344,2.0
la,LA,1884470933,2,1,345,2.0
la,LA,1884470933,2,1,346,2.0
la,LA,1884470933,2,1,347,2.0
la,LA,1884470933,2,1,348,1.0
la,LA,1884470933,2,1,349,1.0
la,LA,1884470933,2,1,350,1.0
la,LA,1884470933,2,1,351,1.0
la,LA,1884470933,2,1,352,1.0
la,LA,1884470933,2,1,353,1.0
la,LA,1884470933,2,1,354,1.0
la,LA,1884470933,2,1,355,1.0
la,LA,1884470933,2,2,0,16.0
la,LA,1884470933,2,2,1,16.0
la,LA,1884470933,2,2,2,16.0
la,LA,1884470933,2,2,3,16.0
la,LA,1884470933,2,2,4,16.0
la,LA,1884470933,2,2,5,16.0
la,LA,1884470933,2,2,6,16.0
la,LA,1884470933,2,2,7,16.0
la,LA,1884470933,2,2,8,16.0
la,LA,1884470933,2,2,9,16.0
la,LA,1884470933,2,2,10,16.0
la,LA,1884470933,2,2,11,16.0
la,LA,1884470933,2,2,12,16.0
la,LA,1884470933,2,2,13,16.0
la,LA,1884470933,2,2,14,16.0
la,LA,1884470933,2,2,15,16.0
la,LA,1884470933,2,2,16,16.0
la,LA,1884470933,2,2,17,16.0
la,LA,1884470933,2,2,18,16.0
la,LA,1884470933,2,2,19,16.0
la,LA,1884470933,2,2,20,16.0
la,LA,1884470933,2,2,21,16.0
la,LA,1884470933,2,2,22,16.0
la,LA,1884470933,2,2,23,16.0
la,LA,1884470933,2,2,24,16.0
la,LA,1884470933,2,2,25,16.0
la,LA,1884470933,2,2,26,16.0
la,LA,1884470933,2,2,27,16.0
la,LA,1884470933,2,2,28,15.0
la,LA,1884470933,2,2,29,15.0
la,LA,1884470933,2,2,30,15.0
la,LA,1884470933,2,2,31,15.0
la,LA,1884470933,2,2,32,11.0
la,LA,1884470933,2,2,33,11.0
la,LA,1884470933,2,2,34,11.0
la,LA,1884470933,2,2,35,11.0
la,LA,1884470933,2,2,36,11.0
la,LA,1884470933,2,2,37,11.0
la,LA,1884470933,2,2,38,11.0
la,LA,1884470933,2,2,39,11.0
la,LA,1884470933,2,2,40,11.0
la,LA,1884470933,2,2,41,11.0
la,LA,1884470933,2,2,42,11.0
la,LA,1884470933,2,2,43,11.0
la,LA,1884470933,2,2,44,11.0
la,LA,1884470933,2,2,45,11.0
la,LA,1884470933,2,2,46,11.0
la,LA,1884470933,2,2,47,11.0
la,LA,1884470933,2,2,48,11.0
la,LA,1884470933,2,2,49,11.0
la,LA,1884470933,2,2,50,11.0
la,LA,1884470933,2,2,51,11.0
la,LA,1884470933,2,2,52,11.0
la,LA,1884470933,2,2,53,11.0
la,LA,1884470933,2,2,54,11.0
la,LA,1884470933,2,2,55,11.0
la,LA,1884470933,2,2,56,11.0
la,LA,1884470933,2,2,57,11.0
la,LA,1884470933,2,2,58,11.0
la,LA,1884470933,2,2,59,11.0
la,LA,1884470933,2,2,60,11.0
la,LA,1884470933,2,2,61,11.0
la,LA,1884470933,2,2,62,11.0
la,LA,1884470933,2,2,63,11.0
la,LA,1884470933,2,2,64,11.0
la,LA,1884470933,2,2,65,11.0
la,LA,1884470933,2,2,66,11.0
la,LA,1884470933,2,2,67,11.0
la,LA,1884470933,2,2,68,11.0
la,LA,1884470933,2,2,69,11.0
la,LA,1884470933,2,2,70,11.0
la,LA,1884470933,2,2,71,11.0
la,LA,1884470933,2,2,72,11.0
la,LA,1884470933,2,2,73,11.0
la,LA,1884470933,2,2,74,11.0
la,LA,1884470933,2,2,75,11.0
la,LA,1884470933,2,2,76,11.0
la,LA,1884470933,2,2,77,11.0
la,LA,1884470933,2,2,78,11.0
la,LA,1884470933,2,2,79,11.0
la,LA,1884470933,2,2,80,11.0
la,LA,1884470933,2,2,81,11.0
la,LA,1884470933,2,2,82,11.0
la,LA,1884470933,2,2,83,11.0
la,LA,1884470933,2,2,84,11.0
la,LA,1884470933,2,2,85,11.0
la,LA,1884470933,2,2,86,11.0
la,LA,1884470933,2,2,87,11.0
la,LA,1884470933,2,2,88,11.0
la,LA,1884470933,2,2,89,11.0
la,LA,1884470933,2,2,90,11.0
la,LA,1884470933,2,2,91,11.0
la,LA,1884470933,2,2,92,11.0
la,LA,1884470933,2,2,93,11.0
la,LA,1884470933,2,2,94,11.0
la,LA,1884470933,2,2,95,11.0
la,LA,1884470933,2,2,96,11.0
la,LA,1884470933,2,2,97,11.0
la,LA,1884470933,2,2,98,11.0
la,LA,1884470933,2,2,99,11.0
la,LA,1884470933,2,2,100,10.0
la,LA,1884470933,2,2,101,10.0
la,LA,1884470933,2,2,102,10.0
la,LA,1884470933,2,2,103,10.0
la,LA,1884470933,2,2,104,10.0
la,LA,1884470933,2,2,105,10.0
la,LA,1884470933,2,2,106,10.0
la,LA,1884470933,2,2,107,10.0
la,LA,1884470933,2,2,108,10.0
la,LA,1884470933,2,2,109,10.0
la,LA,1884470933,2,2,110,10.0
la,LA,1884470933,2,2,111,10.0
la,LA,1884470933,2,2,112,10.0
la,LA,1884470933,2,2,113,10.0
la,LA,1884470933,2,2,114,10.0
la,LA,1884470933,2,2,115,10.0
la,LA,1884470933,2,2,116,10.0
la,LA,1884470933,2,2,117,10.0
la,LA,1884470933,2,2,118,10.0
la,LA,1884470933,2,2,119,10.0
la,LA,1884470933,2,2,120,10.0
la,LA,1884470933,2,2,121,10.0
la,LA,1884470933,2,2,122,10.0
la,LA,1884470933,2,2,123,10.0
la,LA,1884470933,2,2,124,10.0
la,LA,1884470933,2,2,125,10.0
la,LA,1884470933,2,2,126,10.0
la,LA,1884470933,2,2,127,10.0
la,LA,1884470933,2,2,128,10.0
la,LA,1884470933,2,2,129,10.0
la,LA,1884470933,2,2,130,10.0
la,LA,1884470933,2,2,131,10.0
la,LA,1884470933,2,2,132,10.0
la,LA,1884470933,2,2,133,10.0
la,LA,1884470933,2,2,134,10.0
la,LA,1884470933,2,2,135,10.0
la,LA,1884470933,2,2,136,10.0
la,LA,1884470933,2,2,137,10.0
la,LA,1884470933,2,2,138,10.0
la,LA,1884470933,2,2,139,10.0
la,LA,1884470933,2,2,140,9.0
la,LA,1884470933,2,2,141,9.0
la,LA,1884470933,2,2,142,9.0
la,LA,1884470933,2,2,143,9.0
la,LA,1884470933,2,2,144,9.0
la,LA,1884470933,2,2,145,9.0
la,LA,1884470933,2,2,146,9.0
la,LA,1884470933,2,2,147,9.0
la,LA,1884470933,2,2,148,9.0
la,LA,1884470933,2,2,149,9.0
la,LA,1884470933,2,2,150,9.0
la,LA,1884470933,2,2,151,9.0
la,LA,1884470933,2,2,152,9.0
la,LA,1884470933,2,2,153,9.0
la,LA,1884470933,2,2,154,9.0
la,LA,1884470933,2,2,155,9.0
la,LA,1884470933,2,2,156,9.0
la,LA,1884470933,2,2,157,9.0
la,LA,1884470933,2,2,158,9.0
la,LA,1884470933,2,2,159,9.0
la,LA,1884470933,2,2,160,9.0
la,LA,1884470933,2,2,161,9.0
la,LA,1884470933,2,2,162,9.0
la,LA,1884470933,2,2,163,9.0
la,LA,1884470933,2,2,164,9.0
la,LA,1884470933,2,2,165,9.0
la,LA,1884470933,2,2,166,9.0
la,LA,1884470933,2,2,167,9.0
la,LA,1884470933,2,2,168,9.0
la,LA,1884470933,2,2,169,9.0
la,LA,1884470933,2,2,170,9.0
la,LA,1884470933,2,2,171,9.0
la,LA,1884470933,2,2,172,8.0
la,LA,1884470933,2,2,173,8.0
la,LA,1884470933,2,2,174,8.0
la,LA,1884470933,2,2,175,8.0
la,LA,1884470933,2,2,176,8.0
la,LA,1884470933,2,2,177,8.0
la,LA,1884470933,2,2,178,8.0
la,LA,1884470933,2,2,179,8.0
la,LA,1884470933,2,2,180,8.0
la,LA,1884470933,2,2,181,8.0
la,LA,1884470933,2,2,182,8.0
la,LA,1884470933,2,2,183,8.0
la,LA,1884470933,2,2,184,8.0
la,LA,1884470933,2,2,185,8.0
la,LA,1884470933,2,2,186,8.0
la,LA,1884470933,2,2,187,8.0
la,LA,1884470933,2,2,188,8.0
la,LA,1884470933,2,2,189,8.0
la,LA,1884470933,2,2,190,8.0
la,LA,1884470933,2,2,191,8.0
la,LA,1884470933,2,2,192,8.0
la,LA,1884470933,2,2,193,8.0
la,LA,1884470933,2,2,194,8.0
la,LA,1884470933,2,2,195,8.0
la,LA,1884470933,2,2,196,8.0
la,LA,1884470933,2,2,197,8.0
la,LA,1884470933,2,2,198,8.0
la,LA,1884470933,2,2,199,8.0
la,LA,1884470933,2,2,200,8.0
la,LA,1884470933,2,2,201,8.0
la,LA,1884470933,2,2,202,8.0
la,LA,1884470933,2,2,203,8.0
la,LA,1884470933,2,2,204,8.0
la,LA,1884470933,2,2,205,8.0
la,LA,1884470933,2,2,206,8.0
la,LA,1884470933,2,2,207,8.0
la,LA,1884470933,2,2,208,8.0
la,LA,1884470933,2,2,209,8.0
la,LA,1884470933,2,2,210,8.0
la,LA,1884470933,2,2,211,8.0
la,LA,1884470933,2,2,212,8.0
la,LA,1884470933,2,2,213,8.0
la,LA,1884470933,2,2,214,8.0
la,LA,1884470933,2,2,215,8.0
la,LA,1884470933,2,2,216,8.0
la,LA,1884470933,2,2,217,8.0
la,LA,1884470933,2,2,218,8.0
la,LA,1884470933,2,2,219,8.0
la,LA,1884470933,2,2,220,8.0
la,LA,1884470933,2,2,221,8.0
la,LA,1884470933,2,2,222,8.0
la,LA,1884470933,2,2,223,8.0
la,LA,1884470933,2,2,224,8.0
la,LA,1884470933,2,2,225,8.0
la,LA,1884470933,2,2,226,8.0
la,LA,1884470933,2,2,227,8.0
la,LA,1884470933,2,2,228,8.0
la,LA,1884470933,2,2,229,8.0
la,LA,1884470933,2,2,230,8.0
la,LA,1884470933,2,2,231,8.0
la,LA,1884470933,2,2,232,8.0
la,LA,1884470933,2,2,233,8.0
la,LA,1884470933,2,2,234,8.0
la,LA,1884470933,2,2,235,8.0
la,LA,1884470933,2,2,236,8.0
la,LA,1884470933,2,2,237,8.0
la,LA,1884470933,2,2,238,8.0
la,LA,1884470933,2,2,239,8.0
la,LA,1884470933,2,2,240,8.0
la,LA,1884470933,2,2,241,8.0
la,LA,1884470933,2,2,242,8.0
la,LA,1884470933,2,2,243,8.0
la,LA,1884470933,2,2,244,8.0
la,LA,1884470933,2,2,245,8.0
la,LA,1884470933,2,2,246,8.0
la,LA,1884470933,2,2,247,8.0
la,LA,1884470933,2,2,248,8.0
la,LA,1884470933,2,2,249,8.0
la,LA,1884470933,2,2,250,8.0
la,LA,1884470933,2,2,251,8.0
la,LA,1884470933,2,2,252,8.0
la,LA,1884470933,2,2,253,8.0
la,LA,1884470933,2,2,254,8.0
la,LA,1884470933,2,2,255,8.0
la,LA,1884470933,2,2,256,8.0
la,LA,1884470933,2,2,257,8.0
la,LA,1884470933,2,2,258,8.0
la,LA,1884470933,2,2,259,8.0
la,LA,1884470933,2,2,260,8.0
la,LA,1884470933,2,2,261,8.0
la,LA,1884470933,2,2,262,8.0
la,LA,1884470933,2,2,263,8.0
la,LA,1884470933,2,2,264,8.0
la,LA,1884470933,2,2,265,8.0
la,LA,1884470933,2,2,266,8.0
la,LA,1884470933,2,2,267,8.0
la,LA,1884470933,2,2,268,8.0
la,LA,1884470933,2,2,269,8.0
la,LA,1884470933,2,2,270,8.0
la,LA,1884470933,2,2,271,8.0
la,LA,1884470933,2,2,272,7.0
la,LA,1884470933,2,2,273,7.0
la,LA,1884470933,2,2,274,7.0
la,LA,1884470933,2,2,275,7.0
la,LA,1884470933,2,2,276,7.0
la,LA,1884470933,2,2,277,7.0
la,LA,1884470933,2,2,278,7.0
la,LA,1884470933,2,2,279,7.0
la,LA,1884470933,2,2,280,7.0
la,LA,1884470933,2,2,281,7.0
la,LA,1884470933,2,2,282,7.0
la,LA,1884470933,2,2,283,7.0
la,LA,1884470933,2,2,284,7.0
la,LA,1884470933,2,2,285,7.0
la,LA,1884470933,2,2,286,7.0
la,LA,1884470933,2,2,287,7.0
la,LA,1884470933,2,2,288,6.0
la,LA,1884470933,2,2,289,6.0
la,LA,1884470933,2,2,290,6.0
la,LA,1884470933,2,2,291,6.0
la,LA,1884470933,2,2,292,6.0
la,LA,1884470933,2,2,293,6.0
la,LA,1884470933,2,2,294,6.0
la,LA,1884470933,2,2,295,6.0
la,LA,1884470933,2,2,296,6.0
la,LA,1884470933,2,2,297,6.0
la,LA,1884470933,2,2,298,6.0
la,LA,1884470933,2,2,299,6.0
la,LA,1884470933,2,2,300,6.0
la,LA,1884470933,2,2,301,6.0
la,LA,1884470933,2,2,302,6.0
la,LA,1884470933,2,2,303,6.0
la,LA,1884470933,2,2,304,6.0
la,LA,1884470933,2,2,305,6.0
la,LA,1884470933,2,2,306,6.0
la,LA,1884470933,2,2,307,6.0
la,LA,1884470933,2,2,308,6.0
la,LA,1884470933,2,2,309,6.0
la,LA,1884470933,2,2,310,6.0
la,LA,1884470933,2,2,311,6.0
la,LA,1884470933,2,2,312,5.0
la,LA,1884470933,2,2,313,5.0
la,LA,1884470933,2,2,314,5.0
la,LA,1884470933,2,2,315,5.0
la,LA,1884470933,2,2,316,5.0
la,LA,1884470933,2,2,317,5.0
la,LA,1884470933,2,2,318,5.0
la,LA,1884470933,2,2,319,5.0
la,LA,1884470933,2,2,320,4.0
la,LA,1884470933,2,2,321,4.0
la,LA,1884470933,2,2,322,4.0
la,LA,1884470933,2,2,323,4.0
la,LA,1884470933,2,2,324,4.0
la,LA,1884470933,2,2,325,4.0
la,LA,1884470933,2,2,326,4.0
la,LA,1884470933,2,2,327,4.0
la,LA,1884470933,2,2,328,3.0
la,LA,1884470933,2,2,329,3.0
la,LA,1884470933,2,2,330,3.0
la,LA,1884470933,2,2,331,3.0
la,LA,1884470933,2,2,332,3.0
la,LA,1884470933,2,2,333,3.0
la,LA,1884470933,2,2,334,3.0
la,LA,1884470933,2,2,335,3.0
la,LA,1884470933,2,2,336,2.0
la,LA,1884470933,2,2,337,2.0
la,LA,1884470933,2,2,338,2.0
la,LA,1884470933,2,2,339,2.0
la,LA,1884470933,2,2,340,2.0
la,LA,1884470933,2,2,341,2.0
la,LA,1884470933,2,2,342,2.0
la,LA,1884470933,2,2,343,2.0
la,LA,1884470933,2,2,344,2.0
la,LA,1884470933,2,2,345,2.0
la,LA,1884470933,2,2,346,2.0
la,LA,1884470933,2,2,347,2.0
la,LA,1884470933,2,2,348,1.0
la,LA,1884470933,2,2,349,1.0
la,LA,1884470933,2,2,350,1.0
la,LA,1884470933,2,2,351,1.0
la,LA,1884470933,2,2,352,1.0
la,LA,1884470933,2,2,353,1.0
la,LA,1884470933,2,2,354,1.0
la,LA,1884470933,2,2,355,1.0
la,LA,1884470933,3,0,0,16.0
la,LA,1884470933,3,0,1,16.0
la,LA,1884470933,3,0,2,16.0
la,LA,1884470933,3,0,3,16.0
la,LA,1884470933,3,0,4,16.0
la,LA,1884470933,3,0,5,16.0
la,LA,1884470933,3,0,6,16.0
la,LA,1884470933,3,0,7,16.0
la,LA,1884470933,3,0,8,16.0
la,LA,1884470933,3,0,9,16.0
la,LA,1884470933,3,0,10,16.0
la,LA,1884470933,3,0,11,16.0
la,LA,1884470933,3,0,12,16.0
la,LA,1884470933,3,0,13,16.0
la,LA,1884470933,3,0,14,16.0
la,LA,1884470933,3,0,15,16.0
la,LA,1884470933,3,0,16,16.0
la,LA,1884470933,3,0,17,16.0
la,LA,1884470933,3,0,18,16.0
la,LA,1884470933,3,0,19,16.0
la,LA,1884470933,3,0,20,16.0
la,LA,1884470933,3,0,21,16.0
la,LA,1884470933,3,0,22,16.0
la,LA,1884470933,3,0,23,16.0
la,LA,1884470933,3,0,24,16.0
la,LA,1884470933,3,0,25,16.0
la,LA,1884470933,3,0,26,16.0
la,LA,1884470933,3,0,27,16.0
la,LA,1884470933,3,0,28,15.0
la,LA,1884470933,3,0,29,15.0
la,LA,1884470933,3,0,30,15.0
la,LA,1884470933,3,0,31,15.0
la,LA,1884470933,3,0,32,11.0
la,LA,1884470933,3,0,33,11.0
la,LA,1884470933,3,0,34,11.0
la,LA,1884470933,3,0,35,11.0
la,LA,1884470933,3,0,36,11.0
la,LA,1884470933,3,0,37,11.0
la,LA,1884470933,3,0,38,11.0
la,LA,1884470933,3,0,39,11.0
la,LA,1884470933,3,0,40,11.0
la,LA,1884470933,3,0,41,11.0
la,LA,1884470933,3,0,42,11.0
la,LA,1884470933,3,0,43,11.0
la,LA,1884470933,3,0,44,11.0
la,LA,1884470933,3,0,45,11.0
la,LA,1884470933,3,0,46,11.0
la,LA,1884470933,3,0,47,11.0
la,LA,1884470933,3,0,48,11.0
la,LA,1884470933,3,0,49,11.0
la,LA,1884470933,3,0,50,11.0
la,LA,1884470933,3,0,51,11.0
la,LA,1884470933,3,0,52,11.0
la,LA,1884470933,3,0,53,11.0
la,LA,1884470933,3,0,54,11.0
la,LA,1884470933,3,0,55,11.0
la,LA,1884470933,3,0,56,11.0
la,LA,1884470933,3,0,57,11.0
la,LA,1884470933,3,0,58,11.0
la,LA,1884470933,3,0,59,11.0
la,LA,1884470933,3,0,60,11.0
la,LA,1884470933,3,0,61,11.0
la,LA,1884470933,3,0,62,11.0
la,LA,1884470933,3,0,63,11.0
la,LA,1884470933,3,0,64,11.0
la,LA,1884470933,3,0,65,11.0
la,LA,1884470933,3,0,66,11.0
la,LA,1884470933,3,0,67,11.0
la,LA,1884470933,3,0,68,11.0
la,LA,1884470933,3,0,69,11.0
la,LA,1884470933,3,0,70,11.0
la,LA,1884470933,3,0,71,11.0
la,LA,1884470933,3,0,72,11.0
la,LA,1884470933,3,0,73,11.0
la,LA,1884470933,3,0,74,11.0
la,LA,1884470933,3,0,75,11.0
la,LA,1884470933,3,0,76,11.0
la,LA,1884470933,3,0,77,11.0
la,LA,1884470933,3,0,78,11.0
la,LA,1884470933,3,0,79,11.0
la,LA,1884470933,3,0,80,11.0
la,LA,1884470933,3,0,81,11.0
la,LA,1884470933,3,0,82,11.0
la,LA,1884470933,3,0,83,11.0
la,LA,1884470933,3,0,84,11.0
la,LA,1884470933,3,0,85,11.0
la,LA,1884470933,3,0,86,11.0
la,LA,1884470933,3,0,87,11.0
la,LA,1884470933,3,0,88,11.0
la,LA,1884470933,3,0,89,11.0
la,LA,1884470933,3,0,90,11.0
la,LA,1884470933,3,0,91,11.0
la,LA,1884470933,3,0,92,11.0
la,LA,1884470933,3,0,93,11.0
la,LA,1884470933,3,0,94,11.0
la,LA,1884470933,3,0,95,11.0
la,LA,1884470933,3,0,96,11.0
la,LA,1884470933,3,0,97,11.0
la,LA,1884470933,3,0,98,11.0
la,LA,1884470933,3,0,99,11.0
la,LA,1884470933,3,0,100,10.0
la,LA,1884470933,3,0,101,10.0
la,LA,1884470933,3,0,102,10.0
la,LA,1884470933,3,0,103,10.0
la,LA,1884470933,3,0,104,10.0
la,LA,1884470933,3,0,105,10.0
la,LA,1884470933,3,0,106,10.0
la,LA,1884470933,3,0,107,10.0
la,LA,1884470933,3,0,108,10.0
la,LA,1884470933,3,0,109,10.0
la,LA,1884470933,3,0,110,10.0
la,LA,1884470933,3,0,111,10.0
la,LA,1884470933,3,0,112,10.0
la,LA,1884470933,3,0,113,10.0
la,LA,1884470933,3,0,114,10.0
la,LA,1884470933,3,0,115,10.0
la,LA,1884470933,3,0,116,10.0
la,LA,1884470933,3,0,117,10.0
la,LA,1884470933,3,0,118,10.0
la,LA,1884470933,3,0,119,10.0
la,LA,1884470933,3,0,120,10.0
la,LA,1884470933,3,0,121,10.0
la,LA,1884470933,3,0,122,10.0
la,LA,1884470933,3,0,123,10.0
la,LA,1884470933,3,0,124,10.0
la,LA,1884470933,3,0,125,10.0
la,LA,1884470933,3,0,126,10.0
la,LA,1884470933,3,0,127,10.0
la,LA,1884470933,3,0,128,10.0
la,LA,1884470933,3,0,129,10.0
la,LA,1884470933,3,0,130,10.0
la,LA,1884470933,3,0,131,10.0
la,LA,1884470933,3,0,132,10.0
la,LA,1884470933,3,0,133,10.0
la,LA,1884470933,3,0,134,10.0
la,LA,1884470933,3,0,135,10.0
la,LA,1884470933,3,0,136,10.0
la,LA,1884470933,3,0,137,10.0
la,LA,1884470933,3,0,138,10.0
la,LA,1884470933,3,0,139,10.0
la,LA,1884470933,3,0,140,9.0
la,LA,1884470933,3,0,141,9.0
la,LA,1884470933,3,0,142,9.0
la,LA,1884470933,3,0,143,9.0
la,LA,1884470933,3,0,144,9.0
la,LA,1884470933,3,0,145,9.0
la,LA,1884470933,3,0,146,9.0
la,LA,1884470933,3,0,147,9.0
la,LA,1884470933,3,0,148,9.0
la,LA,1884470933,3,0,149,9.0
la,LA,1884470933,3,0,150,9.0
la,LA,1884470933,3,0,151,9.0
la,LA,1884470933,3,0,152,9.0
la,LA,1884470933,3,0,153,9.0
la,LA,1884470933,3,0,154,9.0
la,LA,1884470933,3,0,155,9.0
la,LA,1884470933,3,0,156,9.0
la,LA,1884470933,3,0,157,9.0
la,LA,1884470933,3,0,158,9.0
la,LA,1884470933,3,0,159,9.0
la,LA,1884470933,3,0,160,9.0
la,LA,1884470933,3,0,161,9.0
la,LA,1884470933,3,0,162,9.0
la,LA,1884470933,3,0,163,9.0
la,LA,1884470933,3,0,164,9.0
la,LA,1884470933,3,0,165,9.0
la,LA,1884470933,3,0,166,9.0
la,LA,1884470933,3,0,167,9.0
la,LA,1884470933,3,0,168,9.0
la,LA,1884470933,3,0,169,9.0
la,LA,1884470933,3,0,170,9.0
la,LA,1884470933,3,0,171,9.0
la,LA,1884470933,3,0,172,8.0
la,LA,1884470933,3,0,173,8.0
la,LA,1884470933,3,0,174,8.0
la,LA,1884470933,3,0,175,8.0
la,LA,1884470933,3,0,176,8.0
la,LA,1884470933,3,0,177,8.0
la,LA,1884470933,3,0,178,8.0
la,LA,1884470933,3,0,179,8.0
la,LA,1884470933,3,0,180,8.0
la,LA,1884470933,3,0,181,8.0
la,LA,1884470933,3,0,182,8.0
la,LA,1884470933,3,0,183,8.0
la,LA,1884470933,3,0,184,8.0
la,LA,1884470933,3,0,185,8.0
la,LA,1884470933,3,0,186,8.0
la,LA,1884470933,3,0,187,8.0
la,LA,1884470933,3,0,188,8.0
la,LA,1884470933,3,0,189,8.0
la,LA,1884470933,3,0,190,8.0
la,LA,1884470933,3,0,191,8.0
la,LA,1884470933,3,0,192,8.0
la,LA,1884470933,3,0,193,8.0
la,LA,1884470933,3,0,194,8.0
la,LA,1884470933,3,0,195,8.0
la,LA,1884470933,3,0,196,8.0
la,LA,1884470933,3,0,197,8.0
la,LA,1884470933,3,0,198,8.0
la,LA,1884470933,3,0,199,8.0
la,LA,1884470933,3,0,200,8.0
la,LA,1884470933,3,0,201,8.0
la,LA,1884470933,3,0,202,8.0
la,LA,1884470933,3,0,203,8.0
la,LA,1884470933,3,0,204,8.0
la,LA,1884470933,3,0,205,8.0
la,LA,1884470933,3,0,206,8.0
la,LA,1884470933,3,0,207,8.0
la,LA,1884470933,3,0,208,8.0
la,LA,1884470933,3,0,209,8.0
la,LA,1884470933,3,0,210,8.0
la,LA,1884470933,3,0,211,8.0
la,LA,1884470933,3,0,212,8.0
la,LA,1884470933,3,0,213,8.0
la,LA,1884470933,3,0,214,8.0
la,LA,1884470933,3,0,215,8.0
la,LA,1884470933,3,0,216,8.0
la,LA,1884470933,3,0,217,8.0
la,LA,1884470933,3,0,218,8.0
la,LA,1884470933,3,0,219,8.0
la,LA,1884470933,3,0,220,8.0
la,LA,1884470933,3,0,221,8.0
la,LA,1884470933,3,0,222,8.0
la,LA,1884470933,3,0,223,8.0
la,LA,1884470933,3,0,224,8.0
la,LA,1884470933,3,0,225,8.0
la,LA,1884470933,3,0,226,8.0
la,LA,1884470933,3,0,227,8.0
la,LA,1884470933,3,0,228,8.0
la,LA,1884470933,3,0,229,8.0
la,LA,1884470933,3,0,230,8.0
la,LA,1884470933,3,0,231,8.0
la,LA,1884470933,3,0,232,8.0
la,LA,1884470933,3,0,233,8.0
la,LA,1884470933,3,0,234,8.0
la,LA,1884470933,3,0,235,8.0
la,LA,1884470933,3,0,236,8.0
la,LA,1884470933,3,0,237,8.0
la,LA,1884470933,3,0,238,8.0
la,LA,1884470933,3,0,239,8.0
la,LA,1884470933,3,0,240,8.0
la,LA,1884470933,3,0,241,8.0
la,LA,1884470933,3,0,242,8.0
la,LA,1884470933,3,0,243,8.0
la,LA,1884470933,3,0,244,8.0
la,LA,1884470933,3,0,245,8.0
la,LA,1884470933,3,0,246,8.0
la,LA,1884470933,3,0,247,8.0
la,LA,1884470933,3,0,248,8.0
la,LA,1884470933,3,0,249,8.0
la,LA,1884470933,3,0,250,8.0
la,LA,1884470933,3,0,251,8.0
la,LA,1884470933,3,0,252,8.0
la,LA,1884470933,3,0,253,8.0
la,LA,1884470933,3,0,254,8.0
la,LA,1884470933,3,0,255,8.0
la,LA,1884470933,3,0,256,8.0
la,LA,1884470933,3,0,257,8.0
la,LA,1884470933,3,0,258,8.0
la,LA,1884470933,3,0,259,8.0
la,LA,1884470933,3,0,260,8.0
la,LA,1884470933,3,0,261,8.0
la,LA,1884470933,3,0,262,8.0
la,LA,1884470933,3,0,263,8.0
la,LA,1884470933,3,0,264,8.0
la,LA,1884470933,3,0,265,8.0
la,LA,1884470933,3,0,266,8.0
la,LA,1884470933,3,0,267,8.0
la,LA,1884470933,3,0,268,8.0
la,LA,1884470933,3,0,269,8.0
la,LA,1884470933,3,0,270,8.0
la,LA,1884470933,3,0,271,8.0
la,LA,1884470933,3,0,272,7.0
la,LA,1884470933,3,0,273,7.0
la,LA,1884470933,3,0,274,7.0
la,LA,1884470933,3,0,275,7.0
la,LA,1884470933,3,0,276,7.0
la,LA,1884470933,3,0,277,7.0
la,LA,1884470933,3,0,278,7.0
la,LA,1884470933,3,0,279,7.0
la,LA,1884470933,3,0,280,7.0
la,LA,1884470933,3,0,281,7.0
la,LA,1884470933,3,0,282,7.0
la,LA,1884470933,3,0,283,7.0
la,LA,1884470933,3,0,284,7.0
la,LA,1884470933,3,0,285,7.0
la,LA,1884470933,3,0,286,7.0
la,LA,1884470933,3,0,287,7.0
la,LA,1884470933,3,0,288,6.0
la,LA,1884470933,3,0,289,6.0
la,LA,1884470933,3,0,290,6.0
la,LA,1884470933,3,0,291,6.0
la,LA,1884470933,3,0,292,6.0
la,LA,1884470933,3,0,293,6.0
la,LA,1884470933,3,0,294,6.0
la,LA,1884470933,3,0,295,6.0
la,LA,1884470933,3,0,296,6.0
la,LA,1884470933,3,0,297,6.0
la,LA,1884470933,3,0,298,6.0
la,LA,1884470933,3,0,299,6.0
la,LA,1884470933,3,0,300,6.0
la,LA,1884470933,3,0,301,6.0
la,LA,1884470933,3,0,302,6.0
la,LA,1884470933,3,0,303,6.0
la,LA,1884470933,3,0,304,6.0
la,LA,1884470933,3,0,305,6.0
la,LA,1884470933,3,0,306,6.0
la,LA,1884470933,3,0,307,6.0
la,LA,1884470933,3,0,308,6.0
la,LA,1884470933,3,0,309,6.0
la,LA,1884470933,3,0,310,6.0
la,LA,1884470933,3,0,311,6.0
la,LA,1884470933,3,0,312,5.0
la,LA,1884470933,3,0,313,5.0
la,LA,1884470933,3,0,314,5.0
la,LA,1884470933,3,0,315,5.0
la,LA,1884470933,3,0,316,5.0
la,LA,1884470933,3,0,317,5.0
la,LA,1884470933,3,0,318,5.0
la,LA,1884470933,3,0,319,5.0
la,LA,1884470933,3,0,320,4.0
la,LA,1884470933,3,0,321,4.0
la,LA,1884470933,3,0,322,4.0
la,LA,1884470933,3,0,323,4.0
la,LA,1884470933,3,0,324,4.0
la,LA,1884470933,3,0,325,4.0
la,LA,1884470933,3,0,326,4.0
la,LA,1884470933,3,0,327,4.0
la,LA,1884470933,3,0,328,3.0
la,LA,1884470933,3,0,329,3.0
la,LA,1884470933,3,0,330,3.0
la,LA,1884470933,3,0,331,3.0
la,LA,1884470933,3,0,332,3.0
la,LA,1884470933,3,0,333,3.0
la,LA,1884470933,3,0,334,3.0
la,LA,1884470933,3,0,335,3.0
la,LA,1884470933,3,0,336,2.0
la,LA,1884470933,3,0,337,2.0
la,LA,1884470933,3,0,338,2.0
la,LA,1884470933,3,0,339,2.0
la,LA,1884470933,3,0,340,2.0
la,LA,1884470933,3,0,341,2.0
la,LA,1884470933,3,0,342,2.0
la,LA,1884470933,3,0,343,2.0
la,LA,1884470933,3,0,344,2.0
la,LA,1884470933,3,0,345,2.0
la,LA,1884470933,3,0,346,2.0
la,LA,1884470933,3,0,347,2.0
la,LA,1884470933,3,0,348,1.0
la,LA,1884470933,3,0,349,1.0
la,LA,1884470933,3,0,350,1.0
la,LA,1884470933,3,0,351,1.0
la,LA,1884470933,3,0,352,1.0
la,LA,1884470933,3,0,353,1.0
la,LA,1884470933,3,0,354,1.0
la,LA,1884470933,3,0,355,1.0
la,LA,1884470933,3,1,0,16.0
la,LA,1884470933,3,1,1,16.0
la,LA,1884470933,3,1,2,16.0
la,LA,1884470933,3,1,3,16.0
la,LA,1884470933,3,1,4,16.0
la,LA,1884470933,3,1,5,16.0
la,LA,1884470933,3,1,6,16.0
la,LA,1884470933,3,1,7,16.0
la,LA,1884470933,3,1,8,16.0
la,LA,1884470933,3,1,9,16.0
la,LA,1884470933,3,1,10,16.0
la,LA,1884470933,3,1,11,16.0
la,LA,1884470933,3,1,12,16.0
la,LA,1884470933,3,1,13,16.0
la,LA,1884470933,3,1,14,16.0
la,LA,1884470933,3,1,15,16.0
la,LA,1884470933,3,1,16,16.0
la,LA,1884470933,3,1,17,16.0
la,LA,1884470933,3,1,18,16.0
la,LA,1884470933,3,1,19,16.0
la,LA,1884470933,3,1,20,16.0
la,LA,1884470933,3,1,21,16.0
la,LA,1884470933,3,1,22,16.0
la,LA,1884470933,3,1,23,16.0
la,LA,1884470933,3,1,24,16.0
la,LA,1884470933,3,1,25,16.0
la,LA,1884470933,3,1,26,16.0
la,LA,1884470933,3,1,27,16.0
la,LA,1884470933,3,1,28,15.0
la,LA,1884470933,3,1,29,15.0
la,LA,1884470933,3,1,30,15.0
la,LA,1884470933,3,1,31,15.0
la,LA,1884470933,3,1,32,11.0
la,LA,1884470933,3,1,33,11.0
la,LA,1884470933,3,1,34,11.0
la,LA,1884470933,3,1,35,11.0
la,LA,1884470933,3,1,36,11.0
la,LA,1884470933,3,1,37,11.0
la,LA,1884470933,3,1,38,11.0
la,LA,1884470933,3,1,39,11.0
la,LA,1884470933,3,1,40,11.0
la,LA,1884470933,3,1,41,11.0
la,LA,1884470933,3,1,42,11.0
la,LA,1884470933,3,1,43,11.0
la,LA,1884470933,3,1,44,11.0
la,LA,1884470933,3,1,45,11.0
la,LA,1884470933,3,1,46,11.0
la,LA,1884470933,3,1,47,11.0
la,LA,1884470933,3,1,48,11.0
la,LA,1884470933,3,1,49,11.0
la,LA,1884470933,3,1,50,11.0
la,LA,1884470933,3,1,51,11.0
la,LA,1884470933,3,1,52,11.0
la,LA,1884470933,3,1,53,11.0
la,LA,1884470933,3,1,54,11.0
la,LA,1884470933,3,1,55,11.0
la,LA,1884470933,3,1,56,11.0
la,LA,1884470933,3,1,57,11.0
la,LA,1884470933,3,1,58,11.0
la,LA,1884470933,3,1,59,11.0
la,LA,1884470933,3,1,60,11.0
la,LA,1884470933,3,1,61,11.0
la,LA,1884470933,3,1,62,11.0
la,LA,1884470933,3,1,63,11.0
la,LA,1884470933,3,1,64,11.0
la,LA,1884470933,3,1,65,11.0
la,LA,1884470933,3,1,66,11.0
la,LA,1884470933,3,1,67,11.0
la,LA,1884470933,3,1,68,11.0
la,LA,1884470933,3,1,69,11.0
la,LA,1884470933,3,1,70,11.0
la,LA,1884470933,3,1,71,11.0
la,LA,1884470933,3,1,72,11.0
la,LA,1884470933,3,1,73,11.0
la,LA,1884470933,3,1,74,11.0
la,LA,1884470933,3,1,75,11.0
la,LA,1884470933,3,1,76,11.0
la,LA,1884470933,3,1,77,11.0
la,LA,1884470933,3,1,78,11.0
la,LA,1884470933,3,1,79,11.0
la,LA,1884470933,3,1,80,11.0
la,LA,1884470933,3,1,81,11.0
la,LA,1884470933,3,1,82,11.0
la,LA,1884470933,3,1,83,11.0
la,LA,1884470933,3,1,84,11.0
la,LA,1884470933,3,1,85,11.0
la,LA,1884470933,3,1,86,11.0
la,LA,1884470933,3,1,87,11.0
la,LA,1884470933,3,1,88,11.0
la,LA,1884470933,3,1,89,11.0
la,LA,1884470933,3,1,90,11.0
la,LA,1884470933,3,1,91,11.0
la,LA,1884470933,3,1,92,11.0
la,LA,1884470933,3,1,93,11.0
la,LA,1884470933,3,1,94,11.0
la,LA,1884470933,3,1,95,11.0
la,LA,1884470933,3,1,96,11.0
la,LA,1884470933,3,1,97,11.0
la,LA,1884470933,3,1,98,11.0
la,LA,1884470933,3,1,99,11.0
la,LA,1884470933,3,1,100,10.0
la,LA,1884470933,3,1,101,10.0
la,LA,1884470933,3,1,102,10.0
la,LA,1884470933,3,1,103,10.0
la,LA,1884470933,3,1,104,10.0
la,LA,1884470933,3,1,105,10.0
la,LA,1884470933,3,1,106,10.0
la,LA,1884470933,3,1,107,10.0
la,LA,1884470933,3,1,108,10.0
la,LA,1884470933,3,1,109,10.0
la,LA,1884470933,3,1,110,10.0
la,LA,1884470933,3,1,111,10.0
la,LA,1884470933,3,1,112,10.0
la,LA,1884470933,3,1,113,10.0
la,LA,1884470933,3,1,114,10.0
la,LA,1884470933,3,1,115,10.0
la,LA,1884470933,3,1,116,10.0
la,LA,1884470933,3,1,117,10.0
la,LA,1884470933,3,1,118,10.0
la,LA,1884470933,3,1,119,10.0
la,LA,1884470933,3,1,120,10.0
la,LA,1884470933,3,1,121,10.0
la,LA,1884470933,3,1,122,10.0
la,LA,1884470933,3,1,123,10.0
la,LA,1884470933,3,1,124,10.0
la,LA,1884470933,3,1,125,10.0
la,LA,1884470933,3,1,126,10.0
la,LA,1884470933,3,1,127,10.0
la,LA,1884470933,3,1,128,10.0
la,LA,1884470933,3,1,129,10.0
la,LA,1884470933,3,1,130,10.0
la,LA,1884470933,3,1,131,10.0
la,LA,1884470933,3,1,132,10.0
la,LA,1884470933,3,1,133,10.0
la,LA,1884470933,3,1,134,10.0
la,LA,1884470933,3,1,135,10.0
la,LA,1884470933,3,1,136,10.0
la,LA,1884470933,3,1,137,10.0
la,LA,1884470933,3,1,138,10.0
la,LA,1884470933,3,1,139,10.0
la,LA,1884470933,3,1,140,9.0
la,LA,1884470933,3,1,141,9.0
la,LA,1884470933,3,1,142,9.0
la,LA,1884470933,3,1,143,9.0
la,LA,1884470933,3,1,144,9.0
la,LA,1884470933,3,1,145,9.0
la,LA,1884470933,3,1,146,9.0
la,LA,1884470933,3,1,147,9.0
la,LA,1884470933,3,1,148,9.0
la,LA,1884470933,3,1,149,9.0
la,LA,1884470933,3,1,150,9.0
la,LA,1884470933,3,1,151,9.0
la,LA,1884470933,3,1,152,9.0
la,LA,1884470933,3,1,153,9.0
la,LA,1884470933,3,1,154,9.0
la,LA,1884470933,3,1,155,9.0
la,LA,1884470933,3,1,156,9.0
la,LA,1884470933,3,1,157,9.0
la,LA,1884470933,3,1,158,9.0
la,LA,1884470933,3,1,159,9.0
la,LA,1884470933,3,1,160,9.0
la,LA,1884470933,3,1,161,9.0
la,LA,1884470933,3,1,162,9.0
la,LA,1884470933,3,1,163,9.0
la,LA,1884470933,3,1,164,9.0
la,LA,1884470933,3,1,165,9.0
la,LA,1884470933,3,1,166,9.0
la,LA,1884470933,3,1,167,9.0
la,LA,1884470933,3,1,168,9.0
la,LA,1884470933,3,1,169,9.0
la,LA,1884470933,3,1,170,9.0
la,LA,1884470933,3,1,171,9.0
la,LA,1884470933,3,1,172,8.0
la,LA,1884470933,3,1,173,8.0
la,LA,1884470933,3,1,174,8.0
la,LA,1884470933,3,1,175,8.0
la,LA,1884470933,3,1,176,8.0
la,LA,1884470933,3,1,177,8.0
la,LA,1884470933,3,1,178,8.0
la,LA,1884470933,3,1,179,8.0
la,LA,1884470933,3,1,180,8.0
la,LA,1884470933,3,1,181,8.0
la,LA,1884470933,3,1,182,8.0
la,LA,1884470933,3,1,183,8.0
la,LA,1884470933,3,1,184,8.0
la,LA,1884470933,3,1,185,8.0
la,LA,1884470933,3,1,186,8.0
la,LA,1884470933,3,1,187,8.0
la,LA,1884470933,3,1,188,8.0
la,LA,1884470933,3,1,189,8.0
la,LA,1884470933,3,1,190,8.0
la,LA,1884470933,3,1,191,8.0
la,LA,1884470933,3,1,192,8.0
la,LA,1884470933,3,1,193,8.0
la,LA,1884470933,3,1,194,8.0
la,LA,1884470933,3,1,195,8.0
la,LA,1884470933,3,1,196,8.0
la,LA,1884470933,3,1,197,8.0
la,LA,1884470933,3,1,198,8.0
la,LA,1884470933,3,1,199,8.0
la,LA,1884470933,3,1,200,8.0
la,LA,1884470933,3,1,201,8.0
la,LA,1884470933,3,1,202,8.0
la,LA,1884470933,3,1,203,8.0
la,LA,1884470933,3,1,204,8.0
la,LA,1884470933,3,1,205,8.0
la,LA,1884470933,3,1,206,8.0
la,LA,1884470933,3,1,207,8.0
la,LA,1884470933,3,1,208,8.0
la,LA,1884470933,3,1,209,8.0
la,LA,1884470933,3,1,210,8.0
la,LA,1884470933,3,1,211,8.0
la,LA,1884470933,3,1,212,8.0
la,LA,1884470933,3,1,213,8.0
la,LA,1884470933,3,1,214,8.0
la,LA,1884470933,3,1,215,8.0
la,LA,1884470933,3,1,216,8.0
la,LA,1884470933,3,1,217,8.0
la,LA,1884470933,3,1,218,8.0
la,LA,1884470933,3,1,219,8.0
la,LA,1884470933,3,1,220,8.0
la,LA,1884470933,3,1,221,8.0
la,LA,1884470933,3,1,222,8.0
la,LA,1884470933,3,1,223,8.0
la,LA,1884470933,3,1,224,8.0
la,LA,1884470933,3,1,225,8.0
la,LA,1884470933,3,1,226,8.0
la,LA,1884470933,3,1,227,8.0
la,LA,1884470933,3,1,228,8.0
la,LA,1884470933,3,1,229,8.0
la,LA,1884470933,3,1,230,8.0
la,LA,1884470933,3,1,231,8.0
la,LA,1884470933,3,1,232,8.0
la,LA,1884470933,3,1,233,8.0
la,LA,1884470933,3,1,234,8.0
la,LA,1884470933,3,1,235,8.0
la,LA,1884470933,3,1,236,8.0
la,LA,1884470933,3,1,237,8.0
la,LA,1884470933,3,1,238,8.0
la,LA,1884470933,3,1,239,8.0
la,LA,1884470933,3,1,240,8.0
la,LA,1884470933,3,1,241,8.0
la,LA,1884470933,3,1,242,8.0
la,LA,1884470933,3,1,243,8.0
la,LA,1884470933,3,1,244,8.0
la,LA,1884470933,3,1,245,8.0
la,LA,1884470933,3,1,246,8.0
la,LA,1884470933,3,1,247,8.0
la,LA,1884470933,3,1,248,8.0
la,LA,1884470933,3,1,249,8.0
la,LA,1884470933,3,1,250,8.0
la,LA,1884470933,3,1,251,8.0
la,LA,1884470933,3,1,252,8.0
la,LA,1884470933,3,1,253,8.0
la,LA,1884470933,3,1,254,8.0
la,LA,1884470933,3,1,255,8.0
la,LA,1884470933,3,1,256,8.0
la,LA,1884470933,3,1,257,8.0
la,LA,1884470933,3,1,258,8.0
la,LA,1884470933,3,1,259,8.0
la,LA,1884470933,3,1,260,8.0
la,LA,1884470933,3,1,261,8.0
la,LA,1884470933,3,1,262,8.0
la,LA,1884470933,3,1,263,8.0
la,LA,1884470933,3,1,264,8.0
la,LA,1884470933,3,1,265,8.0
la,LA,1884470933,3,1,266,8.0
la,LA,1884470933,3,1,267,8.0
la,LA,1884470933,3,1,268,8.0
la,LA,1884470933,3,1,269,8.0
la,LA,1884470933,3,1,270,8.0
la,LA,1884470933,3,1,271,8.0
la,LA,1884470933,3,1,272,7.0
la,LA,1884470933,3,1,273,7.0
la,LA,1884470933,3,1,274,7.0
la,LA,1884470933,3,1,275,7.0
la,LA,1884470933,3,1,276,7.0
la,LA,1884470933,3,1,277,7.0
la,LA,1884470933,3,1,278,7.0
la,LA,1884470933,3,1,279,7.0
la,LA,1884470933,3,1,280,7.0
la,LA,1884470933,3,1,281,7.0
la,LA,1884470933,3,1,282,7.0
la,LA,1884470933,3,1,283,7.0
la,LA,1884470933,3,1,284,7.0
la,LA,1884470933,3,1,285,7.0
la,LA,1884470933,3,1,286,7.0
la,LA,1884470933,3,1,287,7.0
la,LA,1884470933,3,1,288,6.0
la,LA,1884470933,3,1,289,6.0
la,LA,1884470933,3,1,290,6.0
la,LA,1884470933,3,1,291,6.0
la,LA,1884470933,3,1,292,6.0
la,LA,1884470933,3,1,293,6.0
la,LA,1884470933,3,1,294,6.0
la,LA,1884470933,3,1,295,6.0
la,LA,1884470933,3,1,296,6.0
la,LA,1884470933,3,1,297,6.0
la,LA,1884470933,3,1,298,6.0
la,LA,1884470933,3,1,299,6.0
la,LA,1884470933,3,1,300,6.0
la,LA,1884470933,3,1,301,6.0
la,LA,1884470933,3,1,302,6.0
la,LA,1884470933,3,1,303,6.0
la,LA,1884470933,3,1,304,6.0
la,LA,1884470933,3,1,305,6.0
la,LA,1884470933,3,1,306,6.0
la,LA,1884470933,3,1,307,6.0
la,LA,1884470933,3,1,308,6.0
la,LA,1884470933,3,1,309,6.0
la,LA,1884470933,3,1,310,6.0
la,LA,1884470933,3,1,311,6.0
la,LA,1884470933,3,1,312,5.0
la,LA,1884470933,3,1,313,5.0
la,LA,1884470933,3,1,314,5.0
la,LA,1884470933,3,1,315,5.0
la,LA,1884470933,3,1,316,5.0
la,LA,1884470933,3,1,317,5.0
la,LA,1884470933,3,1,318,5.0
la,LA,1884470933,3,1,319,5.0
la,LA,1884470933,3,1,320,4.0
la,LA,1884470933,3,1,321,4.0
la,LA,1884470933,3,1,322,4.0
la,LA,1884470933,3,1,323,4.0
la,LA,1884470933,3,1,324,4.0
la,LA,1884470933,3,1,325,4.0
la,LA,1884470933,3,1,326,4.0
la,LA,1884470933,3,1,327,4.0
la,LA,1884470933,3,1,328,3.0
la,LA,1884470933,3,1,329,3.0
la,LA,1884470933,3,1,330,3.0
la,LA,1884470933,3,1,331,3.0
la,LA,1884470933,3,1,332,3.0
la,LA,1884470933,3,1,333,3.0
la,LA,1884470933,3,1,334,3.0
la,LA,1884470933,3,1,335,3.0
la,LA,1884470933,3,1,336,2.0
la,LA,1884470933,3,1,337,2.0
la,LA,1884470933,3,1,338,2.0
la,LA,1884470933,3,1,339,2.0
la,LA,1884470933,3,1,340,2.0
la,LA,1884470933,3,1,341,2.0
la,LA,1884470933,3,1,342,2.0
la,LA,1884470933,3,1,343,2.0
la,LA,1884470933,3,1,344,2.0
la,LA,1884470933,3,1,345,2.0
la,LA,1884470933,3,1,346,2.0
la,LA,1884470933,3,1,347,2.0
la,LA,1884470933,3,1,348,1.0
la,LA,1884470933,3,1,349,1.0
la,LA,1884470933,3,1,350,1.0
la,LA,1884470933,3,1,351,1.0
la,LA,1884470933,3,1,352,1.0
la,LA,1884470933,3,1,353,1.0
la,LA,1884470933,3,1,354,1.0
la,LA,1884470933,3,1,355,1.0
la,LA,1884470933,3,2,0,16.0
la,LA,1884470933,3,2,1,16.0
la,LA,1884470933,3,2,2,16.0
la,LA,1884470933,3,2,3,16.0
la,LA,1884470933,3,2,4,16.0
la,LA,1884470933,3,2,5,16.0
la,LA,1884470933,3,2,6,16.0
la,LA,1884470933,3,2,7,16.0
la,LA,1884470933,3,2,8,16.0
la,LA,1884470933,3,2,9,16.0
la,LA,1884470933,3,2,10,16.0
la,LA,1884470933,3,2,11,16.0
la,LA,1884470933,3,2,12,16.0
la,LA,1884470933,3,2,13,16.0
la,LA,1884470933,3,2,14,16.0
la,LA,1884470933,3,2,15,16.0
la,LA,1884470933,3,2,16,16.0
la,LA,1884470933,3,2,17,16.0
la,LA,1884470933,3,2,18,16.0
la,LA,1884470933,3,2,19,16.0
la,LA,1884470933,3,2,20,16.0
la,LA,1884470933,3,2,21,16.0
la,LA,1884470933,3,2,22,16.0
la,LA,1884470933,3,2,23,16.0
la,LA,1884470933,3,2,24,16.0
la,LA,1884470933,3,2,25,16.0
la,LA,1884470933,3,2,26,16.0
la,LA,1884470933,3,2,27,16.0
la,LA,1884470933,3,2,28,15.0
la,LA,1884470933,3,2,29,15.0
la,LA,1884470933,3,2,30,15.0
la,LA,1884470933,3,2,31,15.0
la,LA,1884470933,3,2,32,11.0
la,LA,1884470933,3,2,33,11.0
la,LA,1884470933,3,2,34,11.0
la,LA,1884470933,3,2,35,11.0
la,LA,1884470933,3,2,36,11.0
la,LA,1884470933,3,2,37,11.0
la,LA,1884470933,3,2,38,11.0
la,LA,1884470933,3,2,39,11.0
la,LA,1884470933,3,2,40,11.0
la,LA,1884470933,3,2,41,11.0
la,LA,1884470933,3,2,42,11.0
la,LA,1884470933,3,2,43,11.0
la,LA,1884470933,3,2,44,11.0
la,LA,1884470933,3,2,45,11.0
la,LA,1884470933,3,2,46,11.0
la,LA,1884470933,3,2,47,11.0
la,LA,1884470933,3,2,48,11.0
la,LA,1884470933,3,2,49,11.0
la,LA,1884470933,3,2,50,11.0
la,LA,1884470933,3,2,51,11.0
la,LA,1884470933,3,2,52,11.0
la,LA,1884470933,3,2,53,11.0
la,LA,1884470933,3,2,54,11.0
la,LA,1884470933,3,2,55,11.0
la,LA,1884470933,3,2,56,11.0
la,LA,1884470933,3,2,57,11.0
la,LA,1884470933,3,2,58,11.0
la,LA,1884470933,3,2,59,11.0
la,LA,1884470933,3,2,60,11.0
la,LA,1884470933,3,2,61,11.0
la,LA,1884470933,3,2,62,11.0
la,LA,1884470933,3,2,63,11.0
la,LA,1884470933,3,2,64,11.0
la,LA,1884470933,3,2,65,11.0
la,LA,1884470933,3,2,66,11.0
la,LA,1884470933,3,2,67,11.0
la,LA,1884470933,3,2,68,11.0
la,LA,1884470933,3,2,69,11.0
la,LA,1884470933,3,2,70,11.0
la,LA,1884470933,3,2,71,11.0
la,LA,1884470933,3,2,72,11.0
la,LA,1884470933,3,2,73,11.0
la,LA,1884470933,3,2,74,11.0
la,LA,1884470933,3,2,75,11.0
la,LA,1884470933,3,2,76,11.0
la,LA,1884470933,3,2,77,11.0
la,LA,1884470933,3,2,78,11.0
la,LA,1884470933,3,2,79,11.0
la,LA,1884470933,3,2,80,11.0
la,LA,1884470933,3,2,81,11.0
la,LA,1884470933,3,2,82,11.0
la,LA,1884470933,3,2,83,11.0
la,LA,1884470933,3,2,84,11.0
la,LA,1884470933,3,2,85,11.0
la,LA,1884470933,3,2,86,11.0
la,LA,1884470933,3,2,87,11.0
la,LA,1884470933,3,2,88,11.0
la,LA,1884470933,3,2,89,11.0
la,LA,1884470933,3,2,90,11.0
la,LA,1884470933,3,2,91,11.0
la,LA,1884470933,3,2,92,11.0
la,LA,1884470933,3,2,93,11.0
la,LA,1884470933,3,2,94,11.0
la,LA,1884470933,3,2,95,11.0
la,LA,1884470933,3,2,96,11.0
la,LA,1884470933,3,2,97,11.0
la,LA,1884470933,3,2,98,11.0
la,LA,1884470933,3,2,99,11.0
la,LA,1884470933,3,2,100,10.0
la,LA,1884470933,3,2,101,10.0
la,LA,1884470933,3,2,102,10.0
la,LA,1884470933,3,2,103,10.0
la,LA,1884470933,3,2,104,10.0
la,LA,1884470933,3,2,105,10.0
la,LA,1884470933,3,2,106,10.0
la,LA,1884470933,3,2,107,10.0
la,LA,1884470933,3,2,108,10.0
la,LA,1884470933,3,2,109,10.0
la,LA,1884470933,3,2,110,10.0
la,LA,1884470933,3,2,111,10.0
la,LA,1884470933,3,2,112,10.0
la,LA,1884470933,3,2,113,10.0
la,LA,1884470933,3,2,114,10.0
la,LA,1884470933,3,2,115,10.0
la,LA,1884470933,3,2,116,10.0
la,LA,1884470933,3,2,117,10.0
la,LA,1884470933,3,2,118,10.0
la,LA,1884470933,3,2,119,10.0
la,LA,1884470933,3,2,120,10.0
la,LA,1884470933,3,2,121,10.0
la,LA,1884470933,3,2,122,10.0
la,LA,1884470933,3,2,123,10.0
la,LA,1884470933,3,2,124,10.0
la,LA,1884470933,3,2,125,10.0
la,LA,1884470933,3,2,126,10.0
la,LA,1884470933,3,2,127,10.0
la,LA,1884470933,3,2,128,10.0
la,LA,1884470933,3,2,129,10.0
la,LA,1884470933,3,2,130,10.0
la,LA,1884470933,3,2,131,10.0
la,LA,1884470933,3,2,132,10.0
la,LA,1884470933,3,2,133,10.0
la,LA,1884470933,3,2,134,10.0
la,LA,1884470933,3,2,135,10.0
la,LA,1884470933,3,2,136,10.0
la,LA,1884470933,3,2,137,10.0
la,LA,1884470933,3,2,138,10.0
la,LA,1884470933,3,2,139,10.0
la,LA,1884470933,3,2,140,9.0
la,LA,1884470933,3,2,141,9.0
la,LA,1884470933,3,2,142,9.0
la,LA,1884470933,3,2,143,9.0
la,LA,1884470933,3,2,144,9.0
la,LA,1884470933,3,2,145,9.0
la,LA,1884470933,3,2,146,9.0
la,LA,1884470933,3,2,147,9.0
la,LA,1884470933,3,2,148,9.0
la,LA,1884470933,3,2,149,9.0
la,LA,1884470933,3,2,150,9.0
la,LA,1884470933,3,2,151,9.0
la,LA,1884470933,3,2,152,9.0
la,LA,1884470933,3,2,153,9.0
la,LA,1884470933,3,2,154,9.0
la,LA,1884470933,3,2,155,9.0
la,LA,1884470933,3,2,156,9.0
la,LA,1884470933,3,2,157,9.0
la,LA,1884470933,3,2,158,9.0
la,LA,1884470933,3,2,159,9.0
la,LA,1884470933,3,2,160,9.0
la,LA,1884470933,3,2,161,9.0
la,LA,1884470933,3,2,162,9.0
la,LA,1884470933,3,2,163,9.0
la,LA,1884470933,3,2,164,9.0
la,LA,1884470933,3,2,165,9.0
la,LA,1884470933,3,2,166,9.0
la,LA,1884470933,3,2,167,9.0
la,LA,1884470933,3,2,168,9.0
la,LA,1884470933,3,2,169,9.0
la,LA,1884470933,3,2,170,9.0
la,LA,1884470933,3,2,171,9.0
la,LA,1884470933,3,2,172,8.0
la,LA,1884470933,3,2,173,8.0
la,LA,1884470933,3,2,174,8.0
la,LA,1884470933,3,2,175,8.0
la,LA,1884470933,3,2,176,8.0
la,LA,1884470933,3,2,177,8.0
la,LA,1884470933,3,2,178,8.0
la,LA,1884470933,3,2,179,8.0
la,LA,1884470933,3,2,180,8.0
la,LA,1884470933,3,2,181,8.0
la,LA,1884470933,3,2,182,8.0
la,LA,1884470933,3,2,183,8.0
la,LA,1884470933,3,2,184,8.0
la,LA,1884470933,3,2,185,8.0
la,LA,1884470933,3,2,186,8.0
la,LA,1884470933,3,2,187,8.0
la,LA,1884470933,3,2,188,8.0
la,LA,1884470933,3,2,189,8.0
la,LA,1884470933,3,2,190,8.0
la,LA,1884470933,3,2,191,8.0
la,LA,1884470933,3,2,192,8.0
la,LA,1884470933,3,2,193,8.0
la,LA,1884470933,3,2,194,8.0
la,LA,1884470933,3,2,195,8.0
la,LA,1884470933,3,2,196,8.0
la,LA,1884470933,3,2,197,8.0
la,LA,1884470933,3,2,198,8.0
la,LA,1884470933,3,2,199,8.0
la,LA,1884470933,3,2,200,8.0
la,LA,1884470933,3,2,201,8.0
la,LA,1884470933,3,2,202,8.0
la,LA,1884470933,3,2,203,8.0
la,LA,1884470933,3,2,204,8.0
la,LA,1884470933,3,2,205,8.0
la,LA,1884470933,3,2,206,8.0
la,LA,1884470933,3,2,207,8.0
la,LA,1884470933,3,2,208,8.0
la,LA,1884470933,3,2,209,8.0
la,LA,1884470933,3,2,210,8.0
la,LA,1884470933,3,2,211,8.0
la,LA,1884470933,3,2,212,8.0
la,LA,1884470933,3,2,213,8.0
la,LA,1884470933,3,2,214,8.0
la,LA,1884470933,3,2,215,8.0
la,LA,1884470933,3,2,216,8.0
la,LA,1884470933,3,2,217,8.0
la,LA,1884470933,3,2,218,8.0
la,LA,1884470933,3,2,219,8.0
la,LA,1884470933,3,2,220,8.0
la,LA,1884470933,3,2,221,8.0
la,LA,1884470933,3,2,222,8.0
la,LA,1884470933,3,2,223,8.0
la,LA,1884470933,3,2,224,8.0
la,LA,1884470933,3,2,225,8.0
la,LA,1884470933,3,2,226,8.0
la,LA,1884470933,3,2,227,8.0
la,LA,1884470933,3,2,228,8.0
la,LA,1884470933,3,2,229,8.0
la,LA,1884470933,3,2,230,8.0
la,LA,1884470933,3,2,231,8.0
la,LA,1884470933,3,2,232,8.0
la,LA,1884470933,3,2,233,8.0
la,LA,1884470933,3,2,234,8.0
la,LA,1884470933,3,2,235,8.0
la,LA,1884470933,3,2,236,8.0
la,LA,1884470933,3,2,237,8.0
la,LA,1884470933,3,2,238,8.0
la,LA,1884470933,3,2,239,8.0
la,LA,1884470933,3,2,240,8.0
la,LA,1884470933,3,2,241,8.0
la,LA,1884470933,3,2,242,8.0
la,LA,1884470933,3,2,243,8.0
la,LA,1884470933,3,2,244,8.0
la,LA,1884470933,3,2,245,8.0
la,LA,1884470933,3,2,246,8.0
la,LA,1884470933,3,2,247,8.0
la,LA,1884470933,3,2,248,8.0
la,LA,1884470933,3,2,249,8.0
la,LA,1884470933,3,2,250,8.0
la,LA,1884470933,3,2,251,8.0
la,LA,1884470933,3,2,252,8.0
la,LA,1884470933,3,2,253,8.0
la,LA,1884470933,3,2,254,8.0
la,LA,1884470933,3,2,255,8.0
la,LA,1884470933,3,2,256,8.0
la,LA,1884470933,3,2,257,8.0
la,LA,1884470933,3,2,258,8.0
la,LA,1884470933,3,2,259,8.0
la,LA,1884470933,3,2,260,8.0
la,LA,1884470933,3,2,261,8.0
la,LA,1884470933,3,2,262,8.0
la,LA,1884470933,3,2,263,8.0
la,LA,1884470933,3,2,264,8.0
la,LA,1884470933,3,2,265,8.0
la,LA,1884470933,3,2,266,8.0
la,LA,1884470933,3,2,267,8.0
la,LA,1884470933,3,2,268,8.0
la,LA,1884470933,3,2,269,8.0
la,LA,1884470933,3,2,270,8.0
la,LA,1884470933,3,2,271,8.0
la,LA,1884470933,3,2,272,7.0
la,LA,1884470933,3,2,273,7.0
la,LA,1884470933,3,2,274,7.0
la,LA,1884470933,3,2,275,7.0
la,LA,1884470933,3,2,276,7.0
la,LA,1884470933,3,2,277,7.0
la,LA,1884470933,3,2,278,7.0
la,LA,1884470933,3,2,279,7.0
la,LA,1884470933,3,2,280,7.0
la,LA,1884470933,3,2,281,7.0
la,LA,1884470933,3,2,282,7.0
la,LA,1884470933,3,2,283,7.0
la,LA,1884470933,3,2,284,7.0
la,LA,1884470933,3,2,285,7.0
la,LA,1884470933,3,2,286,7.0
la,LA,1884470933,3,2,287,7.0
la,LA,1884470933,3,2,288,6.0
la,LA,1884470933,3,2,289,6.0
la,LA,1884470933,3,2,290,6.0
la,LA,1884470933,3,2,291,6.0
la,LA,1884470933,3,2,292,6.0
la,LA,1884470933,3,2,293,6.0
la,LA,1884470933,3,2,294,6.0
la,LA,1884470933,3,2,295,6.0
la,LA,1884470933,3,2,296,6.0
la,LA,1884470933,3,2,297,6.0
la,LA,1884470933,3,2,298,6.0
la,LA,1884470933,3,2,299,6.0
la,LA,1884470933,3,2,300,6.0
la,LA,1884470933,3,2,301,6.0
la,LA,1884470933,3,2,302,6.0
la,LA,1884470933,3,2,303,6.0
la,LA,1884470933,3,2,304,6.0
la,LA,1884470933,3,2,305,6.0
la,LA,1884470933,3,2,306,6.0
la,LA,1884470933,3,2,307,6.0
la,LA,1884470933,3,2,308,6.0
la,LA,1884470933,3,2,309,6.0
la,LA,1884470933,3,2,310,6.0
la,LA,1884470933,3,2,311,6.0
la,LA,1884470933,3,2,312,5.0
la,LA,1884470933,3,2,313,5.0
la,LA,1884470933,3,2,314,5.0
la,LA,1884470933,3,2,315,5.0
la,LA,1884470933,3,2,316,5.0
la,LA,1884470933,3,2,317,5.0
la,LA,1884470933,3,2,318,5.0
la,LA,1884470933,3,2,319,5.0
la,LA,1884470933,3,2,320,4.0
la,LA,1884470933,3,2,321,4.0
la,LA,1884470933,3,2,322,4.0
la,LA,1884470933,3,2,323,4.0
la,LA,1884470933,3,2,324,4.0
la,LA,1884470933,3,2,325,4.0
la,LA,1884470933,3,2,326,4.0
la,LA,1884470933,3,2,327,4.0
la,LA,1884470933,3,2,328,3.0
la,LA,1884470933,3,2,329,3.0
la,LA,1884470933,3,2,330,3.0
la,LA,1884470933,3,2,331,3.0
la,LA,1884470933,3,2,332,3.0
la,LA,1884470933,3,2,333,3.0
la,LA,1884470933,3,2,334,3.0
la,LA,1884470933,3,2,335,3.0
la,LA,1884470933,3,2,336,2.0
la,LA,1884470933,3,2,337,2.0
la,LA,1884470933,3,2,338,2.0
la,LA,1884470933,3,2,339,2.0
la,LA,1884470933,3,2,340,2.0
la,LA,1884470933,3,2,341,2.0
la,LA,1884470933,3,2,342,2.0
la,LA,1884470933,3,2,343,2.0
la,LA,1884470933,3,2,344,2.0
la,LA,1884470933,3,2,345,2.0
la,LA,1884470933,3,2,346,2.0
la,LA,1884470933,3,2,347,2.0
la,LA,1884470933,3,2,348,1.0
la,LA,1884470933,3,2,349,1.0
la,LA,1884470933,3,2,350,1.0
la,LA,1884470933,3,2,351,1.0
la,LA,1884470933,3,2,352,1.0
la,LA,1884470933,3,2,353,1.0
la,LA,1884470933,3,2,354,1.0
la,LA,1884470933,3,2,355,1.0
la,LA,55048408,0,0,0,16.0
la,LA,55048408,0,0,1,16.0
la,LA,55048408,0,0,2,16.0
la,LA,55048408,0,0,3,16.0
la,LA,55048408,0,0,4,16.0
la,LA,55048408,0,0,5,16.0
la,LA,55048408,0,0,6,16.0
la,LA,55048408,0,0,7,16.0
la,LA,55048408,0,0,8,16.0
la,LA,55048408,0,0,9,16.0
la,LA,55048408,0,0,10,16.0
la,LA,55048408,0,0,11,16.0
la,LA,55048408,0,0,12,16.0
la,LA,55048408,0,0,13,16.0
la,LA,55048408,0,0,14,16.0
la,LA,55048408,0,0,15,16.0
la,LA,55048408,0,0,16,16.0
la,LA,55048408,0,0,17,16.0
la,LA,55048408,0,0,18,16.0
la,LA,55048408,0,0,19,16.0
la,LA,55048408,0,0,20,16.0
la,LA,55048408,0,0,21,16.0
la,LA,55048408,0,0,22,16.0
la,LA,55048408,0,0,23,16.0
la,LA,55048408,0,0,24,16.0
la,LA,55048408,0,0,25,16.0
la,LA,55048408,0,0,26,16.0
la,LA,55048408,0,0,27,16.0
la,LA,55048408,0,0,28,15.0
la,LA,55048408,0,0,29,15.0
la,LA,55048408,0,0,30,15.0
la,LA,55048408,0,0,31,15.0
la,LA,55048408,0,0,32,11.0
la,LA,55048408,0,0,33,11.0
la,LA,55048408,0,0,34,11.0
la,LA,55048408,0,0,35,11.0
la,LA,55048408,0,0,36,11.0
la,LA,55048408,0,0,37,11.0
la,LA,55048408,0,0,38,11.0
la,LA,55048408,0,0,39,11.0
la,LA,55048408,0,0,40,11.0
la,LA,55048408,0,0,41,11.0
la,LA,55048408,0,0,42,11.0
la,LA,55048408,0,0,43,11.0
la,LA,55048408,0,0,44,11.0
la,LA,55048408,0,0,45,11.0
la,LA,55048408,0,0,46,11.0
la,LA,55048408,0,0,47,11.0
la,LA,55048408,0,0,48,11.0
la,LA,55048408,0,0,49,11.0
la,LA,55048408,0,0,50,11.0
la,LA,55048408,0,0,51,11.0
la,LA,55048408,0,0,52,11.0
la,LA,55048408,0,0,53,11.0
la,LA,55048408,0,0,54,11.0
la,LA,55048408,0,0,55,11.0
la,LA,55048408,0,0,56,11.0
la,LA,55048408,0,0,57,11.0
la,LA,55048408,0,0,58,11.0
la,LA,55048408,0,0,59,11.0
la,LA,55048408,0,0,60,11.0
la,LA,55048408,0,0,61,11.0
la,LA,55048408,0,0,62,11.0
la,LA,55048408,0,0,63,11.0
la,LA,55048408,0,0,64,11.0
la,LA,55048408,0,0,65,11.0
la,LA,55048408,0,0,66,11.0
la,LA,55048408,0,0,67,11.0
la,LA,55048408,0,0,68,11.0
la,LA,55048408,0,0,69,11.0
la,LA,55048408,0,0,70,11.0
la,LA,55048408,0,0,71,11.0
la,LA,55048408,0,0,72,11.0
la,LA,55048408,0,0,73,11.0
la,LA,55048408,0,0,74,11.0
la,LA,55048408,0,0,75,11.0
la,LA,55048408,0,0,76,11.0
la,LA,55048408,0,0,77,11.0
la,LA,55048408,0,0,78,11.0
la,LA,55048408,0,0,79,11.0
la,LA,55048408,0,0,80,11.0
la,LA,55048408,0,0,81,11.0
la,LA,55048408,0,0,82,11.0
la,LA,55048408,0,0,83,11.0
la,LA,55048408,0,0,84,11.0
la,LA,55048408,0,0,85,11.0
la,LA,55048408,0,0,86,11.0
la,LA,55048408,0,0,87,11.0
la,LA,55048408,0,0,88,11.0
la,LA,55048408,0,0,89,11.0
la,LA,55048408,0,0,90,11.0
la,LA,55048408,0,0,91,11.0
la,LA,55048408,0,0,92,11.0
la,LA,55048408,0,0,93,11.0
la,LA,55048408,0,0,94,11.0
la,LA,55048408,0,0,95,11.0
la,LA,55048408,0,0,96,11.0
la,LA,55048408,0,0,97,11.0
la,LA,55048408,0,0,98,11.0
la,LA,55048408,0,0,99,11.0
la,LA,55048408,0,0,100,10.0
la,LA,55048408,0,0,101,10.0
la,LA,55048408,0,0,102,10.0
la,LA,55048408,0,0,103,10.0
la,LA,55048408,0,0,104,10.0
la,LA,55048408,0,0,105,10.0
la,LA,55048408,0,0,106,10.0
la,LA,55048408,0,0,107,10.0
la,LA,55048408,0,0,108,10.0
la,LA,55048408,0,0,109,10.0
la,LA,55048408,0,0,110,10.0
la,LA,55048408,0,0,111,10.0
la,LA,55048408,0,0,112,10.0
la,LA,55048408,0,0,113,10.0
la,LA,55048408,0,0,114,10.0
la,LA,55048408,0,0,115,10.0
la,LA,55048408,0,0,116,10.0
la,LA,55048408,0,0,117,10.0
la,LA,55048408,0,0,118,10.0
la,LA,55048408,0,0,119,10.0
la,LA,55048408,0,0,120,10.0
la,LA,55048408,0,0,121,10.0
la,LA,55048408,0,0,122,10.0
la,LA,55048408,0,0,123,10.0
la,LA,55048408,0,0,124,10.0
la,LA,55048408,0,0,125,10.0
la,LA,55048408,0,0,126,10.0
la,LA,55048408,0,0,127,10.0
la,LA,55048408,0,0,128,10.0
la,LA,55048408,0,0,129,10.0
la,LA,55048408,0,0,130,10.0
la,LA,55048408,0,0,131,10.0
la,LA,55048408,0,0,132,10.0
la,LA,55048408,0,0,133,10.0
la,LA,55048408,0,0,134,10.0
la,LA,55048408,0,0,135,10.0
la,LA,55048408,0,0,136,10.0
la,LA,55048408,0,0,137,10.0
la,LA,55048408,0,0,138,10.0
la,LA,55048408,0,0,139,10.0
la,LA,55048408,0,0,140,9.0
la,LA,55048408,0,0,141,9.0
la,LA,55048408,0,0,142,9.0
la,LA,55048408,0,0,143,9.0
la,LA,55048408,0,0,144,9.0
la,LA,55048408,0,0,145,9.0
la,LA,55048408,0,0,146,9.0
la,LA,55048408,0,0,147,9.0
la,LA,55048408,0,0,148,9.0
la,LA,55048408,0,0,149,9.0
la,LA,55048408,0,0,150,9.0
la,LA,55048408,0,0,151,9.0
la,LA,55048408,0,0,152,9.0
la,LA,55048408,0,0,153,9.0
la,LA,55048408,0,0,154,9.0
la,LA,55048408,0,0,155,9.0
la,LA,55048408,0,0,156,9.0
la,LA,55048408,0,0,157,9.0
la,LA,55048408,0,0,158,9.0
la,LA,55048408,0,0,159,9.0
la,LA,55048408,0,0,160,9.0
la,LA,55048408,0,0,161,9.0
la,LA,55048408,0,0,162,9.0
la,LA,55048408,0,0,163,9.0
la,LA,55048408,0,0,164,9.0
la,LA,55048408,0,0,165,9.0
la,LA,55048408,0,0,166,9.0
la,LA,55048408,0,0,167,9.0
la,LA,55048408,0,0,168,9.0
la,LA,55048408,0,0,169,9.0
la,LA,55048408,0,0,170,9.0
la,LA,55048408,0,0,171,9.0
la,LA,55048408,0,0,172,8.0
la,LA,55048408,0,0,173,8.0
la,LA,55048408,0,0,174,8.0
la,LA,55048408,0,0,175,8.0
la,LA,55048408,0,0,176,8.0
la,LA,55048408,0,0,177,8.0
la,LA,55048408,0,0,178,8.0
la,LA,55048408,0,0,179,8.0
la,LA,55048408,0,0,180,8.0
la,LA,55048408,0,0,181,8.0
la,LA,55048408,0,0,182,8.0
la,LA,55048408,0,0,183,8.0
la,LA,55048408,0,0,184,8.0
la,LA,55048408,0,0,185,8.0
la,LA,55048408,0,0,186,8.0
la,LA,55048408,0,0,187,8.0
la,LA,55048408,0,0,188,8.0
la,LA,55048408,0,0,189,8.0
la,LA,55048408,0,0,190,8.0
la,LA,55048408,0,0,191,8.0
la,LA,55048408,0,0,192,8.0
la,LA,55048408,0,0,193,8.0
la,LA,55048408,0,0,194,8.0
la,LA,55048408,0,0,195,8.0
la,LA,55048408,0,0,196,8.0
la,LA,55048408,0,0,197,8.0
la,LA,55048408,0,0,198,8.0
la,LA,55048408,0,0,199,8.0
la,LA,55048408,0,0,200,8.0
la,LA,55048408,0,0,201,8.0
la,LA,55048408,0,0,202,8.0
la,LA,55048408,0,0,203,8.0
la,LA,55048408,0,0,204,8.0
la,LA,55048408,0,0,205,8.0
la,LA,55048408,0,0,206,8.0
la,LA,55048408,0,0,207,8.0
la,LA,55048408,0,0,208,8.0
la,LA,55048408,0,0,209,8.0
la,LA,55048408,0,0,210,8.0
la,LA,55048408,0,0,211,8.0
la,LA,55048408,0,0,212,8.0
la,LA,55048408,0,0,213,8.0
la,LA,55048408,0,0,214,8.0
la,LA,55048408,0,0,215,8.0
la,LA,55048408,0,0,216,8.0
la,LA,55048408,0,0,217,8.0
la,LA,55048408,0,0,218,8.0
la,LA,55048408,0,0,219,8.0
la,LA,55048408,0,0,220,8.0
la,LA,55048408,0,0,221,8.0
la,LA,55048408,0,0,222,8.0
la,LA,55048408,0,0,223,8.0
la,LA,55048408,0,0,224,8.0
la,LA,55048408,0,0,225,8.0
la,LA,55048408,0,0,226,8.0
la,LA,55048408,0,0,227,8.0
la,LA,55048408,0,0,228,8.0
la,LA,55048408,0,0,229,8.0
la,LA,55048408,0,0,230,8.0
la,LA,55048408,0,0,231,8.0
la,LA,55048408,0,0,232,8.0
la,LA,55048408,0,0,233,8.0
la,LA,55048408,0,0,234,8.0
la,LA,55048408,0,0,235,8.0
la,LA,55048408,0,0,236,8.0
la,LA,55048408,0,0,237,8.0
la,LA,55048408,0,0,238,8.0
la,LA,55048408,0,0,239,8.0
la,LA,55048408,0,0,240,8.0
la,LA,55048408,0,0,241,8.0
la,LA,55048408,0,0,242,8.0
la,LA,55048408,0,0,243,8.0
la,LA,55048408,0,0,244,8.0
la,LA,55048408,0,0,245,8.0
la,LA,55048408,0,0,246,8.0
la,LA,55048408,0,0,247,8.0
la,LA,55048408,0,0,248,8.0
la,LA,55048408,0,0,249,8.0
la,LA,55048408,0,0,250,8.0
la,LA,55048408,0,0,251,8.0
la,LA,55048408,0,0,252,8.0
la,LA,55048408,0,0,253,8.0
la,LA,55048408,0,0,254,8.0
la,LA,55048408,0,0,255,8.0
la,LA,55048408,0,0,256,8.0
la,LA,55048408,0,0,257,8.0
la,LA,55048408,0,0,258,8.0
la,LA,55048408,0,0,259,8.0
la,LA,55048408,0,0,260,8.0
la,LA,55048408,0,0,261,8.0
la,LA,55048408,0,0,262,8.0
la,LA,55048408,0,0,263,8.0
la,LA,55048408,0,0,264,8.0
la,LA,55048408,0,0,265,8.0
la,LA,55048408,0,0,266,8.0
la,LA,55048408,0,0,267,8.0
la,LA,55048408,0,0,268,8.0
la,LA,55048408,0,0,269,8.0
la,LA,55048408,0,0,270,8.0
la,LA,55048408,0,0,271,8.0
la,LA,55048408,0,0,272,7.0
la,LA,55048408,0,0,273,7.0
la,LA,55048408,0,0,274,7.0
la,LA,55048408,0,0,275,7.0
la,LA,55048408,0,0,276,7.0
la,LA,55048408,0,0,277,7.0
la,LA,55048408,0,0,278,7.0
la,LA,55048408,0,0,279,7.0
la,LA,55048408,0,0,280,7.0
la,LA,55048408,0,0,281,7.0
la,LA,55048408,0,0,282,7.0
la,LA,55048408,0,0,283,7.0
la,LA,55048408,0,0,284,7.0
la,LA,55048408,0,0,285,7.0
la,LA,55048408,0,0,286,7.0
la,LA,55048408,0,0,287,7.0
la,LA,55048408,0,0,288,6.0
la,LA,55048408,0,0,289,6.0
la,LA,55048408,0,0,290,6.0
la,LA,55048408,0,0,291,6.0
la,LA,55048408,0,0,292,6.0
la,LA,55048408,0,0,293,6.0
la,LA,55048408,0,0,294,6.0
la,LA,55048408,0,0,295,6.0
la,LA,55048408,0,0,296,6.0
la,LA,55048408,0,0,297,6.0
la,LA,55048408,0,0,298,6.0
la,LA,55048408,0,0,299,6.0
la,LA,55048408,0,0,300,6.0
la,LA,55048408,0,0,301,6.0
la,LA,55048408,0,0,302,6.0
la,LA,55048408,0,0,303,6.0
la,LA,55048408,0,0,304,6.0
la,LA,55048408,0,0,305,6.0
la,LA,55048408,0,0,306,6.0
la,LA,55048408,0,0,307,6.0
la,LA,55048408,0,0,308,6.0
la,LA,55048408,0,0,309,6.0
la,LA,55048408,0,0,310,6.0
la,LA,55048408,0,0,311,6.0
la,LA,55048408,0,0,312,5.0
la,LA,55048408,0,0,313,5.0
la,LA,55048408,0,0,314,5.0
la,LA,55048408,0,0,315,5.0
la,LA,55048408,0,0,316,5.0
la,LA,55048408,0,0,317,5.0
la,LA,55048408,0,0,318,5.0
la,LA,55048408,0,0,319,5.0
la,LA,55048408,0,0,320,4.0
la,LA,55048408,0,0,321,4.0
la,LA,55048408,0,0,322,4.0
la,LA,55048408,0,0,323,4.0
la,LA,55048408,0,0,324,4.0
la,LA,55048408,0,0,325,4.0
la,LA,55048408,0,0,326,4.0
la,LA,55048408,0,0,327,4.0
la,LA,55048408,0,0,328,3.0
la,LA,55048408,0,0,329,3.0
la,LA,55048408,0,0,330,3.0
la,LA,55048408,0,0,331,3.0
la,LA,55048408,0,0,332,3.0
la,LA,55048408,0,0,333,3.0
la,LA,55048408,0,0,334,3.0
la,LA,55048408,0,0,335,3.0
la,LA,55048408,0,0,336,2.0
la,LA,55048408,0,0,337,2.0
la,LA,55048408,0,0,338,2.0
la,LA,55048408,0,0,339,2.0
la,LA,55048408,0,0,340,2.0
la,LA,55048408,0,0,341,2.0
la,LA,55048408,0,0,342,2.0
la,LA,55048408,0,0,343,2.0
la,LA,55048408,0,0,344,2.0
la,LA,55048408,0,0,345,2.0
la,LA,55048408,0,0,346,2.0
la,LA,55048408,0,0,347,2.0
la,LA,55048408,0,0,348,1.0
la,LA,55048408,0,0,349,1.0
la,LA,55048408,0,0,350,1.0
la,LA,55048408,0,0,351,1.0
la,LA,55048408,0,0,352,1.0
la,LA,55048408,0,0,353,1.0
la,LA,55048408,0,0,354,1.0
la,LA,55048408,0,0,355,1.0
la,LA,55048408,0,1,0,16.0
la,LA,55048408,0,1,1,16.0
la,LA,55048408,0,1,2,16.0
la,LA,55048408,0,1,3,16.0
la,LA,55048408,0,1,4,16.0
la,LA,55048408,0,1,5,16.0
la,LA,55048408,0,1,6,16.0
la,LA,55048408,0,1,7,16.0
la,LA,55048408,0,1,8,16.0
la,LA,55048408,0,1,9,16.0
la,LA,55048408,0,1,10,16.0
la,LA,55048408,0,1,11,16.0
la,LA,55048408,0,1,12,16.0
la,LA,55048408,0,1,13,16.0
la,LA,55048408,0,1,14,16.0
la,LA,55048408,0,1,15,16.0
la,LA,55048408,0,1,16,16.0
la,LA,55048408,0,1,17,16.0
la,LA,55048408,0,1,18,16.0
la,LA,55048408,0,1,19,16.0
la,LA,55048408,0,1,20,16.0
la,LA,55048408,0,1,21,16.0
la,LA,55048408,0,1,22,16.0
la,LA,55048408,0,1,23,16.0
la,LA,55048408,0,1,24,16.0
la,LA,55048408,0,1,25,16.0
la,LA,55048408,0,1,26,16.0
la,LA,55048408,0,1,27,16.0
la,LA,55048408,0,1,28,15.0
la,LA,55048408,0,1,29,15.0
la,LA,55048408,0,1,30,15.0
la,LA,55048408,0,1,31,15.0
la,LA,55048408,0,1,32,11.0
la,LA,55048408,0,1,33,11.0
la,LA,55048408,0,1,34,11.0
la,LA,55048408,0,1,35,11.0
la,LA,55048408,0,1,36,11.0
la,LA,55048408,0,1,37,11.0
la,LA,55048408,0,1,38,11.0
la,LA,55048408,0,1,39,11.0
la,LA,55048408,0,1,40,11.0
la,LA,55048408,0,1,41,11.0
la,LA,55048408,0,1,42,11.0
la,LA,55048408,0,1,43,11.0
la,LA,55048408,0,1,44,11.0
la,LA,55048408,0,1,45,11.0
la,LA,55048408,0,1,46,11.0
la,LA,55048408,0,1,47,11.0
la,LA,55048408,0,1,48,11.0
la,LA,55048408,0,1,49,11.0
la,LA,55048408,0,1,50,11.0
la,LA,55048408,0,1,51,11.0
la,LA,55048408,0,1,52,11.0
la,LA,55048408,0,1,53,11.0
la,LA,55048408,0,1,54,11.0
la,LA,55048408,0,1,55,11.0
la,LA,55048408,0,1,56,11.0
la,LA,55048408,0,1,57,11.0
la,LA,55048408,0,1,58,11.0
la,LA,55048408,0,1,59,11.0
la,LA,55048408,0,1,60,11.0
la,LA,55048408,0,1,61,11.0
la,LA,55048408,0,1,62,11.0
la,LA,55048408,0,1,63,11.0
la,LA,55048408,0,1,64,11.0
la,LA,55048408,0,1,65,11.0
la,LA,55048408,0,1,66,11.0
la,LA,55048408,0,1,67,11.0
la,LA,55048408,0,1,68,11.0
la,LA,55048408,0,1,69,11.0
la,LA,55048408,0,1,70,11.0
la,LA,55048408,0,1,71,11.0
la,LA,55048408,0,1,72,11.0
la,LA,55048408,0,1,73,11.0
la,LA,55048408,0,1,74,11.0
la,LA,55048408,0,1,75,11.0
la,LA,55048408,0,1,76,11.0
la,LA,55048408,0,1,77,11.0
la,LA,55048408,0,1,78,11.0
la,LA,55048408,0,1,79,11.0
la,LA,55048408,0,1,80,11.0
la,LA,55048408,0,1,81,11.0
la,LA,55048408,0,1,82,11.0
la,LA,55048408,0,1,83,11.0
la,LA,55048408,0,1,84,11.0
la,LA,55048408,0,1,85,11.0
la,LA,55048408,0,1,86,11.0
la,LA,55048408,0,1,87,11.0
la,LA,55048408,0,1,88,11.0
la,LA,55048408,0,1,89,11.0
la,LA,55048408,0,1,90,11.0
la,LA,55048408,0,1,91,11.0
la,LA,55048408,0,1,92,11.0
la,LA,55048408,0,1,93,11.0
la,LA,55048408,0,1,94,11.0
la,LA,55048408,0,1,95,11.0
la,LA,55048408,0,1,96,11.0
la,LA,55048408,0,1,97,11.0
la,LA,55048408,0,1,98,11.0
la,LA,55048408,0,1,99,11.0
la,LA,55048408,0,1,100,10.0
la,LA,55048408,0,1,101,10.0
la,LA,55048408,0,1,102,10.0
la,LA,55048408,0,1,103,10.0
la,LA,55048408,0,1,104,10.0
la,LA,55048408,0,1,105,10.0
la,LA,55048408,0,1,106,10.0
la,LA,55048408,0,1,107,10.0
la,LA,55048408,0,1,108,10.0
la,LA,55048408,0,1,109,10.0
la,LA,55048408,0,1,110,10.0
la,LA,55048408,0,1,111,10.0
la,LA,55048408,0,1,112,10.0
la,LA,55048408,0,1,113,10.0
la,LA,55048408,0,1,114,10.0
la,LA,55048408,0,1,115,10.0
la,LA,55048408,0,1,116,10.0
la,LA,55048408,0,1,117,10.0
la,LA,55048408,0,1,118,10.0
la,LA,55048408,0,1,119,10.0
la,LA,55048408,0,1,120,10.0
la,LA,55048408,0,1,121,10.0
la,LA,55048408,0,1,122,10.0
la,LA,55048408,0,1,123,10.0
la,LA,55048408,0,1,124,10.0
la,LA,55048408,0,1,125,10.0
la,LA,55048408,0,1,126,10.0
la,LA,55048408,0,1,127,10.0
la,LA,55048408,0,1,128,10.0
la,LA,55048408,0,1,129,10.0
la,LA,55048408,0,1,130,10.0
la,LA,55048408,0,1,131,10.0
la,LA,55048408,0,1,132,10.0
la,LA,55048408,0,1,133,10.0
la,LA,55048408,0,1,134,10.0
la,LA,55048408,0,1,135,10.0
la,LA,55048408,0,1,136,10.0
la,LA,55048408,0,1,137,10.0
la,LA,55048408,0,1,138,10.0
la,LA,55048408,0,1,139,10.0
la,LA,55048408,0,1,140,9.0
la,LA,55048408,0,1,141,9.0
la,LA,55048408,0,1,142,9.0
la,LA,55048408,0,1,143,9.0
la,LA,55048408,0,1,144,9.0
la,LA,55048408,0,1,145,9.0
la,LA,55048408,0,1,146,9.0
la,LA,55048408,0,1,147,9.0
la,LA,55048408,0,1,148,9.0
la,LA,55048408,0,1,149,9.0
la,LA,55048408,0,1,150,9.0
la,LA,55048408,0,1,151,9.0
la,LA,55048408,0,1,152,9.0
la,LA,55048408,0,1,153,9.0
la,LA,55048408,0,1,154,9.0
la,LA,55048408,0,1,155,9.0
la,LA,55048408,0,1,156,9.0
la,LA,55048408,0,1,157,9.0
la,LA,55048408,0,1,158,9.0
la,LA,55048408,0,1,159,9.0
la,LA,55048408,0,1,160,9.0
la,LA,55048408,0,1,161,9.0
la,LA,55048408,0,1,162,9.0
la,LA,55048408,0,1,163,9.0
la,LA,55048408,0,1,164,9.0
la,LA,55048408,0,1,165,9.0
la,LA,55048408,0,1,166,9.0
la,LA,55048408,0,1,167,9.0
la,LA,55048408,0,1,168,9.0
la,LA,55048408,0,1,169,9.0
la,LA,55048408,0,1,170,9.0
la,LA,55048408,0,1,171,9.0
la,LA,55048408,0,1,172,8.0
la,LA,55048408,0,1,173,8.0
la,LA,55048408,0,1,174,8.0
la,LA,55048408,0,1,175,8.0
la,LA,55048408,0,1,176,8.0
la,LA,55048408,0,1,177,8.0
la,LA,55048408,0,1,178,8.0
la,LA,55048408,0,1,179,8.0
la,LA,55048408,0,1,180,8.0
la,LA,55048408,0,1,181,8.0
la,LA,55048408,0,1,182,8.0
la,LA,55048408,0,1,183,8.0
la,LA,55048408,0,1,184,8.0
la,LA,55048408,0,1,185,8.0
la,LA,55048408,0,1,186,8.0
la,LA,55048408,0,1,187,8.0
la,LA,55048408,0,1,188,8.0
la,LA,55048408,0,1,189,8.0
la,LA,55048408,0,1,190,8.0
la,LA,55048408,0,1,191,8.0
la,LA,55048408,0,1,192,8.0
la,LA,55048408,0,1,193,8.0
la,LA,55048408,0,1,194,8.0
la,LA,55048408,0,1,195,8.0
la,LA,55048408,0,1,196,8.0
la,LA,55048408,0,1,197,8.0
la,LA,55048408,0,1,198,8.0
la,LA,55048408,0,1,199,8.0
la,LA,55048408,0,1,200,8.0
la,LA,55048408,0,1,201,8.0
la,LA,55048408,0,1,202,8.0
la,LA,55048408,0,1,203,8.0
la,LA,55048408,0,1,204,8.0
la,LA,55048408,0,1,205,8.0
la,LA,55048408,0,1,206,8.0
la,LA,55048408,0,1,207,8.0
la,LA,55048408,0,1,208,8.0
la,LA,55048408,0,1,209,8.0
la,LA,55048408,0,1,210,8.0
la,LA,55048408,0,1,211,8.0
la,LA,55048408,0,1,212,8.0
la,LA,55048408,0,1,213,8.0
la,LA,55048408,0,1,214,8.0
la,LA,55048408,0,1,215,8.0
la,LA,55048408,0,1,216,8.0
la,LA,55048408,0,1,217,8.0
la,LA,55048408,0,1,218,8.0
la,LA,55048408,0,1,219,8.0
la,LA,55048408,0,1,220,8.0
la,LA,55048408,0,1,221,8.0
la,LA,55048408,0,1,222,8.0
la,LA,55048408,0,1,223,8.0
la,LA,55048408,0,1,224,8.0
la,LA,55048408,0,1,225,8.0
la,LA,55048408,0,1,226,8.0
la,LA,55048408,0,1,227,8.0
la,LA,55048408,0,1,228,8.0
la,LA,55048408,0,1,229,8.0
la,LA,55048408,0,1,230,8.0
la,LA,55048408,0,1,231,8.0
la,LA,55048408,0,1,232,8.0
la,LA,55048408,0,1,233,8.0
la,LA,55048408,0,1,234,8.0
la,LA,55048408,0,1,235,8.0
la,LA,55048408,0,1,236,8.0
la,LA,55048408,0,1,237,8.0
la,LA,55048408,0,1,238,8.0
la,LA,55048408,0,1,239,8.0
la,LA,55048408,0,1,240,8.0
la,LA,55048408,0,1,241,8.0
la,LA,55048408,0,1,242,8.0
la,LA,55048408,0,1,243,8.0
la,LA,55048408,0,1,244,8.0
la,LA,55048408,0,1,245,8.0
la,LA,55048408,0,1,246,8.0
la,LA,55048408,0,1,247,8.0
la,LA,55048408,0,1,248,8.0
la,LA,55048408,0,1,249,8.0
la,LA,55048408,0,1,250,8.0
la,LA,55048408,0,1,251,8.0
la,LA,55048408,0,1,252,8.0
la,LA,55048408,0,1,253,8.0
la,LA,55048408,0,1,254,8.0
la,LA,55048408,0,1,255,8.0
la,LA,55048408,0,1,256,8.0
la,LA,55048408,0,1,257,8.0
la,LA,55048408,0,1,258,8.0
la,LA,55048408,0,1,259,8.0
la,LA,55048408,0,1,260,8.0
la,LA,55048408,0,1,261,8.0
la,LA,55048408,0,1,262,8.0
la,LA,55048408,0,1,263,8.0
la,LA,55048408,0,1,264,8.0
la,LA,55048408,0,1,265,8.0
la,LA,55048408,0,1,266,8.0
la,LA,55048408,0,1,267,8.0
la,LA,55048408,0,1,268,8.0
la,LA,55048408,0,1,269,8.0
la,LA,55048408,0,1,270,8.0
la,LA,55048408,0,1,271,8.0
la,LA,55048408,0,1,272,7.0
la,LA,55048408,0,1,273,7.0
la,LA,55048408,0,1,274,7.0
la,LA,55048408,0,1,275,7.0
la,LA,55048408,0,1,276,7.0
la,LA,55048408,0,1,277,7.0
la,LA,55048408,0,1,278,7.0
la,LA,55048408,0,1,279,7.0
la,LA,55048408,0,1,280,7.0
la,LA,55048408,0,1,281,7.0
la,LA,55048408,0,1,282,7.0
la,LA,55048408,0,1,283,7.0
la,LA,55048408,0,1,284,7.0
la,LA,55048408,0,1,285,7.0
la,LA,55048408,0,1,286,7.0
la,LA,55048408,0,1,287,7.0
la,LA,55048408,0,1,288,6.0
la,LA,55048408,0,1,289,6.0
la,LA,55048408,0,1,290,6.0
la,LA,55048408,0,1,291,6.0
la,LA,55048408,0,1,292,6.0
la,LA,55048408,0,1,293,6.0
la,LA,55048408,0,1,294,6.0
la,LA,55048408,0,1,295,6.0
la,LA,55048408,0,1,296,6.0
la,LA,55048408,0,1,297,6.0
la,LA,55048408,0,1,298,6.0
la,LA,55048408,0,1,299,6.0
la,LA,55048408,0,1,300,6.0
la,LA,55048408,0,1,301,6.0
la,LA,55048408,0,1,302,6.0
la,LA,55048408,0,1,303,6.0
la,LA,55048408,0,1,304,6.0
la,LA,55048408,0,1,305,6.0
la,LA,55048408,0,1,306,6.0
la,LA,55048408,0,1,307,6.0
la,LA,55048408,0,1,308,6.0
la,LA,55048408,0,1,309,6.0
la,LA,55048408,0,1,310,6.0
la,LA,55048408,0,1,311,6.0
la,LA,55048408,0,1,312,5.0
la,LA,55048408,0,1,313,5.0
la,LA,55048408,0,1,314,5.0
la,LA,55048408,0,1,315,5.0
la,LA,55048408,0,1,316,5.0
la,LA,55048408,0,1,317,5.0
la,LA,55048408,0,1,318,5.0
la,LA,55048408,0,1,319,5.0
la,LA,55048408,0,1,320,4.0
la,LA,55048408,0,1,321,4.0
la,LA,55048408,0,1,322,4.0
la,LA,55048408,0,1,323,4.0
la,LA,55048408,0,1,324,4.0
la,LA,55048408,0,1,325,4.0
la,LA,55048408,0,1,326,4.0
la,LA,55048408,0,1,327,4.0
la,LA,55048408,0,1,328,3.0
la,LA,55048408,0,1,329,3.0
la,LA,55048408,0,1,330,3.0
la,LA,55048408,0,1,331,3.0
la,LA,55048408,0,1,332,3.0
la,LA,55048408,0,1,333,3.0
la,LA,55048408,0,1,334,3.0
la,LA,55048408,0,1,335,3.0
la,LA,55048408,0,1,336,2.0
la,LA,55048408,0,1,337,2.0
la,LA,55048408,0,1,338,2.0
la,LA,55048408,0,1,339,2.0
la,LA,55048408,0,1,340,2.0
la,LA,55048408,0,1,341,2.0
la,LA,55048408,0,1,342,2.0
la,LA,55048408,0,1,343,2.0
la,LA,55048408,0,1,344,2.0
la,LA,55048408,0,1,345,2.0
la,LA,55048408,0,1,346,2.0
la,LA,55048408,0,1,347,2.0
la,LA,55048408,0,1,348,1.0
la,LA,55048408,0,1,349,1.0
la,LA,55048408,0,1,350,1.0
la,LA,55048408,0,1,351,1.0
la,LA,55048408,0,1,352,1.0
la,LA,55048408,0,1,353,1.0
la,LA,55048408,0,1,354,1.0
la,LA,55048408,0,1,355,1.0
la,LA,55048408,0,2,0,16.0
la,LA,55048408,0,2,1,16.0
la,LA,55048408,0,2,2,16.0
la,LA,55048408,0,2,3,16.0
la,LA,55048408,0,2,4,16.0
la,LA,55048408,0,2,5,16.0
la,LA,55048408,0,2,6,16.0
la,LA,55048408,0,2,7,16.0
la,LA,55048408,0,2,8,16.0
la,LA,55048408,0,2,9,16.0
la,LA,55048408,0,2,10,16.0
la,LA,55048408,0,2,11,16.0
la,LA,55048408,0,2,12,16.0
la,LA,55048408,0,2,13,16.0
la,LA,55048408,0,2,14,16.0
la,LA,55048408,0,2,15,16.0
la,LA,55048408,0,2,16,16.0
la,LA,55048408,0,2,17,16.0
la,LA,55048408,0,2,18,16.0
la,LA,55048408,0,2,19,16.0
la,LA,55048408,0,2,20,16.0
la,LA,55048408,0,2,21,16.0
la,LA,55048408,0,2,22,16.0
la,LA,55048408,0,2,23,16.0
la,LA,55048408,0,2,24,16.0
la,LA,55048408,0,2,25,16.0
la,LA,55048408,0,2,26,16.0
la,LA,55048408,0,2,27,16.0
la,LA,55048408,0,2,28,15.0
la,LA,55048408,0,2,29,15.0
la,LA,55048408,0,2,30,15.0
la,LA,55048408,0,2,31,15.0
la,LA,55048408,0,2,32,11.0
la,LA,55048408,0,2,33,11.0
la,LA,55048408,0,2,34,11.0
la,LA,55048408,0,2,35,11.0
la,LA,55048408,0,2,36,11.0
la,LA,55048408,0,2,37,11.0
la,LA,55048408,0,2,38,11.0
la,LA,55048408,0,2,39,11.0
la,LA,55048408,0,2,40,11.0
la,LA,55048408,0,2,41,11.0
la,LA,55048408,0,2,42,11.0
la,LA,55048408,0,2,43,11.0
la,LA,55048408,0,2,44,11.0
la,LA,55048408,0,2,45,11.0
la,LA,55048408,0,2,46,11.0
la,LA,55048408,0,2,47,11.0
la,LA,55048408,0,2,48,11.0
la,LA,55048408,0,2,49,11.0
la,LA,55048408,0,2,50,11.0
la,LA,55048408,0,2,51,11.0
la,LA,55048408,0,2,52,11.0
la,LA,55048408,0,2,53,11.0
la,LA,55048408,0,2,54,11.0
la,LA,55048408,0,2,55,11.0
la,LA,55048408,0,2,56,11.0
la,LA,55048408,0,2,57,11.0
la,LA,55048408,0,2,58,11.0
la,LA,55048408,0,2,59,11.0
la,LA,55048408,0,2,60,11.0
la,LA,55048408,0,2,61,11.0
la,LA,55048408,0,2,62,11.0
la,LA,55048408,0,2,63,11.0
la,LA,55048408,0,2,64,11.0
la,LA,55048408,0,2,65,11.0
la,LA,55048408,0,2,66,11.0
la,LA,55048408,0,2,67,11.0
la,LA,55048408,0,2,68,11.0
la,LA,55048408,0,2,69,11.0
la,LA,55048408,0,2,70,11.0
la,LA,55048408,0,2,71,11.0
la,LA,55048408,0,2,72,11.0
la,LA,55048408,0,2,73,11.0
la,LA,55048408,0,2,74,11.0
la,LA,55048408,0,2,75,11.0
la,LA,55048408,0,2,76,11.0
la,LA,55048408,0,2,77,11.0
la,LA,55048408,0,2,78,11.0
la,LA,55048408,0,2,79,11.0
la,LA,55048408,0,2,80,11.0
la,LA,55048408,0,2,81,11.0
la,LA,55048408,0,2,82,11.0
la,LA,55048408,0,2,83,11.0
la,LA,55048408,0,2,84,11.0
la,LA,55048408,0,2,85,11.0
la,LA,55048408,0,2,86,11.0
la,LA,55048408,0,2,87,11.0
la,LA,55048408,0,2,88,11.0
la,LA,55048408,0,2,89,11.0
la,LA,55048408,0,2,90,11.0
la,LA,55048408,0,2,91,11.0
la,LA,55048408,0,2,92,11.0
la,LA,55048408,0,2,93,11.0
la,LA,55048408,0,2,94,11.0
la,LA,55048408,0,2,95,11.0
la,LA,55048408,0,2,96,11.0
la,LA,55048408,0,2,97,11.0
la,LA,55048408,0,2,98,11.0
la,LA,55048408,0,2,99,11.0
la,LA,55048408,0,2,100,10.0
la,LA,55048408,0,2,101,10.0
la,LA,55048408,0,2,102,10.0
la,LA,55048408,0,2,103,10.0
la,LA,55048408,0,2,104,10.0
la,LA,55048408,0,2,105,10.0
la,LA,55048408,0,2,106,10.0
la,LA,55048408,0,2,107,10.0
la,LA,55048408,0,2,108,10.0
la,LA,55048408,0,2,109,10.0
la,LA,55048408,0,2,110,10.0
la,LA,55048408,0,2,111,10.0
la,LA,55048408,0,2,112,10.0
la,LA,55048408,0,2,113,10.0
la,LA,55048408,0,2,114,10.0
la,LA,55048408,0,2,115,10.0
la,LA,55048408,0,2,116,10.0
la,LA,55048408,0,2,117,10.0
la,LA,55048408,0,2,118,10.0
la,LA,55048408,0,2,119,10.0
la,LA,55048408,0,2,120,10.0
la,LA,55048408,0,2,121,10.0
la,LA,55048408,0,2,122,10.0
la,LA,55048408,0,2,123,10.0
la,LA,55048408,0,2,124,10.0
la,LA,55048408,0,2,125,10.0
la,LA,55048408,0,2,126,10.0
la,LA,55048408,0,2,127,10.0
la,LA,55048408,0,2,128,10.0
la,LA,55048408,0,2,129,10.0
la,LA,55048408,0,2,130,10.0
la,LA,55048408,0,2,131,10.0
la,LA,55048408,0,2,132,10.0
la,LA,55048408,0,2,133,10.0
la,LA,55048408,0,2,134,10.0
la,LA,55048408,0,2,135,10.0
la,LA,55048408,0,2,136,10.0
la,LA,55048408,0,2,137,10.0
la,LA,55048408,0,2,138,10.0
la,LA,55048408,0,2,139,10.0
la,LA,55048408,0,2,140,9.0
la,LA,55048408,0,2,141,9.0
la,LA,55048408,0,2,142,9.0
la,LA,55048408,0,2,143,9.0
la,LA,55048408,0,2,144,9.0
la,LA,55048408,0,2,145,9.0
la,LA,55048408,0,2,146,9.0
la,LA,55048408,0,2,147,9.0
la,LA,55048408,0,2,148,9.0
la,LA,55048408,0,2,149,9.0
la,LA,55048408,0,2,150,9.0
la,LA,55048408,0,2,151,9.0
la,LA,55048408,0,2,152,9.0
la,LA,55048408,0,2,153,9.0
la,LA,55048408,0,2,154,9.0
la,LA,55048408,0,2,155,9.0
la,LA,55048408,0,2,156,9.0
la,LA,55048408,0,2,157,9.0
la,LA,55048408,0,2,158,9.0
la,LA,55048408,0,2,159,9.0
la,LA,55048408,0,2,160,9.0
la,LA,55048408,0,2,161,9.0
la,LA,55048408,0,2,162,9.0
la,LA,55048408,0,2,163,9.0
la,LA,55048408,0,2,164,9.0
la,LA,55048408,0,2,165,9.0
la,LA,55048408,0,2,166,9.0
la,LA,55048408,0,2,167,9.0
la,LA,55048408,0,2,168,9.0
la,LA,55048408,0,2,169,9.0
la,LA,55048408,0,2,170,9.0
la,LA,55048408,0,2,171,9.0
la,LA,55048408,0,2,172,8.0
la,LA,55048408,0,2,173,8.0
la,LA,55048408,0,2,174,8.0
la,LA,55048408,0,2,175,8.0
la,LA,55048408,0,2,176,8.0
la,LA,55048408,0,2,177,8.0
la,LA,55048408,0,2,178,8.0
la,LA,55048408,0,2,179,8.0
la,LA,55048408,0,2,180,8.0
la,LA,55048408,0,2,181,8.0
la,LA,55048408,0,2,182,8.0
la,LA,55048408,0,2,183,8.0
la,LA,55048408,0,2,184,8.0
la,LA,55048408,0,2,185,8.0
la,LA,55048408,0,2,186,8.0
la,LA,55048408,0,2,187,8.0
la,LA,55048408,0,2,188,8.0
la,LA,55048408,0,2,189,8.0
la,LA,55048408,0,2,190,8.0
la,LA,55048408,0,2,191,8.0
la,LA,55048408,0,2,192,8.0
la,LA,55048408,0,2,193,8.0
la,LA,55048408,0,2,194,8.0
la,LA,55048408,0,2,195,8.0
la,LA,55048408,0,2,196,8.0
la,LA,55048408,0,2,197,8.0
la,LA,55048408,0,2,198,8.0
la,LA,55048408,0,2,199,8.0
la,LA,55048408,0,2,200,8.0
la,LA,55048408,0,2,201,8.0
la,LA,55048408,0,2,202,8.0
la,LA,55048408,0,2,203,8.0
la,LA,55048408,0,2,204,8.0
la,LA,55048408,0,2,205,8.0
la,LA,55048408,0,2,206,8.0
la,LA,55048408,0,2,207,8.0
la,LA,55048408,0,2,208,8.0
la,LA,55048408,0,2,209,8.0
la,LA,55048408,0,2,210,8.0
la,LA,55048408,0,2,211,8.0
la,LA,55048408,0,2,212,8.0
la,LA,55048408,0,2,213,8.0
la,LA,55048408,0,2,214,8.0
la,LA,55048408,0,2,215,8.0
la,LA,55048408,0,2,216,8.0
la,LA,55048408,0,2,217,8.0
la,LA,55048408,0,2,218,8.0
la,LA,55048408,0,2,219,8.0
la,LA,55048408,0,2,220,8.0
la,LA,55048408,0,2,221,8.0
la,LA,55048408,0,2,222,8.0
la,LA,55048408,0,2,223,8.0
la,LA,55048408,0,2,224,8.0
la,LA,55048408,0,2,225,8.0
la,LA,55048408,0,2,226,8.0
la,LA,55048408,0,2,227,8.0
la,LA,55048408,0,2,228,8.0
la,LA,55048408,0,2,229,8.0
la,LA,55048408,0,2,230,8.0
la,LA,55048408,0,2,231,8.0
la,LA,55048408,0,2,232,8.0
la,LA,55048408,0,2,233,8.0
la,LA,55048408,0,2,234,8.0
la,LA,55048408,0,2,235,8.0
la,LA,55048408,0,2,236,8.0
la,LA,55048408,0,2,237,8.0
la,LA,55048408,0,2,238,8.0
la,LA,55048408,0,2,239,8.0
la,LA,55048408,0,2,240,8.0
la,LA,55048408,0,2,241,8.0
la,LA,55048408,0,2,242,8.0
la,LA,55048408,0,2,243,8.0
la,LA,55048408,0,2,244,8.0
la,LA,55048408,0,2,245,8.0
la,LA,55048408,0,2,246,8.0
la,LA,55048408,0,2,247,8.0
la,LA,55048408,0,2,248,8.0
la,LA,55048408,0,2,249,8.0
la,LA,55048408,0,2,250,8.0
la,LA,55048408,0,2,251,8.0
la,LA,55048408,0,2,252,8.0
la,LA,55048408,0,2,253,8.0
la,LA,55048408,0,2,254,8.0
la,LA,55048408,0,2,255,8.0
la,LA,55048408,0,2,256,8.0
la,LA,55048408,0,2,257,8.0
la,LA,55048408,0,2,258,8.0
la,LA,55048408,0,2,259,8.0
la,LA,55048408,0,2,260,8.0
la,LA,55048408,0,2,261,8.0
la,LA,55048408,0,2,262,8.0
la,LA,55048408,0,2,263,8.0
la,LA,55048408,0,2,264,8.0
la,LA,55048408,0,2,265,8.0
la,LA,55048408,0,2,266,8.0
la,LA,55048408,0,2,267,8.0
la,LA,55048408,0,2,268,8.0
la,LA,55048408,0,2,269,8.0
la,LA,55048408,0,2,270,8.0
la,LA,55048408,0,2,271,8.0
la,LA,55048408,0,2,272,7.0
la,LA,55048408,0,2,273,7.0
la,LA,55048408,0,2,274,7.0
la,LA,55048408,0,2,275,7.0
la,LA,55048408,0,2,276,7.0
la,LA,55048408,0,2,277,7.0
la,LA,55048408,0,2,278,7.0
la,LA,55048408,0,2,279,7.0
la,LA,55048408,0,2,280,7.0
la,LA,55048408,0,2,281,7.0
la,LA,55048408,0,2,282,7.0
la,LA,55048408,0,2,283,7.0
la,LA,55048408,0,2,284,7.0
la,LA,55048408,0,2,285,7.0
la,LA,55048408,0,2,286,7.0
la,LA,55048408,0,2,287,7.0
la,LA,55048408,0,2,288,6.0
la,LA,55048408,0,2,289,6.0
la,LA,55048408,0,2,290,6.0
la,LA,55048408,0,2,291,6.0
la,LA,55048408,0,2,292,6.0
la,LA,55048408,0,2,293,6.0
la,LA,55048408,0,2,294,6.0
la,LA,55048408,0,2,295,6.0
la,LA,55048408,0,2,296,6.0
la,LA,55048408,0,2,297,6.0
la,LA,55048408,0,2,298,6.0
la,LA,55048408,0,2,299,6.0
la,LA,55048408,0,2,300,6.0
la,LA,55048408,0,2,301,6.0
la,LA,55048408,0,2,302,6.0
la,LA,55048408,0,2,303,6.0
la,LA,55048408,0,2,304,6.0
la,LA,55048408,0,2,305,6.0
la,LA,55048408,0,2,306,6.0
la,LA,55048408,0,2,307,6.0
la,LA,55048408,0,2,308,6.0
la,LA,55048408,0,2,309,6.0
la,LA,55048408,0,2,310,6.0
la,LA,55048408,0,2,311,6.0
la,LA,55048408,0,2,312,5.0
la,LA,55048408,0,2,313,5.0
la,LA,55048408,0,2,314,5.0
la,LA,55048408,0,2,315,5.0
la,LA,55048408,0,2,316,5.0
la,LA,55048408,0,2,317,5.0
la,LA,55048408,0,2,318,5.0
la,LA,55048408,0,2,319,5.0
la,LA,55048408,0,2,320,4.0
la,LA,55048408,0,2,321,4.0
la,LA,55048408,0,2,322,4.0
la,LA,55048408,0,2,323,4.0
la,LA,55048408,0,2,324,4.0
la,LA,55048408,0,2,325,4.0
la,LA,55048408,0,2,326,4.0
la,LA,55048408,0,2,327,4.0
la,LA,55048408,0,2,328,3.0
la,LA,55048408,0,2,329,3.0
la,LA,55048408,0,2,330,3.0
la,LA,55048408,0,2,331,3.0
la,LA,55048408,0,2,332,3.0
la,LA,55048408,0,2,333,3.0
la,LA,55048408,0,2,334,3.0
la,LA,55048408,0,2,335,3.0
la,LA,55048408,0,2,336,2.0
la,LA,55048408,0,2,337,2.0
la,LA,55048408,0,2,338,2.0
la,LA,55048408,0,2,339,2.0
la,LA,55048408,0,2,340,2.0
la,LA,55048408,0,2,341,2.0
la,LA,55048408,0,2,342,2.0
la,LA,55048408,0,2,343,2.0
la,LA,55048408,0,2,344,2.0
la,LA,55048408,0,2,345,2.0
la,LA,55048408,0,2,346,2.0
la,LA,55048408,0,2,347,2.0
la,LA,55048408,0,2,348,1.0
la,LA,55048408,0,2,349,1.0
la,LA,55048408,0,2,350,1.0
la,LA,55048408,0,2,351,1.0
la,LA,55048408,0,2,352,1.0
la,LA,55048408,0,2,353,1.0
la,LA,55048408,0,2,354,1.0
la,LA,55048408,0,2,355,1.0
la,LA,55048408,1,0,0,16.0
la,LA,55048408,1,0,1,16.0
la,LA,55048408,1,0,2,16.0
la,LA,55048408,1,0,3,16.0
la,LA,55048408,1,0,4,16.0
la,LA,55048408,1,0,5,16.0
la,LA,55048408,1,0,6,16.0
la,LA,55048408,1,0,7,16.0
la,LA,55048408,1,0,8,16.0
la,LA,55048408,1,0,9,16.0
la,LA,55048408,1,0,10,16.0
la,LA,55048408,1,0,11,16.0
la,LA,55048408,1,0,12,16.0
la,LA,55048408,1,0,13,16.0
la,LA,55048408,1,0,14,16.0
la,LA,55048408,1,0,15,16.0
la,LA,55048408,1,0,16,16.0
la,LA,55048408,1,0,17,16.0
la,LA,55048408,1,0,18,16.0
la,LA,55048408,1,0,19,16.0
la,LA,55048408,1,0,20,16.0
la,LA,55048408,1,0,21,16.0
la,LA,55048408,1,0,22,16.0
la,LA,55048408,1,0,23,16.0
la,LA,55048408,1,0,24,16.0
la,LA,55048408,1,0,25,16.0
la,LA,55048408,1,0,26,16.0
la,LA,55048408,1,0,27,16.0
la,LA,55048408,1,0,28,15.0
la,LA,55048408,1,0,29,15.0
la,LA,55048408,1,0,30,15.0
la,LA,55048408,1,0,31,15.0
la,LA,55048408,1,0,32,11.0
la,LA,55048408,1,0,33,11.0
la,LA,55048408,1,0,34,11.0
la,LA,55048408,1,0,35,11.0
la,LA,55048408,1,0,36,11.0
la,LA,55048408,1,0,37,11.0
la,LA,55048408,1,0,38,11.0
la,LA,55048408,1,0,39,11.0
la,LA,55048408,1,0,40,11.0
la,LA,55048408,1,0,41,11.0
la,LA,55048408,1,0,42,11.0
la,LA,55048408,1,0,43,11.0
la,LA,55048408,1,0,44,11.0
la,LA,55048408,1,0,45,11.0
la,LA,55048408,1,0,46,11.0
la,LA,55048408,1,0,47,11.0
la,LA,55048408,1,0,48,11.0
la,LA,55048408,1,0,49,11.0
la,LA,55048408,1,0,50,11.0
la,LA,55048408,1,0,51,11.0
la,LA,55048408,1,0,52,11.0
la,LA,55048408,1,0,53,11.0
la,LA,55048408,1,0,54,11.0
la,LA,55048408,1,0,55,11.0
la,LA,55048408,1,0,56,11.0
la,LA,55048408,1,0,57,11.0
la,LA,55048408,1,0,58,11.0
la,LA,55048408,1,0,59,11.0
la,LA,55048408,1,0,60,11.0
la,LA,55048408,1,0,61,11.0
la,LA,55048408,1,0,62,11.0
la,LA,55048408,1,0,63,11.0
la,LA,55048408,1,0,64,11.0
la,LA,55048408,1,0,65,11.0
la,LA,55048408,1,0,66,11.0
la,LA,55048408,1,0,67,11.0
la,LA,55048408,1,0,68,11.0
la,LA,55048408,1,0,69,11.0
la,LA,55048408,1,0,70,11.0
la,LA,55048408,1,0,71,11.0
la,LA,55048408,1,0,72,11.0
la,LA,55048408,1,0,73,11.0
la,LA,55048408,1,0,74,11.0
la,LA,55048408,1,0,75,11.0
la,LA,55048408,1,0,76,11.0
la,LA,55048408,1,0,77,11.0
la,LA,55048408,1,0,78,11.0
la,LA,55048408,1,0,79,11.0
la,LA,55048408,1,0,80,11.0
la,LA,55048408,1,0,81,11.0
la,LA,55048408,1,0,82,11.0
la,LA,55048408,1,0,83,11.0
la,LA,55048408,1,0,84,11.0
la,LA,55048408,1,0,85,11.0
la,LA,55048408,1,0,86,11.0
la,LA,55048408,1,0,87,11.0
la,LA,55048408,1,0,88,11.0
la,LA,55048408,1,0,89,11.0
la,LA,55048408,1,0,90,11.0
la,LA,55048408,1,0,91,11.0
la,LA,55048408,1,0,92,11.0
la,LA,55048408,1,0,93,11.0
la,LA,55048408,1,0,94,11.0
la,LA,55048408,1,0,95,11.0
la,LA,55048408,1,0,96,11.0
la,LA,55048408,1,0,97,11.0
la,LA,55048408,1,0,98,11.0
la,LA,55048408,1,0,99,11.0
la,LA,55048408,1,0,100,10.0
la,LA,55048408,1,0,101,10.0
la,LA,55048408,1,0,102,10.0
la,LA,55048408,1,0,103,10.0
la,LA,55048408,1,0,104,10.0
la,LA,55048408,1,0,105,10.0
la,LA,55048408,1,0,106,10.0
la,LA,55048408,1,0,107,10.0
la,LA,55048408,1,0,108,10.0
la,LA,55048408,1,0,109,10.0
la,LA,55048408,1,0,110,10.0
la,LA,55048408,1,0,111,10.0
la,LA,55048408,1,0,112,10.0
la,LA,55048408,1,0,113,10.0
la,LA,55048408,1,0,114,10.0
la,LA,55048408,1,0,115,10.0
la,LA,55048408,1,0,116,10.0
la,LA,55048408,1,0,117,10.0
la,LA,55048408,1,0,118,10.0
la,LA,55048408,1,0,119,10.0
la,LA,55048408,1,0,120,10.0
la,LA,55048408,1,0,121,10.0
la,LA,55048408,1,0,122,10.0
la,LA,55048408,1,0,123,10.0
la,LA,55048408,1,0,124,10.0
la,LA,55048408,1,0,125,10.0
la,LA,55048408,1,0,126,10.0
la,LA,55048408,1,0,127,10.0
la,LA,55048408,1,0,128,10.0
la,LA,55048408,1,0,129,10.0
la,LA,55048408,1,0,130,10.0
la,LA,55048408,1,0,131,10.0
la,LA,55048408,1,0,132,10.0
la,LA,55048408,1,0,133,10.0
la,LA,55048408,1,0,134,10.0
la,LA,55048408,1,0,135,10.0
la,LA,55048408,1,0,136,10.0
la,LA,55048408,1,0,137,10.0
la,LA,55048408,1,0,138,10.0
la,LA,55048408,1,0,139,10.0
la,LA,55048408,1,0,140,9.0
la,LA,55048408,1,0,141,9.0
la,LA,55048408,1,0,142,9.0
la,LA,55048408,1,0,143,9.0
la,LA,55048408,1,0,144,9.0
la,LA,55048408,1,0,145,9.0
la,LA,55048408,1,0,146,9.0
la,LA,55048408,1,0,147,9.0
la,LA,55048408,1,0,148,9.0
la,LA,55048408,1,0,149,9.0
la,LA,55048408,1,0,150,9.0
la,LA,55048408,1,0,151,9.0
la,LA,55048408,1,0,152,9.0
la,LA,55048408,1,0,153,9.0
la,LA,55048408,1,0,154,9.0
la,LA,55048408,1,0,155,9.0
la,LA,55048408,1,0,156,9.0
la,LA,55048408,1,0,157,9.0
la,LA,55048408,1,0,158,9.0
la,LA,55048408,1,0,159,9.0
la,LA,55048408,1,0,160,9.0
la,LA,55048408,1,0,161,9.0
la,LA,55048408,1,0,162,9.0
la,LA,55048408,1,0,163,9.0
la,LA,55048408,1,0,164,9.0
la,LA,55048408,1,0,165,9.0
la,LA,55048408,1,0,166,9.0
la,LA,55048408,1,0,167,9.0
la,LA,55048408,1,0,168,9.0
la,LA,55048408,1,0,169,9.0
la,LA,55048408,1,0,170,9.0
la,LA,55048408,1,0,171,9.0
la,LA,55048408,1,0,172,8.0
la,LA,55048408,1,0,173,8.0
la,LA,55048408,1,0,174,8.0
la,LA,55048408,1,0,175,8.0
la,LA,55048408,1,0,176,8.0
la,LA,55048408,1,0,177,8.0
la,LA,55048408,1,0,178,8.0
la,LA,55048408,1,0,179,8.0
la,LA,55048408,1,0,180,8.0
la,LA,55048408,1,0,181,8.0
la,LA,55048408,1,0,182,8.0
la,LA,55048408,1,0,183,8.0
la,LA,55048408,1,0,184,8.0
la,LA,55048408,1,0,185,8.0
la,LA,55048408,1,0,186,8.0
la,LA,55048408,1,0,187,8.0
la,LA,55048408,1,0,188,8.0
la,LA,55048408,1,0,189,8.0
la,LA,55048408,1,0,190,8.0
la,LA,55048408,1,0,191,8.0
la,LA,55048408,1,0,192,8.0
la,LA,55048408,1,0,193,8.0
la,LA,55048408,1,0,194,8.0
la,LA,55048408,1,0,195,8.0
la,LA,55048408,1,0,196,8.0
la,LA,55048408,1,0,197,8.0
la,LA,55048408,1,0,198,8.0
la,LA,55048408,1,0,199,8.0
la,LA,55048408,1,0,200,8.0
la,LA,55048408,1,0,201,8.0
la,LA,55048408,1,0,202,8.0
la,LA,55048408,1,0,203,8.0
la,LA,55048408,1,0,204,8.0
la,LA,55048408,1,0,205,8.0
la,LA,55048408,1,0,206,8.0
la,LA,55048408,1,0,207,8.0
la,LA,55048408,1,0,208,8.0
la,LA,55048408,1,0,209,8.0
la,LA,55048408,1,0,210,8.0
la,LA,55048408,1,0,211,8.0
la,LA,55048408,1,0,212,8.0
la,LA,55048408,1,0,213,8.0
la,LA,55048408,1,0,214,8.0
la,LA,55048408,1,0,215,8.0
la,LA,55048408,1,0,216,8.0
la,LA,55048408,1,0,217,8.0
la,LA,55048408,1,0,218,8.0
la,LA,55048408,1,0,219,8.0
la,LA,55048408,1,0,220,8.0
la,LA,55048408,1,0,221,8.0
la,LA,55048408,1,0,222,8.0
la,LA,55048408,1,0,223,8.0
la,LA,55048408,1,0,224,8.0
la,LA,55048408,1,0,225,8.0
la,LA,55048408,1,0,226,8.0
la,LA,55048408,1,0,227,8.0
la,LA,55048408,1,0,228,8.0
la,LA,55048408,1,0,229,8.0
la,LA,55048408,1,0,230,8.0
la,LA,55048408,1,0,231,8.0
la,LA,55048408,1,0,232,8.0
la,LA,55048408,1,0,233,8.0
la,LA,55048408,1,0,234,8.0
la,LA,55048408,1,0,235,8.0
la,LA,55048408,1,0,236,8.0
la,LA,55048408,1,0,237,8.0
la,LA,55048408,1,0,238,8.0
la,LA,55048408,1,0,239,8.0
la,LA,55048408,1,0,240,8.0
la,LA,55048408,1,0,241,8.0
la,LA,55048408,1,0,242,8.0
la,LA,55048408,1,0,243,8.0
la,LA,55048408,1,0,244,8.0
la,LA,55048408,1,0,245,8.0
la,LA,55048408,1,0,246,8.0
la,LA,55048408,1,0,247,8.0
la,LA,55048408,1,0,248,8.0
la,LA,55048408,1,0,249,8.0
la,LA,55048408,1,0,250,8.0
la,LA,55048408,1,0,251,8.0
la,LA,55048408,1,0,252,8.0
la,LA,55048408,1,0,253,8.0
la,LA,55048408,1,0,254,8.0
la,LA,55048408,1,0,255,8.0
la,LA,55048408,1,0,256,8.0
la,LA,55048408,1,0,257,8.0
la,LA,55048408,1,0,258,8.0
la,LA,55048408,1,0,259,8.0
la,LA,55048408,1,0,260,8.0
la,LA,55048408,1,0,261,8.0
la,LA,55048408,1,0,262,8.0
la,LA,55048408,1,0,263,8.0
la,LA,55048408,1,0,264,8.0
la,LA,55048408,1,0,265,8.0
la,LA,55048408,1,0,266,8.0
la,LA,55048408,1,0,267,8.0
la,LA,55048408,1,0,268,8.0
la,LA,55048408,1,0,269,8.0
la,LA,55048408,1,0,270,8.0
la,LA,55048408,1,0,271,8.0
la,LA,55048408,1,0,272,7.0
la,LA,55048408,1,0,273,7.0
la,LA,55048408,1,0,274,7.0
la,LA,55048408,1,0,275,7.0
la,LA,55048408,1,0,276,7.0
la,LA,55048408,1,0,277,7.0
la,LA,55048408,1,0,278,7.0
la,LA,55048408,1,0,279,7.0
la,LA,55048408,1,0,280,7.0
la,LA,55048408,1,0,281,7.0
la,LA,55048408,1,0,282,7.0
la,LA,55048408,1,0,283,7.0
la,LA,55048408,1,0,284,7.0
la,LA,55048408,1,0,285,7.0
la,LA,55048408,1,0,286,7.0
la,LA,55048408,1,0,287,7.0
la,LA,55048408,1,0,288,6.0
la,LA,55048408,1,0,289,6.0
la,LA,55048408,1,0,290,6.0
la,LA,55048408,1,0,291,6.0
la,LA,55048408,1,0,292,6.0
la,LA,55048408,1,0,293,6.0
la,LA,55048408,1,0,294,6.0
la,LA,55048408,1,0,295,6.0
la,LA,55048408,1,0,296,6.0
la,LA,55048408,1,0,297,6.0
la,LA,55048408,1,0,298,6.0
la,LA,55048408,1,0,299,6.0
la,LA,55048408,1,0,300,6.0
la,LA,55048408,1,0,301,6.0
la,LA,55048408,1,0,302,6.0
la,LA,55048408,1,0,303,6.0
la,LA,55048408,1,0,304,6.0
la,LA,55048408,1,0,305,6.0
la,LA,55048408,1,0,306,6.0
la,LA,55048408,1,0,307,6.0
la,LA,55048408,1,0,308,6.0
la,LA,55048408,1,0,309,6.0
la,LA,55048408,1,0,310,6.0
la,LA,55048408,1,0,311,6.0
la,LA,55048408,1,0,312,5.0
la,LA,55048408,1,0,313,5.0
la,LA,55048408,1,0,314,5.0
la,LA,55048408,1,0,315,5.0
la,LA,55048408,1,0,316,5.0
la,LA,55048408,1,0,317,5.0
la,LA,55048408,1,0,318,5.0
la,LA,55048408,1,0,319,5.0
la,LA,55048408,1,0,320,4.0
la,LA,55048408,1,0,321,4.0
la,LA,55048408,1,0,322,4.0
la,LA,55048408,1,0,323,4.0
la,LA,55048408,1,0,324,4.0
la,LA,55048408,1,0,325,4.0
la,LA,55048408,1,0,326,4.0
la,LA,55048408,1,0,327,4.0
la,LA,55048408,1,0,328,3.0
la,LA,55048408,1,0,329,3.0
la,LA,55048408,1,0,330,3.0
la,LA,55048408,1,0,331,3.0
la,LA,55048408,1,0,332,3.0
la,LA,55048408,1,0,333,3.0
la,LA,55048408,1,0,334,3.0
la,LA,55048408,1,0,335,3.0
la,LA,55048408,1,0,336,2.0
la,LA,55048408,1,0,337,2.0
la,LA,55048408,1,0,338,2.0
la,LA,55048408,1,0,339,2.0
la,LA,55048408,1,0,340,2.0
la,LA,55048408,1,0,341,2.0
la,LA,55048408,1,0,342,2.0
la,LA,55048408,1,0,343,2.0
la,LA,55048408,1,0,344,2.0
la,LA,55048408,1,0,345,2.0
la,LA,55048408,1,0,346,2.0
la,LA,55048408,1,0,347,2.0
la,LA,55048408,1,0,348,1.0
la,LA,55048408,1,0,349,1.0
la,LA,55048408,1,0,350,1.0
la,LA,55048408,1,0,351,1.0
la,LA,55048408,1,0,352,1.0
la,LA,55048408,1,0,353,1.0
la,LA,55048408,1,0,354,1.0
la,LA,55048408,1,0,355,1.0
la,LA,55048408,1,1,0,16.0
la,LA,55048408,1,1,1,16.0
la,LA,55048408,1,1,2,16.0
la,LA,55048408,1,1,3,16.0
la,LA,55048408,1,1,4,16.0
la,LA,55048408,1,1,5,16.0
la,LA,55048408,1,1,6,16.0
la,LA,55048408,1,1,7,16.0
la,LA,55048408,1,1,8,16.0
la,LA,55048408,1,1,9,16.0
la,LA,55048408,1,1,10,16.0
la,LA,55048408,1,1,11,16.0
la,LA,55048408,1,1,12,16.0
la,LA,55048408,1,1,13,16.0
la,LA,55048408,1,1,14,16.0
la,LA,55048408,1,1,15,16.0
la,LA,55048408,1,1,16,16.0
la,LA,55048408,1,1,17,16.0
la,LA,55048408,1,1,18,16.0
la,LA,55048408,1,1,19,16.0
la,LA,55048408,1,1,20,16.0
la,LA,55048408,1,1,21,16.0
la,LA,55048408,1,1,22,16.0
la,LA,55048408,1,1,23,16.0
la,LA,55048408,1,1,24,16.0
la,LA,55048408,1,1,25,16.0
la,LA,55048408,1,1,26,16.0
la,LA,55048408,1,1,27,16.0
la,LA,55048408,1,1,28,15.0
la,LA,55048408,1,1,29,15.0
la,LA,55048408,1,1,30,15.0
la,LA,55048408,1,1,31,15.0
la,LA,55048408,1,1,32,11.0
la,LA,55048408,1,1,33,11.0
la,LA,55048408,1,1,34,11.0
la,LA,55048408,1,1,35,11.0
la,LA,55048408,1,1,36,11.0
la,LA,55048408,1,1,37,11.0
la,LA,55048408,1,1,38,11.0
la,LA,55048408,1,1,39,11.0
la,LA,55048408,1,1,40,11.0
la,LA,55048408,1,1,41,11.0
la,LA,55048408,1,1,42,11.0
la,LA,55048408,1,1,43,11.0
la,LA,55048408,1,1,44,11.0
la,LA,55048408,1,1,45,11.0
la,LA,55048408,1,1,46,11.0
la,LA,55048408,1,1,47,11.0
la,LA,55048408,1,1,48,11.0
la,LA,55048408,1,1,49,11.0
la,LA,55048408,1,1,50,11.0
la,LA,55048408,1,1,51,11.0
la,LA,55048408,1,1,52,11.0
la,LA,55048408,1,1,53,11.0
la,LA,55048408,1,1,54,11.0
la,LA,55048408,1,1,55,11.0
la,LA,55048408,1,1,56,11.0
la,LA,55048408,1,1,57,11.0
la,LA,55048408,1,1,58,11.0
la,LA,55048408,1,1,59,11.0
la,LA,55048408,1,1,60,11.0
la,LA,55048408,1,1,61,11.0
la,LA,55048408,1,1,62,11.0
la,LA,55048408,1,1,63,11.0
la,LA,55048408,1,1,64,11.0
la,LA,55048408,1,1,65,11.0
la,LA,55048408,1,1,66,11.0
la,LA,55048408,1,1,67,11.0
la,LA,55048408,1,1,68,11.0
la,LA,55048408,1,1,69,11.0
la,LA,55048408,1,1,70,11.0
la,LA,55048408,1,1,71,11.0
la,LA,55048408,1,1,72,11.0
la,LA,55048408,1,1,73,11.0
la,LA,55048408,1,1,74,11.0
la,LA,55048408,1,1,75,11.0
la,LA,55048408,1,1,76,11.0
la,LA,55048408,1,1,77,11.0
la,LA,55048408,1,1,78,11.0
la,LA,55048408,1,1,79,11.0
la,LA,55048408,1,1,80,11.0
la,LA,55048408,1,1,81,11.0
la,LA,55048408,1,1,82,11.0
la,LA,55048408,1,1,83,11.0
la,LA,55048408,1,1,84,11.0
la,LA,55048408,1,1,85,11.0
la,LA,55048408,1,1,86,11.0
la,LA,55048408,1,1,87,11.0
la,LA,55048408,1,1,88,11.0
la,LA,55048408,1,1,89,11.0
la,LA,55048408,1,1,90,11.0
la,LA,55048408,1,1,91,11.0
la,LA,55048408,1,1,92,11.0
la,LA,55048408,1,1,93,11.0
la,LA,55048408,1,1,94,11.0
la,LA,55048408,1,1,95,11.0
la,LA,55048408,1,1,96,11.0
la,LA,55048408,1,1,97,11.0
la,LA,55048408,1,1,98,11.0
la,LA,55048408,1,1,99,11.0
la,LA,55048408,1,1,100,10.0
la,LA,55048408,1,1,101,10.0
la,LA,55048408,1,1,102,10.0
la,LA,55048408,1,1,103,10.0
la,LA,55048408,1,1,104,10.0
la,LA,55048408,1,1,105,10.0
la,LA,55048408,1,1,106,10.0
la,LA,55048408,1,1,107,10.0
la,LA,55048408,1,1,108,10.0
la,LA,55048408,1,1,109,10.0
la,LA,55048408,1,1,110,10.0
la,LA,55048408,1,1,111,10.0
la,LA,55048408,1,1,112,10.0
la,LA,55048408,1,1,113,10.0
la,LA,55048408,1,1,114,10.0
la,LA,55048408,1,1,115,10.0
la,LA,55048408,1,1,116,10.0
la,LA,55048408,1,1,117,10.0
la,LA,55048408,1,1,118,10.0
la,LA,55048408,1,1,119,10.0
la,LA,55048408,1,1,120,10.0
la,LA,55048408,1,1,121,10.0
la,LA,55048408,1,1,122,10.0
la,LA,55048408,1,1,123,10.0
la,LA,55048408,1,1,124,10.0
la,LA,55048408,1,1,125,10.0
la,LA,55048408,1,1,126,10.0
la,LA,55048408,1,1,127,10.0
la,LA,55048408,1,1,128,10.0
la,LA,55048408,1,1,129,10.0
la,LA,55048408,1,1,130,10.0
la,LA,55048408,1,1,131,10.0
la,LA,55048408,1,1,132,10.0
la,LA,55048408,1,1,133,10.0
la,LA,55048408,1,1,134,10.0
la,LA,55048408,1,1,135,10.0
la,LA,55048408,1,1,136,10.0
la,LA,55048408,1,1,137,10.0
la,LA,55048408,1,1,138,10.0
la,LA,55048408,1,1,139,10.0
la,LA,55048408,1,1,140,9.0
la,LA,55048408,1,1,141,9.0
la,LA,55048408,1,1,142,9.0
la,LA,55048408,1,1,143,9.0
la,LA,55048408,1,1,144,9.0
la,LA,55048408,1,1,145,9.0
la,LA,55048408,1,1,146,9.0
la,LA,55048408,1,1,147,9.0
la,LA,55048408,1,1,148,9.0
la,LA,55048408,1,1,149,9.0
la,LA,55048408,1,1,150,9.0
la,LA,55048408,1,1,151,9.0
la,LA,55048408,1,1,152,9.0
la,LA,55048408,1,1,153,9.0
la,LA,55048408,1,1,154,9.0
la,LA,55048408,1,1,155,9.0
la,LA,55048408,1,1,156,9.0
la,LA,55048408,1,1,157,9.0
la,LA,55048408,1,1,158,9.0
la,LA,55048408,1,1,159,9.0
la,LA,55048408,1,1,160,9.0
la,LA,55048408,1,1,161,9.0
la,LA,55048408,1,1,162,9.0
la,LA,55048408,1,1,163,9.0
la,LA,55048408,1,1,164,9.0
la,LA,55048408,1,1,165,9.0
la,LA,55048408,1,1,166,9.0
la,LA,55048408,1,1,167,9.0
la,LA,55048408,1,1,168,9.0
la,LA,55048408,1,1,169,9.0
la,LA,55048408,1,1,170,9.0
la,LA,55048408,1,1,171,9.0
la,LA,55048408,1,1,172,8.0
la,LA,55048408,1,1,173,8.0
la,LA,55048408,1,1,174,8.0
la,LA,55048408,1,1,175,8.0
la,LA,55048408,1,1,176,8.0
la,LA,55048408,1,1,177,8.0
la,LA,55048408,1,1,178,8.0
la,LA,55048408,1,1,179,8.0
la,LA,55048408,1,1,180,8.0
la,LA,55048408,1,1,181,8.0
la,LA,55048408,1,1,182,8.0
la,LA,55048408,1,1,183,8.0
la,LA,55048408,1,1,184,8.0
la,LA,55048408,1,1,185,8.0
la,LA,55048408,1,1,186,8.0
la,LA,55048408,1,1,187,8.0
la,LA,55048408,1,1,188,8.0
la,LA,55048408,1,1,189,8.0
la,LA,55048408,1,1,190,8.0
la,LA,55048408,1,1,191,8.0
la,LA,55048408,1,1,192,8.0
la,LA,55048408,1,1,193,8.0
la,LA,55048408,1,1,194,8.0
la,LA,55048408,1,1,195,8.0
la,LA,55048408,1,1,196,8.0
la,LA,55048408,1,1,197,8.0
la,LA,55048408,1,1,198,8.0
la,LA,55048408,1,1,199,8.0
la,LA,55048408,1,1,200,8.0
la,LA,55048408,1,1,201,8.0
la,LA,55048408,1,1,202,8.0
la,LA,55048408,1,1,203,8.0
la,LA,55048408,1,1,204,8.0
la,LA,55048408,1,1,205,8.0
la,LA,55048408,1,1,206,8.0
la,LA,55048408,1,1,207,8.0
la,LA,55048408,1,1,208,8.0
la,LA,55048408,1,1,209,8.0
la,LA,55048408,1,1,210,8.0
la,LA,55048408,1,1,211,8.0
la,LA,55048408,1,1,212,8.0
la,LA,55048408,1,1,213,8.0
la,LA,55048408,1,1,214,8.0
la,LA,55048408,1,1,215,8.0
la,LA,55048408,1,1,216,8.0
la,LA,55048408,1,1,217,8.0
la,LA,55048408,1,1,218,8.0
la,LA,55048408,1,1,219,8.0
la,LA,55048408,1,1,220,8.0
la,LA,55048408,1,1,221,8.0
la,LA,55048408,1,1,222,8.0
la,LA,55048408,1,1,223,8.0
la,LA,55048408,1,1,224,8.0
la,LA,55048408,1,1,225,8.0
la,LA,55048408,1,1,226,8.0
la,LA,55048408,1,1,227,8.0
la,LA,55048408,1,1,228,8.0
la,LA,55048408,1,1,229,8.0
la,LA,55048408,1,1,230,8.0
la,LA,55048408,1,1,231,8.0
la,LA,55048408,1,1,232,8.0
la,LA,55048408,1,1,233,8.0
la,LA,55048408,1,1,234,8.0
la,LA,55048408,1,1,235,8.0
la,LA,55048408,1,1,236,8.0
la,LA,55048408,1,1,237,8.0
la,LA,55048408,1,1,238,8.0
la,LA,55048408,1,1,239,8.0
la,LA,55048408,1,1,240,8.0
la,LA,55048408,1,1,241,8.0
la,LA,55048408,1,1,242,8.0
la,LA,55048408,1,1,243,8.0
la,LA,55048408,1,1,244,8.0
la,LA,55048408,1,1,245,8.0
la,LA,55048408,1,1,246,8.0
la,LA,55048408,1,1,247,8.0
la,LA,55048408,1,1,248,8.0
la,LA,55048408,1,1,249,8.0
la,LA,55048408,1,1,250,8.0
la,LA,55048408,1,1,251,8.0
la,LA,55048408,1,1,252,8.0
la,LA,55048408,1,1,253,8.0
la,LA,55048408,1,1,254,8.0
la,LA,55048408,1,1,255,8.0
la,LA,55048408,1,1,256,8.0
la,LA,55048408,1,1,257,8.0
la,LA,55048408,1,1,258,8.0
la,LA,55048408,1,1,259,8.0
la,LA,55048408,1,1,260,8.0
la,LA,55048408,1,1,261,8.0
la,LA,55048408,1,1,262,8.0
la,LA,55048408,1,1,263,8.0
la,LA,55048408,1,1,264,8.0
la,LA,55048408,1,1,265,8.0
la,LA,55048408,1,1,266,8.0
la,LA,55048408,1,1,267,8.0
la,LA,55048408,1,1,268,8.0
la,LA,55048408,1,1,269,8.0
la,LA,55048408,1,1,270,8.0
la,LA,55048408,1,1,271,8.0
la,LA,55048408,1,1,272,7.0
la,LA,55048408,1,1,273,7.0
la,LA,55048408,1,1,274,7.0
la,LA,55048408,1,1,275,7.0
la,LA,55048408,1,1,276,7.0
la,LA,55048408,1,1,277,7.0
la,LA,55048408,1,1,278,7.0
la,LA,55048408,1,1,279,7.0
la,LA,55048408,1,1,280,7.0
la,LA,55048408,1,1,281,7.0
la,LA,55048408,1,1,282,7.0
la,LA,55048408,1,1,283,7.0
la,LA,55048408,1,1,284,7.0
la,LA,55048408,1,1,285,7.0
la,LA,55048408,1,1,286,7.0
la,LA,55048408,1,1,287,7.0
la,LA,55048408,1,1,288,6.0
la,LA,55048408,1,1,289,6.0
la,LA,55048408,1,1,290,6.0
la,LA,55048408,1,1,291,6.0
la,LA,55048408,1,1,292,6.0
la,LA,55048408,1,1,293,6.0
la,LA,55048408,1,1,294,6.0
la,LA,55048408,1,1,295,6.0
la,LA,55048408,1,1,296,6.0
la,LA,55048408,1,1,297,6.0
la,LA,55048408,1,1,298,6.0
la,LA,55048408,1,1,299,6.0
la,LA,55048408,1,1,300,6.0
la,LA,55048408,1,1,301,6.0
la,LA,55048408,1,1,302,6.0
la,LA,55048408,1,1,303,6.0
la,LA,55048408,1,1,304,6.0
la,LA,55048408,1,1,305,6.0
la,LA,55048408,1,1,306,6.0
la,LA,55048408,1,1,307,6.0
la,LA,55048408,1,1,308,6.0
la,LA,55048408,1,1,309,6.0
la,LA,55048408,1,1,310,6.0
la,LA,55048408,1,1,311,6.0
la,LA,55048408,1,1,312,5.0
la,LA,55048408,1,1,313,5.0
la,LA,55048408,1,1,314,5.0
la,LA,55048408,1,1,315,5.0
la,LA,55048408,1,1,316,5.0
la,LA,55048408,1,1,317,5.0
la,LA,55048408,1,1,318,5.0
la,LA,55048408,1,1,319,5.0
la,LA,55048408,1,1,320,4.0
la,LA,55048408,1,1,321,4.0
la,LA,55048408,1,1,322,4.0
la,LA,55048408,1,1,323,4.0
la,LA,55048408,1,1,324,4.0
la,LA,55048408,1,1,325,4.0
la,LA,55048408,1,1,326,4.0
la,LA,55048408,1,1,327,4.0
la,LA,55048408,1,1,328,3.0
la,LA,55048408,1,1,329,3.0
la,LA,55048408,1,1,330,3.0
la,LA,55048408,1,1,331,3.0
la,LA,55048408,1,1,332,3.0
la,LA,55048408,1,1,333,3.0
la,LA,55048408,1,1,334,3.0
la,LA,55048408,1,1,335,3.0
la,LA,55048408,1,1,336,2.0
la,LA,55048408,1,1,337,2.0
la,LA,55048408,1,1,338,2.0
la,LA,55048408,1,1,339,2.0
la,LA,55048408,1,1,340,2.0
la,LA,55048408,1,1,341,2.0
la,LA,55048408,1,1,342,2.0
la,LA,55048408,1,1,343,2.0
la,LA,55048408,1,1,344,2.0
la,LA,55048408,1,1,345,2.0
la,LA,55048408,1,1,346,2.0
la,LA,55048408,1,1,347,2.0
la,LA,55048408,1,1,348,1.0
la,LA,55048408,1,1,349,1.0
la,LA,55048408,1,1,350,1.0
la,LA,55048408,1,1,351,1.0
la,LA,55048408,1,1,352,1.0
la,LA,55048408,1,1,353,1.0
la,LA,55048408,1,1,354,1.0
la,LA,55048408,1,1,355,1.0
la,LA,55048408,1,2,0,16.0
la,LA,55048408,1,2,1,16.0
la,LA,55048408,1,2,2,16.0
la,LA,55048408,1,2,3,16.0
la,LA,55048408,1,2,4,16.0
la,LA,55048408,1,2,5,16.0
la,LA,55048408,1,2,6,16.0
la,LA,55048408,1,2,7,16.0
la,LA,55048408,1,2,8,16.0
la,LA,55048408,1,2,9,16.0
la,LA,55048408,1,2,10,16.0
la,LA,55048408,1,2,11,16.0
la,LA,55048408,1,2,12,16.0
la,LA,55048408,1,2,13,16.0
la,LA,55048408,1,2,14,16.0
la,LA,55048408,1,2,15,16.0
la,LA,55048408,1,2,16,16.0
la,LA,55048408,1,2,17,16.0
la,LA,55048408,1,2,18,16.0
la,LA,55048408,1,2,19,16.0
la,LA,55048408,1,2,20,16.0
la,LA,55048408,1,2,21,16.0
la,LA,55048408,1,2,22,16.0
la,LA,55048408,1,2,23,16.0
la,LA,55048408,1,2,24,16.0
la,LA,55048408,1,2,25,16.0
la,LA,55048408,1,2,26,16.0
la,LA,55048408,1,2,27,16.0
la,LA,55048408,1,2,28,15.0
la,LA,55048408,1,2,29,15.0
la,LA,55048408,1,2,30,15.0
la,LA,55048408,1,2,31,15.0
la,LA,55048408,1,2,32,11.0
la,LA,55048408,1,2,33,11.0
la,LA,55048408,1,2,34,11.0
la,LA,55048408,1,2,35,11.0
la,LA,55048408,1,2,36,11.0
la,LA,55048408,1,2,37,11.0
la,LA,55048408,1,2,38,11.0
la,LA,55048408,1,2,39,11.0
la,LA,55048408,1,2,40,11.0
la,LA,55048408,1,2,41,11.0
la,LA,55048408,1,2,42,11.0
la,LA,55048408,1,2,43,11.0
la,LA,55048408,1,2,44,11.0
la,LA,55048408,1,2,45,11.0
la,LA,55048408,1,2,46,11.0
la,LA,55048408,1,2,47,11.0
la,LA,55048408,1,2,48,11.0
la,LA,55048408,1,2,49,11.0
la,LA,55048408,1,2,50,11.0
la,LA,55048408,1,2,51,11.0
la,LA,55048408,1,2,52,11.0
la,LA,55048408,1,2,53,11.0
la,LA,55048408,1,2,54,11.0
la,LA,55048408,1,2,55,11.0
la,LA,55048408,1,2,56,11.0
la,LA,55048408,1,2,57,11.0
la,LA,55048408,1,2,58,11.0
la,LA,55048408,1,2,59,11.0
la,LA,55048408,1,2,60,11.0
la,LA,55048408,1,2,61,11.0
la,LA,55048408,1,2,62,11.0
la,LA,55048408,1,2,63,11.0
la,LA,55048408,1,2,64,11.0
la,LA,55048408,1,2,65,11.0
la,LA,55048408,1,2,66,11.0
la,LA,55048408,1,2,67,11.0
la,LA,55048408,1,2,68,11.0
la,LA,55048408,1,2,69,11.0
la,LA,55048408,1,2,70,11.0
la,LA,55048408,1,2,71,11.0
la,LA,55048408,1,2,72,11.0
la,LA,55048408,1,2,73,11.0
la,LA,55048408,1,2,74,11.0
la,LA,55048408,1,2,75,11.0
la,LA,55048408,1,2,76,11.0
la,LA,55048408,1,2,77,11.0
la,LA,55048408,1,2,78,11.0
la,LA,55048408,1,2,79,11.0
la,LA,55048408,1,2,80,11.0
la,LA,55048408,1,2,81,11.0
la,LA,55048408,1,2,82,11.0
la,LA,55048408,1,2,83,11.0
la,LA,55048408,1,2,84,11.0
la,LA,55048408,1,2,85,11.0
la,LA,55048408,1,2,86,11.0
la,LA,55048408,1,2,87,11.0
la,LA,55048408,1,2,88,11.0
la,LA,55048408,1,2,89,11.0
la,LA,55048408,1,2,90,11.0
la,LA,55048408,1,2,91,11.0
la,LA,55048408,1,2,92,11.0
la,LA,55048408,1,2,93,11.0
la,LA,55048408,1,2,94,11.0
la,LA,55048408,1,2,95,11.0
la,LA,55048408,1,2,96,11.0
la,LA,55048408,1,2,97,11.0
la,LA,55048408,1,2,98,11.0
la,LA,55048408,1,2,99,11.0
la,LA,55048408,1,2,100,10.0
la,LA,55048408,1,2,101,10.0
la,LA,55048408,1,2,102,10.0
la,LA,55048408,1,2,103,10.0
la,LA,55048408,1,2,104,10.0
la,LA,55048408,1,2,105,10.0
la,LA,55048408,1,2,106,10.0
la,LA,55048408,1,2,107,10.0
la,LA,55048408,1,2,108,10.0
la,LA,55048408,1,2,109,10.0
la,LA,55048408,1,2,110,10.0
la,LA,55048408,1,2,111,10.0
la,LA,55048408,1,2,112,10.0
la,LA,55048408,1,2,113,10.0
la,LA,55048408,1,2,114,10.0
la,LA,55048408,1,2,115,10.0
la,LA,55048408,1,2,116,10.0
la,LA,55048408,1,2,117,10.0
la,LA,55048408,1,2,118,10.0
la,LA,55048408,1,2,119,10.0
la,LA,55048408,1,2,120,10.0
la,LA,55048408,1,2,121,10.0
la,LA,55048408,1,2,122,10.0
la,LA,55048408,1,2,123,10.0
la,LA,55048408,1,2,124,10.0
la,LA,55048408,1,2,125,10.0
la,LA,55048408,1,2,126,10.0
la,LA,55048408,1,2,127,10.0
la,LA,55048408,1,2,128,10.0
la,LA,55048408,1,2,129,10.0
la,LA,55048408,1,2,130,10.0
la,LA,55048408,1,2,131,10.0
la,LA,55048408,1,2,132,10.0
la,LA,55048408,1,2,133,10.0
la,LA,55048408,1,2,134,10.0
la,LA,55048408,1,2,135,10.0
la,LA,55048408,1,2,136,10.0
la,LA,55048408,1,2,137,10.0
la,LA,55048408,1,2,138,10.0
la,LA,55048408,1,2,139,10.0
la,LA,55048408,1,2,140,9.0
la,LA,55048408,1,2,141,9.0
la,LA,55048408,1,2,142,9.0
la,LA,55048408,1,2,143,9.0
la,LA,55048408,1,2,144,9.0
la,LA,55048408,1,2,145,9.0
la,LA,55048408,1,2,146,9.0
la,LA,55048408,1,2,147,9.0
la,LA,55048408,1,2,148,9.0
la,LA,55048408,1,2,149,9.0
la,LA,55048408,1,2,150,9.0
la,LA,55048408,1,2,151,9.0
la,LA,55048408,1,2,152,9.0
la,LA,55048408,1,2,153,9.0
la,LA,55048408,1,2,154,9.0
la,LA,55048408,1,2,155,9.0
la,LA,55048408,1,2,156,9.0
la,LA,55048408,1,2,157,9.0
la,LA,55048408,1,2,158,9.0
la,LA,55048408,1,2,159,9.0
la,LA,55048408,1,2,160,9.0
la,LA,55048408,1,2,161,9.0
la,LA,55048408,1,2,162,9.0
la,LA,55048408,1,2,163,9.0
la,LA,55048408,1,2,164,9.0
la,LA,55048408,1,2,165,9.0
la,LA,55048408,1,2,166,9.0
la,LA,55048408,1,2,167,9.0
la,LA,55048408,1,2,168,9.0
la,LA,55048408,1,2,169,9.0
la,LA,55048408,1,2,170,9.0
la,LA,55048408,1,2,171,9.0
la,LA,55048408,1,2,172,8.0
la,LA,55048408,1,2,173,8.0
la,LA,55048408,1,2,174,8.0
la,LA,55048408,1,2,175,8.0
la,LA,55048408,1,2,176,8.0
la,LA,55048408,1,2,177,8.0
la,LA,55048408,1,2,178,8.0
la,LA,55048408,1,2,179,8.0
la,LA,55048408,1,2,180,8.0
la,LA,55048408,1,2,181,8.0
la,LA,55048408,1,2,182,8.0
la,LA,55048408,1,2,183,8.0
la,LA,55048408,1,2,184,8.0
la,LA,55048408,1,2,185,8.0
la,LA,55048408,1,2,186,8.0
la,LA,55048408,1,2,187,8.0
la,LA,55048408,1,2,188,8.0
la,LA,55048408,1,2,189,8.0
la,LA,55048408,1,2,190,8.0
la,LA,55048408,1,2,191,8.0
la,LA,55048408,1,2,192,8.0
la,LA,55048408,1,2,193,8.0
la,LA,55048408,1,2,194,8.0
la,LA,55048408,1,2,195,8.0
la,LA,55048408,1,2,196,8.0
la,LA,55048408,1,2,197,8.0
la,LA,55048408,1,2,198,8.0
la,LA,55048408,1,2,199,8.0
la,LA,55048408,1,2,200,8.0
la,LA,55048408,1,2,201,8.0
la,LA,55048408,1,2,202,8.0
la,LA,55048408,1,2,203,8.0
la,LA,55048408,1,2,204,8.0
la,LA,55048408,1,2,205,8.0
la,LA,55048408,1,2,206,8.0
la,LA,55048408,1,2,207,8.0
la,LA,55048408,1,2,208,8.0
la,LA,55048408,1,2,209,8.0
la,LA,55048408,1,2,210,8.0
la,LA,55048408,1,2,211,8.0
la,LA,55048408,1,2,212,8.0
la,LA,55048408,1,2,213,8.0
la,LA,55048408,1,2,214,8.0
la,LA,55048408,1,2,215,8.0
la,LA,55048408,1,2,216,8.0
la,LA,55048408,1,2,217,8.0
la,LA,55048408,1,2,218,8.0
la,LA,55048408,1,2,219,8.0
la,LA,55048408,1,2,220,8.0
la,LA,55048408,1,2,221,8.0
la,LA,55048408,1,2,222,8.0
la,LA,55048408,1,2,223,8.0
la,LA,55048408,1,2,224,8.0
la,LA,55048408,1,2,225,8.0
la,LA,55048408,1,2,226,8.0
la,LA,55048408,1,2,227,8.0
la,LA,55048408,1,2,228,8.0
la,LA,55048408,1,2,229,8.0
la,LA,55048408,1,2,230,8.0
la,LA,55048408,1,2,231,8.0
la,LA,55048408,1,2,232,8.0
la,LA,55048408,1,2,233,8.0
la,LA,55048408,1,2,234,8.0
la,LA,55048408,1,2,235,8.0
la,LA,55048408,1,2,236,8.0
la,LA,55048408,1,2,237,8.0
la,LA,55048408,1,2,238,8.0
la,LA,55048408,1,2,239,8.0
la,LA,55048408,1,2,240,8.0
la,LA,55048408,1,2,241,8.0
la,LA,55048408,1,2,242,8.0
la,LA,55048408,1,2,243,8.0
la,LA,55048408,1,2,244,8.0
la,LA,55048408,1,2,245,8.0
la,LA,55048408,1,2,246,8.0
la,LA,55048408,1,2,247,8.0
la,LA,55048408,1,2,248,8.0
la,LA,55048408,1,2,249,8.0
la,LA,55048408,1,2,250,8.0
la,LA,55048408,1,2,251,8.0
la,LA,55048408,1,2,252,8.0
la,LA,55048408,1,2,253,8.0
la,LA,55048408,1,2,254,8.0
la,LA,55048408,1,2,255,8.0
la,LA,55048408,1,2,256,8.0
la,LA,55048408,1,2,257,8.0
la,LA,55048408,1,2,258,8.0
la,LA,55048408,1,2,259,8.0
la,LA,55048408,1,2,260,8.0
la,LA,55048408,1,2,261,8.0
la,LA,55048408,1,2,262,8.0
la,LA,55048408,1,2,263,8.0
la,LA,55048408,1,2,264,8.0
la,LA,55048408,1,2,265,8.0
la,LA,55048408,1,2,266,8.0
la,LA,55048408,1,2,267,8.0
la,LA,55048408,1,2,268,8.0
la,LA,55048408,1,2,269,8.0
la,LA,55048408,1,2,270,8.0
la,LA,55048408,1,2,271,8.0
la,LA,55048408,1,2,272,7.0
la,LA,55048408,1,2,273,7.0
la,LA,55048408,1,2,274,7.0
la,LA,55048408,1,2,275,7.0
la,LA,55048408,1,2,276,7.0
la,LA,55048408,1,2,277,7.0
la,LA,55048408,1,2,278,7.0
la,LA,55048408,1,2,279,7.0
la,LA,55048408,1,2,280,7.0
la,LA,55048408,1,2,281,7.0
la,LA,55048408,1,2,282,7.0
la,LA,55048408,1,2,283,7.0
la,LA,55048408,1,2,284,7.0
la,LA,55048408,1,2,285,7.0
la,LA,55048408,1,2,286,7.0
la,LA,55048408,1,2,287,7.0
la,LA,55048408,1,2,288,6.0
la,LA,55048408,1,2,289,6.0
la,LA,55048408,1,2,290,6.0
la,LA,55048408,1,2,291,6.0
la,LA,55048408,1,2,292,6.0
la,LA,55048408,1,2,293,6.0
la,LA,55048408,1,2,294,6.0
la,LA,55048408,1,2,295,6.0
la,LA,55048408,1,2,296,6.0
la,LA,55048408,1,2,297,6.0
la,LA,55048408,1,2,298,6.0
la,LA,55048408,1,2,299,6.0
la,LA,55048408,1,2,300,6.0
la,LA,55048408,1,2,301,6.0
la,LA,55048408,1,2,302,6.0
la,LA,55048408,1,2,303,6.0
la,LA,55048408,1,2,304,6.0
la,LA,55048408,1,2,305,6.0
la,LA,55048408,1,2,306,6.0
la,LA,55048408,1,2,307,6.0
la,LA,55048408,1,2,308,6.0
la,LA,55048408,1,2,309,6.0
la,LA,55048408,1,2,310,6.0
la,LA,55048408,1,2,311,6.0
la,LA,55048408,1,2,312,5.0
la,LA,55048408,1,2,313,5.0
la,LA,55048408,1,2,314,5.0
la,LA,55048408,1,2,315,5.0
la,LA,55048408,1,2,316,5.0
la,LA,55048408,1,2,317,5.0
la,LA,55048408,1,2,318,5.0
la,LA,55048408,1,2,319,5.0
la,LA,55048408,1,2,320,4.0
la,LA,55048408,1,2,321,4.0
la,LA,55048408,1,2,322,4.0
la,LA,55048408,1,2,323,4.0
la,LA,55048408,1,2,324,4.0
la,LA,55048408,1,2,325,4.0
la,LA,55048408,1,2,326,4.0
la,LA,55048408,1,2,327,4.0
la,LA,55048408,1,2,328,3.0
la,LA,55048408,1,2,329,3.0
la,LA,55048408,1,2,330,3.0
la,LA,55048408,1,2,331,3.0
la,LA,55048408,1,2,332,3.0
la,LA,55048408,1,2,333,3.0
la,LA,55048408,1,2,334,3.0
la,LA,55048408,1,2,335,3.0
la,LA,55048408,1,2,336,2.0
la,LA,55048408,1,2,337,2.0
la,LA,55048408,1,2,338,2.0
la,LA,55048408,1,2,339,2.0
la,LA,55048408,1,2,340,2.0
la,LA,55048408,1,2,341,2.0
la,LA,55048408,1,2,342,2.0
la,LA,55048408,1,2,343,2.0
la,LA,55048408,1,2,344,2.0
la,LA,55048408,1,2,345,2.0
la,LA,55048408,1,2,346,2.0
la,LA,55048408,1,2,347,2.0
la,LA,55048408,1,2,348,1.0
la,LA,55048408,1,2,349,1.0
la,LA,55048408,1,2,350,1.0
la,LA,55048408,1,2,351,1.0
la,LA,55048408,1,2,352,1.0
la,LA,55048408,1,2,353,1.0
la,LA,55048408,1,2,354,1.0
la,LA,55048408,1,2,355,1.0
la,LA,55048408,2,0,0,16.0
la,LA,55048408,2,0,1,16.0
la,LA,55048408,2,0,2,16.0
la,LA,55048408,2,0,3,16.0
la,LA,55048408,2,0,4,16.0
la,LA,55048408,2,0,5,16.0
la,LA,55048408,2,0,6,16.0
la,LA,55048408,2,0,7,16.0
la,LA,55048408,2,0,8,16.0
la,LA,55048408,2,0,9,16.0
la,LA,55048408,2,0,10,16.0
la,LA,55048408,2,0,11,16.0
la,LA,55048408,2,0,12,16.0
la,LA,55048408,2,0,13,16.0
la,LA,55048408,2,0,14,16.0
la,LA,55048408,2,0,15,16.0
la,LA,55048408,2,0,16,16.0
la,LA,55048408,2,0,17,16.0
la,LA,55048408,2,0,18,16.0
la,LA,55048408,2,0,19,16.0
la,LA,55048408,2,0,20,16.0
la,LA,55048408,2,0,21,16.0
la,LA,55048408,2,0,22,16.0
la,LA,55048408,2,0,23,16.0
la,LA,55048408,2,0,24,16.0
la,LA,55048408,2,0,25,16.0
la,LA,55048408,2,0,26,16.0
la,LA,55048408,2,0,27,16.0
la,LA,55048408,2,0,28,15.0
la,LA,55048408,2,0,29,15.0
la,LA,55048408,2,0,30,15.0
la,LA,55048408,2,0,31,15.0
la,LA,55048408,2,0,32,11.0
la,LA,55048408,2,0,33,11.0
la,LA,55048408,2,0,34,11.0
la,LA,55048408,2,0,35,11.0
la,LA,55048408,2,0,36,11.0
la,LA,55048408,2,0,37,11.0
la,LA,55048408,2,0,38,11.0
la,LA,55048408,2,0,39,11.0
la,LA,55048408,2,0,40,11.0
la,LA,55048408,2,0,41,11.0
la,LA,55048408,2,0,42,11.0
la,LA,55048408,2,0,43,11.0
la,LA,55048408,2,0,44,11.0
la,LA,55048408,2,0,45,11.0
la,LA,55048408,2,0,46,11.0
la,LA,55048408,2,0,47,11.0
la,LA,55048408,2,0,48,11.0
la,LA,55048408,2,0,49,11.0
la,LA,55048408,2,0,50,11.0
la,LA,55048408,2,0,51,11.0
la,LA,55048408,2,0,52,11.0
la,LA,55048408,2,0,53,11.0
la,LA,55048408,2,0,54,11.0
la,LA,55048408,2,0,55,11.0
la,LA,55048408,2,0,56,11.0
la,LA,55048408,2,0,57,11.0
la,LA,55048408,2,0,58,11.0
la,LA,55048408,2,0,59,11.0
la,LA,55048408,2,0,60,11.0
la,LA,55048408,2,0,61,11.0
la,LA,55048408,2,0,62,11.0
la,LA,55048408,2,0,63,11.0
la,LA,55048408,2,0,64,11.0
la,LA,55048408,2,0,65,11.0
la,LA,55048408,2,0,66,11.0
la,LA,55048408,2,0,67,11.0
la,LA,55048408,2,0,68,11.0
la,LA,55048408,2,0,69,11.0
la,LA,55048408,2,0,70,11.0
la,LA,55048408,2,0,71,11.0
la,LA,55048408,2,0,72,11.0
la,LA,55048408,2,0,73,11.0
la,LA,55048408,2,0,74,11.0
la,LA,55048408,2,0,75,11.0
la,LA,55048408,2,0,76,11.0
la,LA,55048408,2,0,77,11.0
la,LA,55048408,2,0,78,11.0
la,LA,55048408,2,0,79,11.0
la,LA,55048408,2,0,80,11.0
la,LA,55048408,2,0,81,11.0
la,LA,55048408,2,0,82,11.0
la,LA,55048408,2,0,83,11.0
la,LA,55048408,2,0,84,11.0
la,LA,55048408,2,0,85,11.0
la,LA,55048408,2,0,86,11.0
la,LA,55048408,2,0,87,11.0
la,LA,55048408,2,0,88,11.0
la,LA,55048408,2,0,89,11.0
la,LA,55048408,2,0,90,11.0
la,LA,55048408,2,0,91,11.0
la,LA,55048408,2,0,92,11.0
la,LA,55048408,2,0,93,11.0
la,LA,55048408,2,0,94,11.0
la,LA,55048408,2,0,95,11.0
la,LA,55048408,2,0,96,11.0
la,LA,55048408,2,0,97,11.0
la,LA,55048408,2,0,98,11.0
la,LA,55048408,2,0,99,11.0
la,LA,55048408,2,0,100,10.0
la,LA,55048408,2,0,101,10.0
la,LA,55048408,2,0,102,10.0
la,LA,55048408,2,0,103,10.0
la,LA,55048408,2,0,104,10.0
la,LA,55048408,2,0,105,10.0
la,LA,55048408,2,0,106,10.0
la,LA,55048408,2,0,107,10.0
la,LA,55048408,2,0,108,10.0
la,LA,55048408,2,0,109,10.0
la,LA,55048408,2,0,110,10.0
la,LA,55048408,2,0,111,10.0
la,LA,55048408,2,0,112,10.0
la,LA,55048408,2,0,113,10.0
la,LA,55048408,2,0,114,10.0
la,LA,55048408,2,0,115,10.0
la,LA,55048408,2,0,116,10.0
la,LA,55048408,2,0,117,10.0
la,LA,55048408,2,0,118,10.0
la,LA,55048408,2,0,119,10.0
la,LA,55048408,2,0,120,10.0
la,LA,55048408,2,0,121,10.0
la,LA,55048408,2,0,122,10.0
la,LA,55048408,2,0,123,10.0
la,LA,55048408,2,0,124,10.0
la,LA,55048408,2,0,125,10.0
la,LA,55048408,2,0,126,10.0
la,LA,55048408,2,0,127,10.0
la,LA,55048408,2,0,128,10.0
la,LA,55048408,2,0,129,10.0
la,LA,55048408,2,0,130,10.0
la,LA,55048408,2,0,131,10.0
la,LA,55048408,2,0,132,10.0
la,LA,55048408,2,0,133,10.0
la,LA,55048408,2,0,134,10.0
la,LA,55048408,2,0,135,10.0
la,LA,55048408,2,0,136,10.0
la,LA,55048408,2,0,137,10.0
la,LA,55048408,2,0,138,10.0
la,LA,55048408,2,0,139,10.0
la,LA,55048408,2,0,140,9.0
la,LA,55048408,2,0,141,9.0
la,LA,55048408,2,0,142,9.0
la,LA,55048408,2,0,143,9.0
la,LA,55048408,2,0,144,9.0
la,LA,55048408,2,0,145,9.0
la,LA,55048408,2,0,146,9.0
la,LA,55048408,2,0,147,9.0
la,LA,55048408,2,0,148,9.0
la,LA,55048408,2,0,149,9.0
la,LA,55048408,2,0,150,9.0
la,LA,55048408,2,0,151,9.0
la,LA,55048408,2,0,152,9.0
la,LA,55048408,2,0,153,9.0
la,LA,55048408,2,0,154,9.0
la,LA,55048408,2,0,155,9.0
la,LA,55048408,2,0,156,9.0
la,LA,55048408,2,0,157,9.0
la,LA,55048408,2,0,158,9.0
la,LA,55048408,2,0,159,9.0
la,LA,55048408,2,0,160,9.0
la,LA,55048408,2,0,161,9.0
la,LA,55048408,2,0,162,9.0
la,LA,55048408,2,0,163,9.0
la,LA,55048408,2,0,164,9.0
la,LA,55048408,2,0,165,9.0
la,LA,55048408,2,0,166,9.0
la,LA,55048408,2,0,167,9.0
la,LA,55048408,2,0,168,9.0
la,LA,55048408,2,0,169,9.0
la,LA,55048408,2,0,170,9.0
la,LA,55048408,2,0,171,9.0
la,LA,55048408,2,0,172,8.0
la,LA,55048408,2,0,173,8.0
la,LA,55048408,2,0,174,8.0
la,LA,55048408,2,0,175,8.0
la,LA,55048408,2,0,176,8.0
la,LA,55048408,2,0,177,8.0
la,LA,55048408,2,0,178,8.0
la,LA,55048408,2,0,179,8.0
la,LA,55048408,2,0,180,8.0
la,LA,55048408,2,0,181,8.0
la,LA,55048408,2,0,182,8.0
la,LA,55048408,2,0,183,8.0
la,LA,55048408,2,0,184,8.0
la,LA,55048408,2,0,185,8.0
la,LA,55048408,2,0,186,8.0
la,LA,55048408,2,0,187,8.0
la,LA,55048408,2,0,188,8.0
la,LA,55048408,2,0,189,8.0
la,LA,55048408,2,0,190,8.0
la,LA,55048408,2,0,191,8.0
la,LA,55048408,2,0,192,8.0
la,LA,55048408,2,0,193,8.0
la,LA,55048408,2,0,194,8.0
la,LA,55048408,2,0,195,8.0
la,LA,55048408,2,0,196,8.0
la,LA,55048408,2,0,197,8.0
la,LA,55048408,2,0,198,8.0
la,LA,55048408,2,0,199,8.0
la,LA,55048408,2,0,200,8.0
la,LA,55048408,2,0,201,8.0
la,LA,55048408,2,0,202,8.0
la,LA,55048408,2,0,203,8.0
la,LA,55048408,2,0,204,8.0
la,LA,55048408,2,0,205,8.0
la,LA,55048408,2,0,206,8.0
la,LA,55048408,2,0,207,8.0
la,LA,55048408,2,0,208,8.0
la,LA,55048408,2,0,209,8.0
la,LA,55048408,2,0,210,8.0
la,LA,55048408,2,0,211,8.0
la,LA,55048408,2,0,212,8.0
la,LA,55048408,2,0,213,8.0
la,LA,55048408,2,0,214,8.0
la,LA,55048408,2,0,215,8.0
la,LA,55048408,2,0,216,8.0
la,LA,55048408,2,0,217,8.0
la,LA,55048408,2,0,218,8.0
la,LA,55048408,2,0,219,8.0
la,LA,55048408,2,0,220,8.0
la,LA,55048408,2,0,221,8.0
la,LA,55048408,2,0,222,8.0
la,LA,55048408,2,0,223,8.0
la,LA,55048408,2,0,224,8.0
la,LA,55048408,2,0,225,8.0
la,LA,55048408,2,0,226,8.0
la,LA,55048408,2,0,227,8.0
la,LA,55048408,2,0,228,8.0
la,LA,55048408,2,0,229,8.0
la,LA,55048408,2,0,230,8.0
la,LA,55048408,2,0,231,8.0
la,LA,55048408,2,0,232,8.0
la,LA,55048408,2,0,233,8.0
la,LA,55048408,2,0,234,8.0
la,LA,55048408,2,0,235,8.0
la,LA,55048408,2,0,236,8.0
la,LA,55048408,2,0,237,8.0
la,LA,55048408,2,0,238,8.0
la,LA,55048408,2,0,239,8.0
la,LA,55048408,2,0,240,8.0
la,LA,55048408,2,0,241,8.0
la,LA,55048408,2,0,242,8.0
la,LA,55048408,2,0,243,8.0
la,LA,55048408,2,0,244,8.0
la,LA,55048408,2,0,245,8.0
la,LA,55048408,2,0,246,8.0
la,LA,55048408,2,0,247,8.0
la,LA,55048408,2,0,248,8.0
la,LA,55048408,2,0,249,8.0
la,LA,55048408,2,0,250,8.0
la,LA,55048408,2,0,251,8.0
la,LA,55048408,2,0,252,8.0
la,LA,55048408,2,0,253,8.0
la,LA,55048408,2,0,254,8.0
la,LA,55048408,2,0,255,8.0
la,LA,55048408,2,0,256,8.0
la,LA,55048408,2,0,257,8.0
la,LA,55048408,2,0,258,8.0
la,LA,55048408,2,0,259,8.0
la,LA,55048408,2,0,260,8.0
la,LA,55048408,2,0,261,8.0
la,LA,55048408,2,0,262,8.0
la,LA,55048408,2,0,263,8.0
la,LA,55048408,2,0,264,8.0
la,LA,55048408,2,0,265,8.0
la,LA,55048408,2,0,266,8.0
la,LA,55048408,2,0,267,8.0
la,LA,55048408,2,0,268,8.0
la,LA,55048408,2,0,269,8.0
la,LA,55048408,2,0,270,8.0
la,LA,55048408,2,0,271,8.0
la,LA,55048408,2,0,272,7.0
la,LA,55048408,2,0,273,7.0
la,LA,55048408,2,0,274,7.0
la,LA,55048408,2,0,275,7.0
la,LA,55048408,2,0,276,7.0
la,LA,55048408,2,0,277,7.0
la,LA,55048408,2,0,278,7.0
la,LA,55048408,2,0,279,7.0
la,LA,55048408,2,0,280,7.0
la,LA,55048408,2,0,281,7.0
la,LA,55048408,2,0,282,7.0
la,LA,55048408,2,0,283,7.0
la,LA,55048408,2,0,284,7.0
la,LA,55048408,2,0,285,7.0
la,LA,55048408,2,0,286,7.0
la,LA,55048408,2,0,287,7.0
la,LA,55048408,2,0,288,6.0
la,LA,55048408,2,0,289,6.0
la,LA,55048408,2,0,290,6.0
la,LA,55048408,2,0,291,6.0
la,LA,55048408,2,0,292,6.0
la,LA,55048408,2,0,293,6.0
la,LA,55048408,2,0,294,6.0
la,LA,55048408,2,0,295,6.0
la,LA,55048408,2,0,296,6.0
la,LA,55048408,2,0,297,6.0
la,LA,55048408,2,0,298,6.0
la,LA,55048408,2,0,299,6.0
la,LA,55048408,2,0,300,6.0
la,LA,55048408,2,0,301,6.0
la,LA,55048408,2,0,302,6.0
la,LA,55048408,2,0,303,6.0
la,LA,55048408,2,0,304,6.0
la,LA,55048408,2,0,305,6.0
la,LA,55048408,2,0,306,6.0
la,LA,55048408,2,0,307,6.0
la,LA,55048408,2,0,308,6.0
la,LA,55048408,2,0,309,6.0
la,LA,55048408,2,0,310,6.0
la,LA,55048408,2,0,311,6.0
la,LA,55048408,2,0,312,5.0
la,LA,55048408,2,0,313,5.0
la,LA,55048408,2,0,314,5.0
la,LA,55048408,2,0,315,5.0
la,LA,55048408,2,0,316,5.0
la,LA,55048408,2,0,317,5.0
la,LA,55048408,2,0,318,5.0
la,LA,55048408,2,0,319,5.0
la,LA,55048408,2,0,320,4.0
la,LA,55048408,2,0,321,4.0
la,LA,55048408,2,0,322,4.0
la,LA,55048408,2,0,323,4.0
la,LA,55048408,2,0,324,4.0
la,LA,55048408,2,0,325,4.0
la,LA,55048408,2,0,326,4.0
la,LA,55048408,2,0,327,4.0
la,LA,55048408,2,0,328,3.0
la,LA,55048408,2,0,329,3.0
la,LA,55048408,2,0,330,3.0
la,LA,55048408,2,0,331,3.0
la,LA,55048408,2,0,332,3.0
la,LA,55048408,2,0,333,3.0
la,LA,55048408,2,0,334,3.0
la,LA,55048408,2,0,335,3.0
la,LA,55048408,2,0,336,2.0
la,LA,55048408,2,0,337,2.0
la,LA,55048408,2,0,338,2.0
la,LA,55048408,2,0,339,2.0
la,LA,55048408,2,0,340,2.0
la,LA,55048408,2,0,341,2.0
la,LA,55048408,2,0,342,2.0
la,LA,55048408,2,0,343,2.0
la,LA,55048408,2,0,344,2.0
la,LA,55048408,2,0,345,2.0
la,LA,55048408,2,0,346,2.0
la,LA,55048408,2,0,347,2.0
la,LA,55048408,2,0,348,1.0
la,LA,55048408,2,0,349,1.0
la,LA,55048408,2,0,350,1.0
la,LA,55048408,2,0,351,1.0
la,LA,55048408,2,0,352,1.0
la,LA,55048408,2,0,353,1.0
la,LA,55048408,2,0,354,1.0
la,LA,55048408,2,0,355,1.0
la,LA,55048408,2,1,0,16.0
la,LA,55048408,2,1,1,16.0
la,LA,55048408,2,1,2,16.0
la,LA,55048408,2,1,3,16.0
la,LA,55048408,2,1,4,16.0
la,LA,55048408,2,1,5,16.0
la,LA,55048408,2,1,6,16.0
la,LA,55048408,2,1,7,16.0
la,LA,55048408,2,1,8,16.0
la,LA,55048408,2,1,9,16.0
la,LA,55048408,2,1,10,16.0
la,LA,55048408,2,1,11,16.0
la,LA,55048408,2,1,12,16.0
la,LA,55048408,2,1,13,16.0
la,LA,55048408,2,1,14,16.0
la,LA,55048408,2,1,15,16.0
la,LA,55048408,2,1,16,16.0
la,LA,55048408,2,1,17,16.0
la,LA,55048408,2,1,18,16.0
la,LA,55048408,2,1,19,16.0
la,LA,55048408,2,1,20,16.0
la,LA,55048408,2,1,21,16.0
la,LA,55048408,2,1,22,16.0
la,LA,55048408,2,1,23,16.0
la,LA,55048408,2,1,24,16.0
la,LA,55048408,2,1,25,16.0
la,LA,55048408,2,1,26,16.0
la,LA,55048408,2,1,27,16.0
la,LA,55048408,2,1,28,15.0
la,LA,55048408,2,1,29,15.0
la,LA,55048408,2,1,30,15.0
la,LA,55048408,2,1,31,15.0
la,LA,55048408,2,1,32,11.0
la,LA,55048408,2,1,33,11.0
la,LA,55048408,2,1,34,11.0
la,LA,55048408,2,1,35,11.0
la,LA,55048408,2,1,36,11.0
la,LA,55048408,2,1,37,11.0
la,LA,55048408,2,1,38,11.0
la,LA,55048408,2,1,39,11.0
la,LA,55048408,2,1,40,11.0
la,LA,55048408,2,1,41,11.0
la,LA,55048408,2,1,42,11.0
la,LA,55048408,2,1,43,11.0
la,LA,55048408,2,1,44,11.0
la,LA,55048408,2,1,45,11.0
la,LA,55048408,2,1,46,11.0
la,LA,55048408,2,1,47,11.0
la,LA,55048408,2,1,48,11.0
la,LA,55048408,2,1,49,11.0
la,LA,55048408,2,1,50,11.0
la,LA,55048408,2,1,51,11.0
la,LA,55048408,2,1,52,11.0
la,LA,55048408,2,1,53,11.0
la,LA,55048408,2,1,54,11.0
la,LA,55048408,2,1,55,11.0
la,LA,55048408,2,1,56,11.0
la,LA,55048408,2,1,57,11.0
la,LA,55048408,2,1,58,11.0
la,LA,55048408,2,1,59,11.0
la,LA,55048408,2,1,60,11.0
la,LA,55048408,2,1,61,11.0
la,LA,55048408,2,1,62,11.0
la,LA,55048408,2,1,63,11.0
la,LA,55048408,2,1,64,11.0
la,LA,55048408,2,1,65,11.0
la,LA,55048408,2,1,66,11.0
la,LA,55048408,2,1,67,11.0
la,LA,55048408,2,1,68,11.0
la,LA,55048408,2,1,69,11.0
la,LA,55048408,2,1,70,11.0
la,LA,55048408,2,1,71,11.0
la,LA,55048408,2,1,72,11.0
la,LA,55048408,2,1,73,11.0
la,LA,55048408,2,1,74,11.0
la,LA,55048408,2,1,75,11.0
la,LA,55048408,2,1,76,11.0
la,LA,55048408,2,1,77,11.0
la,LA,55048408,2,1,78,11.0
la,LA,55048408,2,1,79,11.0
la,LA,55048408,2,1,80,11.0
la,LA,55048408,2,1,81,11.0
la,LA,55048408,2,1,82,11.0
la,LA,55048408,2,1,83,11.0
la,LA,55048408,2,1,84,11.0
la,LA,55048408,2,1,85,11.0
la,LA,55048408,2,1,86,11.0
la,LA,55048408,2,1,87,11.0
la,LA,55048408,2,1,88,11.0
la,LA,55048408,2,1,89,11.0
la,LA,55048408,2,1,90,11.0
la,LA,55048408,2,1,91,11.0
la,LA,55048408,2,1,92,11.0
la,LA,55048408,2,1,93,11.0
la,LA,55048408,2,1,94,11.0
la,LA,55048408,2,1,95,11.0
la,LA,55048408,2,1,96,11.0
la,LA,55048408,2,1,97,11.0
la,LA,55048408,2,1,98,11.0
la,LA,55048408,2,1,99,11.0
la,LA,55048408,2,1,100,10.0
la,LA,55048408,2,1,101,10.0
la,LA,55048408,2,1,102,10.0
la,LA,55048408,2,1,103,10.0
la,LA,55048408,2,1,104,10.0
la,LA,55048408,2,1,105,10.0
la,LA,55048408,2,1,106,10.0
la,LA,55048408,2,1,107,10.0
la,LA,55048408,2,1,108,10.0
la,LA,55048408,2,1,109,10.0
la,LA,55048408,2,1,110,10.0
la,LA,55048408,2,1,111,10.0
la,LA,55048408,2,1,112,10.0
la,LA,55048408,2,1,113,10.0
la,LA,55048408,2,1,114,10.0
la,LA,55048408,2,1,115,10.0
la,LA,55048408,2,1,116,10.0
la,LA,55048408,2,1,117,10.0
la,LA,55048408,2,1,118,10.0
la,LA,55048408,2,1,119,10.0
la,LA,55048408,2,1,120,10.0
la,LA,55048408,2,1,121,10.0
la,LA,55048408,2,1,122,10.0
la,LA,55048408,2,1,123,10.0
la,LA,55048408,2,1,124,10.0
la,LA,55048408,2,1,125,10.0
la,LA,55048408,2,1,126,10.0
la,LA,55048408,2,1,127,10.0
la,LA,55048408,2,1,128,10.0
la,LA,55048408,2,1,129,10.0
la,LA,55048408,2,1,130,10.0
la,LA,55048408,2,1,131,10.0
la,LA,55048408,2,1,132,10.0
la,LA,55048408,2,1,133,10.0
la,LA,55048408,2,1,134,10.0
la,LA,55048408,2,1,135,10.0
la,LA,55048408,2,1,136,10.0
la,LA,55048408,2,1,137,10.0
la,LA,55048408,2,1,138,10.0
la,LA,55048408,2,1,139,10.0
la,LA,55048408,2,1,140,9.0
la,LA,55048408,2,1,141,9.0
la,LA,55048408,2,1,142,9.0
la,LA,55048408,2,1,143,9.0
la,LA,55048408,2,1,144,9.0
la,LA,55048408,2,1,145,9.0
la,LA,55048408,2,1,146,9.0
la,LA,55048408,2,1,147,9.0
la,LA,55048408,2,1,148,9.0
la,LA,55048408,2,1,149,9.0
la,LA,55048408,2,1,150,9.0
la,LA,55048408,2,1,151,9.0
la,LA,55048408,2,1,152,9.0
la,LA,55048408,2,1,153,9.0
la,LA,55048408,2,1,154,9.0
la,LA,55048408,2,1,155,9.0
la,LA,55048408,2,1,156,9.0
la,LA,55048408,2,1,157,9.0
la,LA,55048408,2,1,158,9.0
la,LA,55048408,2,1,159,9.0
la,LA,55048408,2,1,160,9.0
la,LA,55048408,2,1,161,9.0
la,LA,55048408,2,1,162,9.0
la,LA,55048408,2,1,163,9.0
la,LA,55048408,2,1,164,9.0
la,LA,55048408,2,1,165,9.0
la,LA,55048408,2,1,166,9.0
la,LA,55048408,2,1,167,9.0
la,LA,55048408,2,1,168,9.0
la,LA,55048408,2,1,169,9.0
la,LA,55048408,2,1,170,9.0
la,LA,55048408,2,1,171,9.0
la,LA,55048408,2,1,172,8.0
la,LA,55048408,2,1,173,8.0
la,LA,55048408,2,1,174,8.0
la,LA,55048408,2,1,175,8.0
la,LA,55048408,2,1,176,8.0
la,LA,55048408,2,1,177,8.0
la,LA,55048408,2,1,178,8.0
la,LA,55048408,2,1,179,8.0
la,LA,55048408,2,1,180,8.0
la,LA,55048408,2,1,181,8.0
la,LA,55048408,2,1,182,8.0
la,LA,55048408,2,1,183,8.0
la,LA,55048408,2,1,184,8.0
la,LA,55048408,2,1,185,8.0
la,LA,55048408,2,1,186,8.0
la,LA,55048408,2,1,187,8.0
la,LA,55048408,2,1,188,8.0
la,LA,55048408,2,1,189,8.0
la,LA,55048408,2,1,190,8.0
la,LA,55048408,2,1,191,8.0
la,LA,55048408,2,1,192,8.0
la,LA,55048408,2,1,193,8.0
la,LA,55048408,2,1,194,8.0
la,LA,55048408,2,1,195,8.0
la,LA,55048408,2,1,196,8.0
la,LA,55048408,2,1,197,8.0
la,LA,55048408,2,1,198,8.0
la,LA,55048408,2,1,199,8.0
la,LA,55048408,2,1,200,8.0
la,LA,55048408,2,1,201,8.0
la,LA,55048408,2,1,202,8.0
la,LA,55048408,2,1,203,8.0
la,LA,55048408,2,1,204,8.0
la,LA,55048408,2,1,205,8.0
la,LA,55048408,2,1,206,8.0
la,LA,55048408,2,1,207,8.0
la,LA,55048408,2,1,208,8.0
la,LA,55048408,2,1,209,8.0
la,LA,55048408,2,1,210,8.0
la,LA,55048408,2,1,211,8.0
la,LA,55048408,2,1,212,8.0
la,LA,55048408,2,1,213,8.0
la,LA,55048408,2,1,214,8.0
la,LA,55048408,2,1,215,8.0
la,LA,55048408,2,1,216,8.0
la,LA,55048408,2,1,217,8.0
la,LA,55048408,2,1,218,8.0
la,LA,55048408,2,1,219,8.0
la,LA,55048408,2,1,220,8.0
la,LA,55048408,2,1,221,8.0
la,LA,55048408,2,1,222,8.0
la,LA,55048408,2,1,223,8.0
la,LA,55048408,2,1,224,8.0
la,LA,55048408,2,1,225,8.0
la,LA,55048408,2,1,226,8.0
la,LA,55048408,2,1,227,8.0
la,LA,55048408,2,1,228,8.0
la,LA,55048408,2,1,229,8.0
la,LA,55048408,2,1,230,8.0
la,LA,55048408,2,1,231,8.0
la,LA,55048408,2,1,232,8.0
la,LA,55048408,2,1,233,8.0
la,LA,55048408,2,1,234,8.0
la,LA,55048408,2,1,235,8.0
la,LA,55048408,2,1,236,8.0
la,LA,55048408,2,1,237,8.0
la,LA,55048408,2,1,238,8.0
la,LA,55048408,2,1,239,8.0
la,LA,55048408,2,1,240,8.0
la,LA,55048408,2,1,241,8.0
la,LA,55048408,2,1,242,8.0
la,LA,55048408,2,1,243,8.0
la,LA,55048408,2,1,244,8.0
la,LA,55048408,2,1,245,8.0
la,LA,55048408,2,1,246,8.0
la,LA,55048408,2,1,247,8.0
la,LA,55048408,2,1,248,8.0
la,LA,55048408,2,1,249,8.0
la,LA,55048408,2,1,250,8.0
la,LA,55048408,2,1,251,8.0
la,LA,55048408,2,1,252,8.0
la,LA,55048408,2,1,253,8.0
la,LA,55048408,2,1,254,8.0
la,LA,55048408,2,1,255,8.0
la,LA,55048408,2,1,256,8.0
la,LA,55048408,2,1,257,8.0
la,LA,55048408,2,1,258,8.0
la,LA,55048408,2,1,259,8.0
la,LA,55048408,2,1,260,8.0
la,LA,55048408,2,1,261,8.0
la,LA,55048408,2,1,262,8.0
la,LA,55048408,2,1,263,8.0
la,LA,55048408,2,1,264,8.0
la,LA,55048408,2,1,265,8.0
la,LA,55048408,2,1,266,8.0
la,LA,55048408,2,1,267,8.0
la,LA,55048408,2,1,268,8.0
la,LA,55048408,2,1,269,8.0
la,LA,55048408,2,1,270,8.0
la,LA,55048408,2,1,271,8.0
la,LA,55048408,2,1,272,7.0
la,LA,55048408,2,1,273,7.0
la,LA,55048408,2,1,274,7.0
la,LA,55048408,2,1,275,7.0
la,LA,55048408,2,1,276,7.0
la,LA,55048408,2,1,277,7.0
la,LA,55048408,2,1,278,7.0
la,LA,55048408,2,1,279,7.0
la,LA,55048408,2,1,280,7.0
la,LA,55048408,2,1,281,7.0
la,LA,55048408,2,1,282,7.0
la,LA,55048408,2,1,283,7.0
la,LA,55048408,2,1,284,7.0
la,LA,55048408,2,1,285,7.0
la,LA,55048408,2,1,286,7.0
la,LA,55048408,2,1,287,7.0
la,LA,55048408,2,1,288,6.0
la,LA,55048408,2,1,289,6.0
la,LA,55048408,2,1,290,6.0
la,LA,55048408,2,1,291,6.0
la,LA,55048408,2,1,292,6.0
la,LA,55048408,2,1,293,6.0
la,LA,55048408,2,1,294,6.0
la,LA,55048408,2,1,295,6.0
la,LA,55048408,2,1,296,6.0
la,LA,55048408,2,1,297,6.0
la,LA,55048408,2,1,298,6.0
la,LA,55048408,2,1,299,6.0
la,LA,55048408,2,1,300,6.0
la,LA,55048408,2,1,301,6.0
la,LA,55048408,2,1,302,6.0
la,LA,55048408,2,1,303,6.0
la,LA,55048408,2,1,304,6.0
la,LA,55048408,2,1,305,6.0
la,LA,55048408,2,1,306,6.0
la,LA,55048408,2,1,307,6.0
la,LA,55048408,2,1,308,6.0
la,LA,55048408,2,1,309,6.0
la,LA,55048408,2,1,310,6.0
la,LA,55048408,2,1,311,6.0
la,LA,55048408,2,1,312,5.0
la,LA,55048408,2,1,313,5.0
la,LA,55048408,2,1,314,5.0
la,LA,55048408,2,1,315,5.0
la,LA,55048408,2,1,316,5.0
la,LA,55048408,2,1,317,5.0
la,LA,55048408,2,1,318,5.0
la,LA,55048408,2,1,319,5.0
la,LA,55048408,2,1,320,4.0
la,LA,55048408,2,1,321,4.0
la,LA,55048408,2,1,322,4.0
la,LA,55048408,2,1,323,4.0
la,LA,55048408,2,1,324,4.0
la,LA,55048408,2,1,325,4.0
la,LA,55048408,2,1,326,4.0
la,LA,55048408,2,1,327,4.0
la,LA,55048408,2,1,328,3.0
la,LA,55048408,2,1,329,3.0
la,LA,55048408,2,1,330,3.0
la,LA,55048408,2,1,331,3.0
la,LA,55048408,2,1,332,3.0
la,LA,55048408,2,1,333,3.0
la,LA,55048408,2,1,334,3.0
la,LA,55048408,2,1,335,3.0
la,LA,55048408,2,1,336,2.0
la,LA,55048408,2,1,337,2.0
la,LA,55048408,2,1,338,2.0
la,LA,55048408,2,1,339,2.0
la,LA,55048408,2,1,340,2.0
la,LA,55048408,2,1,341,2.0
la,LA,55048408,2,1,342,2.0
la,LA,55048408,2,1,343,2.0
la,LA,55048408,2,1,344,2.0
la,LA,55048408,2,1,345,2.0
la,LA,55048408,2,1,346,2.0
la,LA,55048408,2,1,347,2.0
la,LA,55048408,2,1,348,1.0
la,LA,55048408,2,1,349,1.0
la,LA,55048408,2,1,350,1.0
la,LA,55048408,2,1,351,1.0
la,LA,55048408,2,1,352,1.0
la,LA,55048408,2,1,353,1.0
la,LA,55048408,2,1,354,1.0
la,LA,55048408,2,1,355,1.0
la,LA,55048408,2,2,0,16.0
la,LA,55048408,2,2,1,16.0
la,LA,55048408,2,2,2,16.0
la,LA,55048408,2,2,3,16.0
la,LA,55048408,2,2,4,16.0
la,LA,55048408,2,2,5,16.0
la,LA,55048408,2,2,6,16.0
la,LA,55048408,2,2,7,16.0
la,LA,55048408,2,2,8,16.0
la,LA,55048408,2,2,9,16.0
la,LA,55048408,2,2,10,16.0
la,LA,55048408,2,2,11,16.0
la,LA,55048408,2,2,12,16.0
la,LA,55048408,2,2,13,16.0
la,LA,55048408,2,2,14,16.0
la,LA,55048408,2,2,15,16.0
la,LA,55048408,2,2,16,16.0
la,LA,55048408,2,2,17,16.0
la,LA,55048408,2,2,18,16.0
la,LA,55048408,2,2,19,16.0
la,LA,55048408,2,2,20,16.0
la,LA,55048408,2,2,21,16.0
la,LA,55048408,2,2,22,16.0
la,LA,55048408,2,2,23,16.0
la,LA,55048408,2,2,24,16.0
la,LA,55048408,2,2,25,16.0
la,LA,55048408,2,2,26,16.0
la,LA,55048408,2,2,27,16.0
la,LA,55048408,2,2,28,15.0
la,LA,55048408,2,2,29,15.0
la,LA,55048408,2,2,30,15.0
la,LA,55048408,2,2,31,15.0
la,LA,55048408,2,2,32,11.0
la,LA,55048408,2,2,33,11.0
la,LA,55048408,2,2,34,11.0
la,LA,55048408,2,2,35,11.0
la,LA,55048408,2,2,36,11.0
la,LA,55048408,2,2,37,11.0
la,LA,55048408,2,2,38,11.0
la,LA,55048408,2,2,39,11.0
la,LA,55048408,2,2,40,11.0
la,LA,55048408,2,2,41,11.0
la,LA,55048408,2,2,42,11.0
la,LA,55048408,2,2,43,11.0
la,LA,55048408,2,2,44,11.0
la,LA,55048408,2,2,45,11.0
la,LA,55048408,2,2,46,11.0
la,LA,55048408,2,2,47,11.0
la,LA,55048408,2,2,48,11.0
la,LA,55048408,2,2,49,11.0
la,LA,55048408,2,2,50,11.0
la,LA,55048408,2,2,51,11.0
la,LA,55048408,2,2,52,11.0
la,LA,55048408,2,2,53,11.0
la,LA,55048408,2,2,54,11.0
la,LA,55048408,2,2,55,11.0
la,LA,55048408,2,2,56,11.0
la,LA,55048408,2,2,57,11.0
la,LA,55048408,2,2,58,11.0
la,LA,55048408,2,2,59,11.0
la,LA,55048408,2,2,60,11.0
la,LA,55048408,2,2,61,11.0
la,LA,55048408,2,2,62,11.0
la,LA,55048408,2,2,63,11.0
la,LA,55048408,2,2,64,11.0
la,LA,55048408,2,2,65,11.0
la,LA,55048408,2,2,66,11.0
la,LA,55048408,2,2,67,11.0
la,LA,55048408,2,2,68,11.0
la,LA,55048408,2,2,69,11.0
la,LA,55048408,2,2,70,11.0
la,LA,55048408,2,2,71,11.0
la,LA,55048408,2,2,72,11.0
la,LA,55048408,2,2,73,11.0
la,LA,55048408,2,2,74,11.0
la,LA,55048408,2,2,75,11.0
la,LA,55048408,2,2,76,11.0
la,LA,55048408,2,2,77,11.0
la,LA,55048408,2,2,78,11.0
la,LA,55048408,2,2,79,11.0
la,LA,55048408,2,2,80,11.0
la,LA,55048408,2,2,81,11.0
la,LA,55048408,2,2,82,11.0
la,LA,55048408,2,2,83,11.0
la,LA,55048408,2,2,84,11.0
la,LA,55048408,2,2,85,11.0
la,LA,55048408,2,2,86,11.0
la,LA,55048408,2,2,87,11.0
la,LA,55048408,2,2,88,11.0
la,LA,55048408,2,2,89,11.0
la,LA,55048408,2,2,90,11.0
la,LA,55048408,2,2,91,11.0
la,LA,55048408,2,2,92,11.0
la,LA,55048408,2,2,93,11.0
la,LA,55048408,2,2,94,11.0
la,LA,55048408,2,2,95,11.0
la,LA,55048408,2,2,96,11.0
la,LA,55048408,2,2,97,11.0
la,LA,55048408,2,2,98,11.0
la,LA,55048408,2,2,99,11.0
la,LA,55048408,2,2,100,10.0
la,LA,55048408,2,2,101,10.0
la,LA,55048408,2,2,102,10.0
la,LA,55048408,2,2,103,10.0
la,LA,55048408,2,2,104,10.0
la,LA,55048408,2,2,105,10.0
la,LA,55048408,2,2,106,10.0
la,LA,55048408,2,2,107,10.0
la,LA,55048408,2,2,108,10.0
la,LA,55048408,2,2,109,10.0
la,LA,55048408,2,2,110,10.0
la,LA,55048408,2,2,111,10.0
la,LA,55048408,2,2,112,10.0
la,LA,55048408,2,2,113,10.0
la,LA,55048408,2,2,114,10.0
la,LA,55048408,2,2,115,10.0
la,LA,55048408,2,2,116,10.0
la,LA,55048408,2,2,117,10.0
la,LA,55048408,2,2,118,10.0
la,LA,55048408,2,2,119,10.0
la,LA,55048408,2,2,120,10.0
la,LA,55048408,2,2,121,10.0
la,LA,55048408,2,2,122,10.0
la,LA,55048408,2,2,123,10.0
la,LA,55048408,2,2,124,10.0
la,LA,55048408,2,2,125,10.0
la,LA,55048408,2,2,126,10.0
la,LA,55048408,2,2,127,10.0
la,LA,55048408,2,2,128,10.0
la,LA,55048408,2,2,129,10.0
la,LA,55048408,2,2,130,10.0
la,LA,55048408,2,2,131,10.0
la,LA,55048408,2,2,132,10.0
la,LA,55048408,2,2,133,10.0
la,LA,55048408,2,2,134,10.0
la,LA,55048408,2,2,135,10.0
la,LA,55048408,2,2,136,10.0
la,LA,55048408,2,2,137,10.0
la,LA,55048408,2,2,138,10.0
la,LA,55048408,2,2,139,10.0
la,LA,55048408,2,2,140,9.0
la,LA,55048408,2,2,141,9.0
la,LA,55048408,2,2,142,9.0
la,LA,55048408,2,2,143,9.0
la,LA,55048408,2,2,144,9.0
la,LA,55048408,2,2,145,9.0
la,LA,55048408,2,2,146,9.0
la,LA,55048408,2,2,147,9.0
la,LA,55048408,2,2,148,9.0
la,LA,55048408,2,2,149,9.0
la,LA,55048408,2,2,150,9.0
la,LA,55048408,2,2,151,9.0
la,LA,55048408,2,2,152,9.0
la,LA,55048408,2,2,153,9.0
la,LA,55048408,2,2,154,9.0
la,LA,55048408,2,2,155,9.0
la,LA,55048408,2,2,156,9.0
la,LA,55048408,2,2,157,9.0
la,LA,55048408,2,2,158,9.0
la,LA,55048408,2,2,159,9.0
la,LA,55048408,2,2,160,9.0
la,LA,55048408,2,2,161,9.0
la,LA,55048408,2,2,162,9.0
la,LA,55048408,2,2,163,9.0
la,LA,55048408,2,2,164,9.0
la,LA,55048408,2,2,165,9.0
la,LA,55048408,2,2,166,9.0
la,LA,55048408,2,2,167,9.0
la,LA,55048408,2,2,168,9.0
la,LA,55048408,2,2,169,9.0
la,LA,55048408,2,2,170,9.0
la,LA,55048408,2,2,171,9.0
la,LA,55048408,2,2,172,8.0
la,LA,55048408,2,2,173,8.0
la,LA,55048408,2,2,174,8.0
la,LA,55048408,2,2,175,8.0
la,LA,55048408,2,2,176,8.0
la,LA,55048408,2,2,177,8.0
la,LA,55048408,2,2,178,8.0
la,LA,55048408,2,2,179,8.0
la,LA,55048408,2,2,180,8.0
la,LA,55048408,2,2,181,8.0
la,LA,55048408,2,2,182,8.0
la,LA,55048408,2,2,183,8.0
la,LA,55048408,2,2,184,8.0
la,LA,55048408,2,2,185,8.0
la,LA,55048408,2,2,186,8.0
la,LA,55048408,2,2,187,8.0
la,LA,55048408,2,2,188,8.0
la,LA,55048408,2,2,189,8.0
la,LA,55048408,2,2,190,8.0
la,LA,55048408,2,2,191,8.0
la,LA,55048408,2,2,192,8.0
la,LA,55048408,2,2,193,8.0
la,LA,55048408,2,2,194,8.0
la,LA,55048408,2,2,195,8.0
la,LA,55048408,2,2,196,8.0
la,LA,55048408,2,2,197,8.0
la,LA,55048408,2,2,198,8.0
la,LA,55048408,2,2,199,8.0
la,LA,55048408,2,2,200,8.0
la,LA,55048408,2,2,201,8.0
la,LA,55048408,2,2,202,8.0
la,LA,55048408,2,2,203,8.0
la,LA,55048408,2,2,204,8.0
la,LA,55048408,2,2,205,8.0
la,LA,55048408,2,2,206,8.0
la,LA,55048408,2,2,207,8.0
la,LA,55048408,2,2,208,8.0
la,LA,55048408,2,2,209,8.0
la,LA,55048408,2,2,210,8.0
la,LA,55048408,2,2,211,8.0
la,LA,55048408,2,2,212,8.0
la,LA,55048408,2,2,213,8.0
la,LA,55048408,2,2,214,8.0
la,LA,55048408,2,2,215,8.0
la,LA,55048408,2,2,216,8.0
la,LA,55048408,2,2,217,8.0
la,LA,55048408,2,2,218,8.0
la,LA,55048408,2,2,219,8.0
la,LA,55048408,2,2,220,8.0
la,LA,55048408,2,2,221,8.0
la,LA,55048408,2,2,222,8.0
la,LA,55048408,2,2,223,8.0
la,LA,55048408,2,2,224,8.0
la,LA,55048408,2,2,225,8.0
la,LA,55048408,2,2,226,8.0
la,LA,55048408,2,2,227,8.0
la,LA,55048408,2,2,228,8.0
la,LA,55048408,2,2,229,8.0
la,LA,55048408,2,2,230,8.0
la,LA,55048408,2,2,231,8.0
la,LA,55048408,2,2,232,8.0
la,LA,55048408,2,2,233,8.0
la,LA,55048408,2,2,234,8.0
la,LA,55048408,2,2,235,8.0
la,LA,55048408,2,2,236,8.0
la,LA,55048408,2,2,237,8.0
la,LA,55048408,2,2,238,8.0
la,LA,55048408,2,2,239,8.0
la,LA,55048408,2,2,240,8.0
la,LA,55048408,2,2,241,8.0
la,LA,55048408,2,2,242,8.0
la,LA,55048408,2,2,243,8.0
la,LA,55048408,2,2,244,8.0
la,LA,55048408,2,2,245,8.0
la,LA,55048408,2,2,246,8.0
la,LA,55048408,2,2,247,8.0
la,LA,55048408,2,2,248,8.0
la,LA,55048408,2,2,249,8.0
la,LA,55048408,2,2,250,8.0
la,LA,55048408,2,2,251,8.0
la,LA,55048408,2,2,252,8.0
la,LA,55048408,2,2,253,8.0
la,LA,55048408,2,2,254,8.0
la,LA,55048408,2,2,255,8.0
la,LA,55048408,2,2,256,8.0
la,LA,55048408,2,2,257,8.0
la,LA,55048408,2,2,258,8.0
la,LA,55048408,2,2,259,8.0
la,LA,55048408,2,2,260,8.0
la,LA,55048408,2,2,261,8.0
la,LA,55048408,2,2,262,8.0
la,LA,55048408,2,2,263,8.0
la,LA,55048408,2,2,264,8.0
la,LA,55048408,2,2,265,8.0
la,LA,55048408,2,2,266,8.0
la,LA,55048408,2,2,267,8.0
la,LA,55048408,2,2,268,8.0
la,LA,55048408,2,2,269,8.0
la,LA,55048408,2,2,270,8.0
la,LA,55048408,2,2,271,8.0
la,LA,55048408,2,2,272,7.0
la,LA,55048408,2,2,273,7.0
la,LA,55048408,2,2,274,7.0
la,LA,55048408,2,2,275,7.0
la,LA,55048408,2,2,276,7.0
la,LA,55048408,2,2,277,7.0
la,LA,55048408,2,2,278,7.0
la,LA,55048408,2,2,279,7.0
la,LA,55048408,2,2,280,7.0
la,LA,55048408,2,2,281,7.0
la,LA,55048408,2,2,282,7.0
la,LA,55048408,2,2,283,7.0
la,LA,55048408,2,2,284,7.0
la,LA,55048408,2,2,285,7.0
la,LA,55048408,2,2,286,7.0
la,LA,55048408,2,2,287,7.0
la,LA,55048408,2,2,288,6.0
la,LA,55048408,2,2,289,6.0
la,LA,55048408,2,2,290,6.0
la,LA,55048408,2,2,291,6.0
la,LA,55048408,2,2,292,6.0
la,LA,55048408,2,2,293,6.0
la,LA,55048408,2,2,294,6.0
la,LA,55048408,2,2,295,6.0
la,LA,55048408,2,2,296,6.0
la,LA,55048408,2,2,297,6.0
la,LA,55048408,2,2,298,6.0
la,LA,55048408,2,2,299,6.0
la,LA,55048408,2,2,300,6.0
la,LA,55048408,2,2,301,6.0
la,LA,55048408,2,2,302,6.0
la,LA,55048408,2,2,303,6.0
la,LA,55048408,2,2,304,6.0
la,LA,55048408,2,2,305,6.0
la,LA,55048408,2,2,306,6.0
la,LA,55048408,2,2,307,6.0
la,LA,55048408,2,2,308,6.0
la,LA,55048408,2,2,309,6.0
la,LA,55048408,2,2,310,6.0
la,LA,55048408,2,2,311,6.0
la,LA,55048408,2,2,312,5.0
la,LA,55048408,2,2,313,5.0
la,LA,55048408,2,2,314,5.0
la,LA,55048408,2,2,315,5.0
la,LA,55048408,2,2,316,5.0
la,LA,55048408,2,2,317,5.0
la,LA,55048408,2,2,318,5.0
la,LA,55048408,2,2,319,5.0
la,LA,55048408,2,2,320,4.0
la,LA,55048408,2,2,321,4.0
la,LA,55048408,2,2,322,4.0
la,LA,55048408,2,2,323,4.0
la,LA,55048408,2,2,324,4.0
la,LA,55048408,2,2,325,4.0
la,LA,55048408,2,2,326,4.0
la,LA,55048408,2,2,327,4.0
la,LA,55048408,2,2,328,3.0
la,LA,55048408,2,2,329,3.0
la,LA,55048408,2,2,330,3.0
la,LA,55048408,2,2,331,3.0
la,LA,55048408,2,2,332,3.0
la,LA,55048408,2,2,333,3.0
la,LA,55048408,2,2,334,3.0
la,LA,55048408,2,2,335,3.0
la,LA,55048408,2,2,336,2.0
la,LA,55048408,2,2,337,2.0
la,LA,55048408,2,2,338,2.0
la,LA,55048408,2,2,339,2.0
la,LA,55048408,2,2,340,2.0
la,LA,55048408,2,2,341,2.0
la,LA,55048408,2,2,342,2.0
la,LA,55048408,2,2,343,2.0
la,LA,55048408,2,2,344,2.0
la,LA,55048408,2,2,345,2.0
la,LA,55048408,2,2,346,2.0
la,LA,55048408,2,2,347,2.0
la,LA,55048408,2,2,348,1.0
la,LA,55048408,2,2,349,1.0
la,LA,55048408,2,2,350,1.0
la,LA,55048408,2,2,351,1.0
la,LA,55048408,2,2,352,1.0
la,LA,55048408,2,2,353,1.0
la,LA,55048408,2,2,354,1.0
la,LA,55048408,2,2,355,1.0
la,LA,55048408,3,0,0,16.0
la,LA,55048408,3,0,1,16.0
la,LA,55048408,3,0,2,16.0
la,LA,55048408,3,0,3,16.0
la,LA,55048408,3,0,4,16.0
la,LA,55048408,3,0,5,16.0
la,LA,55048408,3,0,6,16.0
la,LA,55048408,3,0,7,16.0
la,LA,55048408,3,0,8,16.0
la,LA,55048408,3,0,9,16.0
la,LA,55048408,3,0,10,16.0
la,LA,55048408,3,0,11,16.0
la,LA,55048408,3,0,12,16.0
la,LA,55048408,3,0,13,16.0
la,LA,55048408,3,0,14,16.0
la,LA,55048408,3,0,15,16.0
la,LA,55048408,3,0,16,16.0
la,LA,55048408,3,0,17,16.0
la,LA,55048408,3,0,18,16.0
la,LA,55048408,3,0,19,16.0
la,LA,55048408,3,0,20,16.0
la,LA,55048408,3,0,21,16.0
la,LA,55048408,3,0,22,16.0
la,LA,55048408,3,0,23,16.0
la,LA,55048408,3,0,24,16.0
la,LA,55048408,3,0,25,16.0
la,LA,55048408,3,0,26,16.0
la,LA,55048408,3,0,27,16.0
la,LA,55048408,3,0,28,15.0
la,LA,55048408,3,0,29,15.0
la,LA,55048408,3,0,30,15.0
la,LA,55048408,3,0,31,15.0
la,LA,55048408,3,0,32,11.0
la,LA,55048408,3,0,33,11.0
la,LA,55048408,3,0,34,11.0
la,LA,55048408,3,0,35,11.0
la,LA,55048408,3,0,36,11.0
la,LA,55048408,3,0,37,11.0
la,LA,55048408,3,0,38,11.0
la,LA,55048408,3,0,39,11.0
la,LA,55048408,3,0,40,11.0
la,LA,55048408,3,0,41,11.0
la,LA,55048408,3,0,42,11.0
la,LA,55048408,3,0,43,11.0
la,LA,55048408,3,0,44,11.0
la,LA,55048408,3,0,45,11.0
la,LA,55048408,3,0,46,11.0
la,LA,55048408,3,0,47,11.0
la,LA,55048408,3,0,48,11.0
la,LA,55048408,3,0,49,11.0
la,LA,55048408,3,0,50,11.0
la,LA,55048408,3,0,51,11.0
la,LA,55048408,3,0,52,11.0
la,LA,55048408,3,0,53,11.0
la,LA,55048408,3,0,54,11.0
la,LA,55048408,3,0,55,11.0
la,LA,55048408,3,0,56,11.0
la,LA,55048408,3,0,57,11.0
la,LA,55048408,3,0,58,11.0
la,LA,55048408,3,0,59,11.0
la,LA,55048408,3,0,60,11.0
la,LA,55048408,3,0,61,11.0
la,LA,55048408,3,0,62,11.0
la,LA,55048408,3,0,63,11.0
la,LA,55048408,3,0,64,11.0
la,LA,55048408,3,0,65,11.0
la,LA,55048408,3,0,66,11.0
la,LA,55048408,3,0,67,11.0
la,LA,55048408,3,0,68,11.0
la,LA,55048408,3,0,69,11.0
la,LA,55048408,3,0,70,11.0
la,LA,55048408,3,0,71,11.0
la,LA,55048408,3,0,72,11.0
la,LA,55048408,3,0,73,11.0
la,LA,55048408,3,0,74,11.0
la,LA,55048408,3,0,75,11.0
la,LA,55048408,3,0,76,11.0
la,LA,55048408,3,0,77,11.0
la,LA,55048408,3,0,78,11.0
la,LA,55048408,3,0,79,11.0
la,LA,55048408,3,0,80,11.0
la,LA,55048408,3,0,81,11.0
la,LA,55048408,3,0,82,11.0
la,LA,55048408,3,0,83,11.0
la,LA,55048408,3,0,84,11.0
la,LA,55048408,3,0,85,11.0
la,LA,55048408,3,0,86,11.0
la,LA,55048408,3,0,87,11.0
la,LA,55048408,3,0,88,11.0
la,LA,55048408,3,0,89,11.0
la,LA,55048408,3,0,90,11.0
la,LA,55048408,3,0,91,11.0
la,LA,55048408,3,0,92,11.0
la,LA,55048408,3,0,93,11.0
la,LA,55048408,3,0,94,11.0
la,LA,55048408,3,0,95,11.0
la,LA,55048408,3,0,96,11.0
la,LA,55048408,3,0,97,11.0
la,LA,55048408,3,0,98,11.0
la,LA,55048408,3,0,99,11.0
la,LA,55048408,3,0,100,10.0
la,LA,55048408,3,0,101,10.0
la,LA,55048408,3,0,102,10.0
la,LA,55048408,3,0,103,10.0
la,LA,55048408,3,0,104,10.0
la,LA,55048408,3,0,105,10.0
la,LA,55048408,3,0,106,10.0
la,LA,55048408,3,0,107,10.0
la,LA,55048408,3,0,108,10.0
la,LA,55048408,3,0,109,10.0
la,LA,55048408,3,0,110,10.0
la,LA,55048408,3,0,111,10.0
la,LA,55048408,3,0,112,10.0
la,LA,55048408,3,0,113,10.0
la,LA,55048408,3,0,114,10.0
la,LA,55048408,3,0,115,10.0
la,LA,55048408,3,0,116,10.0
la,LA,55048408,3,0,117,10.0
la,LA,55048408,3,0,118,10.0
la,LA,55048408,3,0,119,10.0
la,LA,55048408,3,0,120,10.0
la,LA,55048408,3,0,121,10.0
la,LA,55048408,3,0,122,10.0
la,LA,55048408,3,0,123,10.0
la,LA,55048408,3,0,124,10.0
la,LA,55048408,3,0,125,10.0
la,LA,55048408,3,0,126,10.0
la,LA,55048408,3,0,127,10.0
la,LA,55048408,3,0,128,10.0
la,LA,55048408,3,0,129,10.0
la,LA,55048408,3,0,130,10.0
la,LA,55048408,3,0,131,10.0
la,LA,55048408,3,0,132,10.0
la,LA,55048408,3,0,133,10.0
la,LA,55048408,3,0,134,10.0
la,LA,55048408,3,0,135,10.0
la,LA,55048408,3,0,136,10.0
la,LA,55048408,3,0,137,10.0
la,LA,55048408,3,0,138,10.0
la,LA,55048408,3,0,139,10.0
la,LA,55048408,3,0,140,9.0
la,LA,55048408,3,0,141,9.0
la,LA,55048408,3,0,142,9.0
la,LA,55048408,3,0,143,9.0
la,LA,55048408,3,0,144,9.0
la,LA,55048408,3,0,145,9.0
la,LA,55048408,3,0,146,9.0
la,LA,55048408,3,0,147,9.0
la,LA,55048408,3,0,148,9.0
la,LA,55048408,3,0,149,9.0
la,LA,55048408,3,0,150,9.0
la,LA,55048408,3,0,151,9.0
la,LA,55048408,3,0,152,9.0
la,LA,55048408,3,0,153,9.0
la,LA,55048408,3,0,154,9.0
la,LA,55048408,3,0,155,9.0
la,LA,55048408,3,0,156,9.0
la,LA,55048408,3,0,157,9.0
la,LA,55048408,3,0,158,9.0
la,LA,55048408,3,0,159,9.0
la,LA,55048408,3,0,160,9.0
la,LA,55048408,3,0,161,9.0
la,LA,55048408,3,0,162,9.0
la,LA,55048408,3,0,163,9.0
la,LA,55048408,3,0,164,9.0
la,LA,55048408,3,0,165,9.0
la,LA,55048408,3,0,166,9.0
la,LA,55048408,3,0,167,9.0
la,LA,55048408,3,0,168,9.0
la,LA,55048408,3,0,169,9.0
la,LA,55048408,3,0,170,9.0
la,LA,55048408,3,0,171,9.0
la,LA,55048408,3,0,172,8.0
la,LA,55048408,3,0,173,8.0
la,LA,55048408,3,0,174,8.0
la,LA,55048408,3,0,175,8.0
la,LA,55048408,3,0,176,8.0
la,LA,55048408,3,0,177,8.0
la,LA,55048408,3,0,178,8.0
la,LA,55048408,3,0,179,8.0
la,LA,55048408,3,0,180,8.0
la,LA,55048408,3,0,181,8.0
la,LA,55048408,3,0,182,8.0
la,LA,55048408,3,0,183,8.0
la,LA,55048408,3,0,184,8.0
la,LA,55048408,3,0,185,8.0
la,LA,55048408,3,0,186,8.0
la,LA,55048408,3,0,187,8.0
la,LA,55048408,3,0,188,8.0
la,LA,55048408,3,0,189,8.0
la,LA,55048408,3,0,190,8.0
la,LA,55048408,3,0,191,8.0
la,LA,55048408,3,0,192,8.0
la,LA,55048408,3,0,193,8.0
la,LA,55048408,3,0,194,8.0
la,LA,55048408,3,0,195,8.0
la,LA,55048408,3,0,196,8.0
la,LA,55048408,3,0,197,8.0
la,LA,55048408,3,0,198,8.0
la,LA,55048408,3,0,199,8.0
la,LA,55048408,3,0,200,8.0
la,LA,55048408,3,0,201,8.0
la,LA,55048408,3,0,202,8.0
la,LA,55048408,3,0,203,8.0
la,LA,55048408,3,0,204,8.0
la,LA,55048408,3,0,205,8.0
la,LA,55048408,3,0,206,8.0
la,LA,55048408,3,0,207,8.0
la,LA,55048408,3,0,208,8.0
la,LA,55048408,3,0,209,8.0
la,LA,55048408,3,0,210,8.0
la,LA,55048408,3,0,211,8.0
la,LA,55048408,3,0,212,8.0
la,LA,55048408,3,0,213,8.0
la,LA,55048408,3,0,214,8.0
la,LA,55048408,3,0,215,8.0
la,LA,55048408,3,0,216,8.0
la,LA,55048408,3,0,217,8.0
la,LA,55048408,3,0,218,8.0
la,LA,55048408,3,0,219,8.0
la,LA,55048408,3,0,220,8.0
la,LA,55048408,3,0,221,8.0
la,LA,55048408,3,0,222,8.0
la,LA,55048408,3,0,223,8.0
la,LA,55048408,3,0,224,8.0
la,LA,55048408,3,0,225,8.0
la,LA,55048408,3,0,226,8.0
la,LA,55048408,3,0,227,8.0
la,LA,55048408,3,0,228,8.0
la,LA,55048408,3,0,229,8.0
la,LA,55048408,3,0,230,8.0
la,LA,55048408,3,0,231,8.0
la,LA,55048408,3,0,232,8.0
la,LA,55048408,3,0,233,8.0
la,LA,55048408,3,0,234,8.0
la,LA,55048408,3,0,235,8.0
la,LA,55048408,3,0,236,8.0
la,LA,55048408,3,0,237,8.0
la,LA,55048408,3,0,238,8.0
la,LA,55048408,3,0,239,8.0
la,LA,55048408,3,0,240,8.0
la,LA,55048408,3,0,241,8.0
la,LA,55048408,3,0,242,8.0
la,LA,55048408,3,0,243,8.0
la,LA,55048408,3,0,244,8.0
la,LA,55048408,3,0,245,8.0
la,LA,55048408,3,0,246,8.0
la,LA,55048408,3,0,247,8.0
la,LA,55048408,3,0,248,8.0
la,LA,55048408,3,0,249,8.0
la,LA,55048408,3,0,250,8.0
la,LA,55048408,3,0,251,8.0
la,LA,55048408,3,0,252,8.0
la,LA,55048408,3,0,253,8.0
la,LA,55048408,3,0,254,8.0
la,LA,55048408,3,0,255,8.0
la,LA,55048408,3,0,256,8.0
la,LA,55048408,3,0,257,8.0
la,LA,55048408,3,0,258,8.0
la,LA,55048408,3,0,259,8.0
la,LA,55048408,3,0,260,8.0
la,LA,55048408,3,0,261,8.0
la,LA,55048408,3,0,262,8.0
la,LA,55048408,3,0,263,8.0
la,LA,55048408,3,0,264,8.0
la,LA,55048408,3,0,265,8.0
la,LA,55048408,3,0,266,8.0
la,LA,55048408,3,0,267,8.0
la,LA,55048408,3,0,268,8.0
la,LA,55048408,3,0,269,8.0
la,LA,55048408,3,0,270,8.0
la,LA,55048408,3,0,271,8.0
la,LA,55048408,3,0,272,7.0
la,LA,55048408,3,0,273,7.0
la,LA,55048408,3,0,274,7.0
la,LA,55048408,3,0,275,7.0
la,LA,55048408,3,0,276,7.0
la,LA,55048408,3,0,277,7.0
la,LA,55048408,3,0,278,7.0
la,LA,55048408,3,0,279,7.0
la,LA,55048408,3,0,280,7.0
la,LA,55048408,3,0,281,7.0
la,LA,55048408,3,0,282,7.0
la,LA,55048408,3,0,283,7.0
la,LA,55048408,3,0,284,7.0
la,LA,55048408,3,0,285,7.0
la,LA,55048408,3,0,286,7.0
la,LA,55048408,3,0,287,7.0
la,LA,55048408,3,0,288,6.0
la,LA,55048408,3,0,289,6.0
la,LA,55048408,3,0,290,6.0
la,LA,55048408,3,0,291,6.0
la,LA,55048408,3,0,292,6.0
la,LA,55048408,3,0,293,6.0
la,LA,55048408,3,0,294,6.0
la,LA,55048408,3,0,295,6.0
la,LA,55048408,3,0,296,6.0
la,LA,55048408,3,0,297,6.0
la,LA,55048408,3,0,298,6.0
la,LA,55048408,3,0,299,6.0
la,LA,55048408,3,0,300,6.0
la,LA,55048408,3,0,301,6.0
la,LA,55048408,3,0,302,6.0
la,LA,55048408,3,0,303,6.0
la,LA,55048408,3,0,304,6.0
la,LA,55048408,3,0,305,6.0
la,LA,55048408,3,0,306,6.0
la,LA,55048408,3,0,307,6.0
la,LA,55048408,3,0,308,6.0
la,LA,55048408,3,0,309,6.0
la,LA,55048408,3,0,310,6.0
la,LA,55048408,3,0,311,6.0
la,LA,55048408,3,0,312,5.0
la,LA,55048408,3,0,313,5.0
la,LA,55048408,3,0,314,5.0
la,LA,55048408,3,0,315,5.0
la,LA,55048408,3,0,316,5.0
la,LA,55048408,3,0,317,5.0
la,LA,55048408,3,0,318,5.0
la,LA,55048408,3,0,319,5.0
la,LA,55048408,3,0,320,4.0
la,LA,55048408,3,0,321,4.0
la,LA,55048408,3,0,322,4.0
la,LA,55048408,3,0,323,4.0
la,LA,55048408,3,0,324,4.0
la,LA,55048408,3,0,325,4.0
la,LA,55048408,3,0,326,4.0
la,LA,55048408,3,0,327,4.0
la,LA,55048408,3,0,328,3.0
la,LA,55048408,3,0,329,3.0
la,LA,55048408,3,0,330,3.0
la,LA,55048408,3,0,331,3.0
la,LA,55048408,3,0,332,3.0
la,LA,55048408,3,0,333,3.0
la,LA,55048408,3,0,334,3.0
la,LA,55048408,3,0,335,3.0
la,LA,55048408,3,0,336,2.0
la,LA,55048408,3,0,337,2.0
la,LA,55048408,3,0,338,2.0
la,LA,55048408,3,0,339,2.0
la,LA,55048408,3,0,340,2.0
la,LA,55048408,3,0,341,2.0
la,LA,55048408,3,0,342,2.0
la,LA,55048408,3,0,343,2.0
la,LA,55048408,3,0,344,2.0
la,LA,55048408,3,0,345,2.0
la,LA,55048408,3,0,346,2.0
la,LA,55048408,3,0,347,2.0
la,LA,55048408,3,0,348,1.0
la,LA,55048408,3,0,349,1.0
la,LA,55048408,3,0,350,1.0
la,LA,55048408,3,0,351,1.0
la,LA,55048408,3,0,352,1.0
la,LA,55048408,3,0,353,1.0
la,LA,55048408,3,0,354,1.0
la,LA,55048408,3,0,355,1.0
la,LA,55048408,3,1,0,16.0
la,LA,55048408,3,1,1,16.0
la,LA,55048408,3,1,2,16.0
la,LA,55048408,3,1,3,16.0
la,LA,55048408,3,1,4,16.0
la,LA,55048408,3,1,5,16.0
la,LA,55048408,3,1,6,16.0
la,LA,55048408,3,1,7,16.0
la,LA,55048408,3,1,8,16.0
la,LA,55048408,3,1,9,16.0
la,LA,55048408,3,1,10,16.0
la,LA,55048408,3,1,11,16.0
la,LA,55048408,3,1,12,16.0
la,LA,55048408,3,1,13,16.0
la,LA,55048408,3,1,14,16.0
la,LA,55048408,3,1,15,16.0
la,LA,55048408,3,1,16,16.0
la,LA,55048408,3,1,17,16.0
la,LA,55048408,3,1,18,16.0
la,LA,55048408,3,1,19,16.0
la,LA,55048408,3,1,20,16.0
la,LA,55048408,3,1,21,16.0
la,LA,55048408,3,1,22,16.0
la,LA,55048408,3,1,23,16.0
la,LA,55048408,3,1,24,16.0
la,LA,55048408,3,1,25,16.0
la,LA,55048408,3,1,26,16.0
la,LA,55048408,3,1,27,16.0
la,LA,55048408,3,1,28,15.0
la,LA,55048408,3,1,29,15.0
la,LA,55048408,3,1,30,15.0
la,LA,55048408,3,1,31,15.0
la,LA,55048408,3,1,32,11.0
la,LA,55048408,3,1,33,11.0
la,LA,55048408,3,1,34,11.0
la,LA,55048408,3,1,35,11.0
la,LA,55048408,3,1,36,11.0
la,LA,55048408,3,1,37,11.0
la,LA,55048408,3,1,38,11.0
la,LA,55048408,3,1,39,11.0
la,LA,55048408,3,1,40,11.0
la,LA,55048408,3,1,41,11.0
la,LA,55048408,3,1,42,11.0
la,LA,55048408,3,1,43,11.0
la,LA,55048408,3,1,44,11.0
la,LA,55048408,3,1,45,11.0
la,LA,55048408,3,1,46,11.0
la,LA,55048408,3,1,47,11.0
la,LA,55048408,3,1,48,11.0
la,LA,55048408,3,1,49,11.0
la,LA,55048408,3,1,50,11.0
la,LA,55048408,3,1,51,11.0
la,LA,55048408,3,1,52,11.0
la,LA,55048408,3,1,53,11.0
la,LA,55048408,3,1,54,11.0
la,LA,55048408,3,1,55,11.0
la,LA,55048408,3,1,56,11.0
la,LA,55048408,3,1,57,11.0
la,LA,55048408,3,1,58,11.0
la,LA,55048408,3,1,59,11.0
la,LA,55048408,3,1,60,11.0
la,LA,55048408,3,1,61,11.0
la,LA,55048408,3,1,62,11.0
la,LA,55048408,3,1,63,11.0
la,LA,55048408,3,1,64,11.0
la,LA,55048408,3,1,65,11.0
la,LA,55048408,3,1,66,11.0
la,LA,55048408,3,1,67,11.0
la,LA,55048408,3,1,68,11.0
la,LA,55048408,3,1,69,11.0
la,LA,55048408,3,1,70,11.0
la,LA,55048408,3,1,71,11.0
la,LA,55048408,3,1,72,11.0
la,LA,55048408,3,1,73,11.0
la,LA,55048408,3,1,74,11.0
la,LA,55048408,3,1,75,11.0
la,LA,55048408,3,1,76,11.0
la,LA,55048408,3,1,77,11.0
la,LA,55048408,3,1,78,11.0
la,LA,55048408,3,1,79,11.0
la,LA,55048408,3,1,80,11.0
la,LA,55048408,3,1,81,11.0
la,LA,55048408,3,1,82,11.0
la,LA,55048408,3,1,83,11.0
la,LA,55048408,3,1,84,11.0
la,LA,55048408,3,1,85,11.0
la,LA,55048408,3,1,86,11.0
la,LA,55048408,3,1,87,11.0
la,LA,55048408,3,1,88,11.0
la,LA,55048408,3,1,89,11.0
la,LA,55048408,3,1,90,11.0
la,LA,55048408,3,1,91,11.0
la,LA,55048408,3,1,92,11.0
la,LA,55048408,3,1,93,11.0
la,LA,55048408,3,1,94,11.0
la,LA,55048408,3,1,95,11.0
la,LA,55048408,3,1,96,11.0
la,LA,55048408,3,1,97,11.0
la,LA,55048408,3,1,98,11.0
la,LA,55048408,3,1,99,11.0
la,LA,55048408,3,1,100,10.0
la,LA,55048408,3,1,101,10.0
la,LA,55048408,3,1,102,10.0
la,LA,55048408,3,1,103,10.0
la,LA,55048408,3,1,104,10.0
la,LA,55048408,3,1,105,10.0
la,LA,55048408,3,1,106,10.0
la,LA,55048408,3,1,107,10.0
la,LA,55048408,3,1,108,10.0
la,LA,55048408,3,1,109,10.0
la,LA,55048408,3,1,110,10.0
la,LA,55048408,3,1,111,10.0
la,LA,55048408,3,1,112,10.0
la,LA,55048408,3,1,113,10.0
la,LA,55048408,3,1,114,10.0
la,LA,55048408,3,1,115,10.0
la,LA,55048408,3,1,116,10.0
la,LA,55048408,3,1,117,10.0
la,LA,55048408,3,1,118,10.0
la,LA,55048408,3,1,119,10.0
la,LA,55048408,3,1,120,10.0
la,LA,55048408,3,1,121,10.0
la,LA,55048408,3,1,122,10.0
la,LA,55048408,3,1,123,10.0
la,LA,55048408,3,1,124,10.0
la,LA,55048408,3,1,125,10.0
la,LA,55048408,3,1,126,10.0
la,LA,55048408,3,1,127,10.0
la,LA,55048408,3,1,128,10.0
la,LA,55048408,3,1,129,10.0
la,LA,55048408,3,1,130,10.0
la,LA,55048408,3,1,131,10.0
la,LA,55048408,3,1,132,10.0
la,LA,55048408,3,1,133,10.0
la,LA,55048408,3,1,134,10.0
la,LA,55048408,3,1,135,10.0
la,LA,55048408,3,1,136,10.0
la,LA,55048408,3,1,137,10.0
la,LA,55048408,3,1,138,10.0
la,LA,55048408,3,1,139,10.0
la,LA,55048408,3,1,140,9.0
la,LA,55048408,3,1,141,9.0
la,LA,55048408,3,1,142,9.0
la,LA,55048408,3,1,143,9.0
la,LA,55048408,3,1,144,9.0
la,LA,55048408,3,1,145,9.0
la,LA,55048408,3,1,146,9.0
la,LA,55048408,3,1,147,9.0
la,LA,55048408,3,1,148,9.0
la,LA,55048408,3,1,149,9.0
la,LA,55048408,3,1,150,9.0
la,LA,55048408,3,1,151,9.0
la,LA,55048408,3,1,152,9.0
la,LA,55048408,3,1,153,9.0
la,LA,55048408,3,1,154,9.0
la,LA,55048408,3,1,155,9.0
la,LA,55048408,3,1,156,9.0
la,LA,55048408,3,1,157,9.0
la,LA,55048408,3,1,158,9.0
la,LA,55048408,3,1,159,9.0
la,LA,55048408,3,1,160,9.0
la,LA,55048408,3,1,161,9.0
la,LA,55048408,3,1,162,9.0
la,LA,55048408,3,1,163,9.0
la,LA,55048408,3,1,164,9.0
la,LA,55048408,3,1,165,9.0
la,LA,55048408,3,1,166,9.0
la,LA,55048408,3,1,167,9.0
la,LA,55048408,3,1,168,9.0
la,LA,55048408,3,1,169,9.0
la,LA,55048408,3,1,170,9.0
la,LA,55048408,3,1,171,9.0
la,LA,55048408,3,1,172,8.0
la,LA,55048408,3,1,173,8.0
la,LA,55048408,3,1,174,8.0
la,LA,55048408,3,1,175,8.0
la,LA,55048408,3,1,176,8.0
la,LA,55048408,3,1,177,8.0
la,LA,55048408,3,1,178,8.0
la,LA,55048408,3,1,179,8.0
la,LA,55048408,3,1,180,8.0
la,LA,55048408,3,1,181,8.0
la,LA,55048408,3,1,182,8.0
la,LA,55048408,3,1,183,8.0
la,LA,55048408,3,1,184,8.0
la,LA,55048408,3,1,185,8.0
la,LA,55048408,3,1,186,8.0
la,LA,55048408,3,1,187,8.0
la,LA,55048408,3,1,188,8.0
la,LA,55048408,3,1,189,8.0
la,LA,55048408,3,1,190,8.0
la,LA,55048408,3,1,191,8.0
la,LA,55048408,3,1,192,8.0
la,LA,55048408,3,1,193,8.0
la,LA,55048408,3,1,194,8.0
la,LA,55048408,3,1,195,8.0
la,LA,55048408,3,1,196,8.0
la,LA,55048408,3,1,197,8.0
la,LA,55048408,3,1,198,8.0
la,LA,55048408,3,1,199,8.0
la,LA,55048408,3,1,200,8.0
la,LA,55048408,3,1,201,8.0
la,LA,55048408,3,1,202,8.0
la,LA,55048408,3,1,203,8.0
la,LA,55048408,3,1,204,8.0
la,LA,55048408,3,1,205,8.0
la,LA,55048408,3,1,206,8.0
la,LA,55048408,3,1,207,8.0
la,LA,55048408,3,1,208,8.0
la,LA,55048408,3,1,209,8.0
la,LA,55048408,3,1,210,8.0
la,LA,55048408,3,1,211,8.0
la,LA,55048408,3,1,212,8.0
la,LA,55048408,3,1,213,8.0
la,LA,55048408,3,1,214,8.0
la,LA,55048408,3,1,215,8.0
la,LA,55048408,3,1,216,8.0
la,LA,55048408,3,1,217,8.0
la,LA,55048408,3,1,218,8.0
la,LA,55048408,3,1,219,8.0
la,LA,55048408,3,1,220,8.0
la,LA,55048408,3,1,221,8.0
la,LA,55048408,3,1,222,8.0
la,LA,55048408,3,1,223,8.0
la,LA,55048408,3,1,224,8.0
la,LA,55048408,3,1,225,8.0
la,LA,55048408,3,1,226,8.0
la,LA,55048408,3,1,227,8.0
la,LA,55048408,3,1,228,8.0
la,LA,55048408,3,1,229,8.0
la,LA,55048408,3,1,230,8.0
la,LA,55048408,3,1,231,8.0
la,LA,55048408,3,1,232,8.0
la,LA,55048408,3,1,233,8.0
la,LA,55048408,3,1,234,8.0
la,LA,55048408,3,1,235,8.0
la,LA,55048408,3,1,236,8.0
la,LA,55048408,3,1,237,8.0
la,LA,55048408,3,1,238,8.0
la,LA,55048408,3,1,239,8.0
la,LA,55048408,3,1,240,8.0
la,LA,55048408,3,1,241,8.0
la,LA,55048408,3,1,242,8.0
la,LA,55048408,3,1,243,8.0
la,LA,55048408,3,1,244,8.0
la,LA,55048408,3,1,245,8.0
la,LA,55048408,3,1,246,8.0
la,LA,55048408,3,1,247,8.0
la,LA,55048408,3,1,248,8.0
la,LA,55048408,3,1,249,8.0
la,LA,55048408,3,1,250,8.0
la,LA,55048408,3,1,251,8.0
la,LA,55048408,3,1,252,8.0
la,LA,55048408,3,1,253,8.0
la,LA,55048408,3,1,254,8.0
la,LA,55048408,3,1,255,8.0
la,LA,55048408,3,1,256,8.0
la,LA,55048408,3,1,257,8.0
la,LA,55048408,3,1,258,8.0
la,LA,55048408,3,1,259,8.0
la,LA,55048408,3,1,260,8.0
la,LA,55048408,3,1,261,8.0
la,LA,55048408,3,1,262,8.0
la,LA,55048408,3,1,263,8.0
la,LA,55048408,3,1,264,8.0
la,LA,55048408,3,1,265,8.0
la,LA,55048408,3,1,266,8.0
la,LA,55048408,3,1,267,8.0
la,LA,55048408,3,1,268,8.0
la,LA,55048408,3,1,269,8.0
la,LA,55048408,3,1,270,8.0
la,LA,55048408,3,1,271,8.0
la,LA,55048408,3,1,272,7.0
la,LA,55048408,3,1,273,7.0
la,LA,55048408,3,1,274,7.0
la,LA,55048408,3,1,275,7.0
la,LA,55048408,3,1,276,7.0
la,LA,55048408,3,1,277,7.0
la,LA,55048408,3,1,278,7.0
la,LA,55048408,3,1,279,7.0
la,LA,55048408,3,1,280,7.0
la,LA,55048408,3,1,281,7.0
la,LA,55048408,3,1,282,7.0
la,LA,55048408,3,1,283,7.0
la,LA,55048408,3,1,284,7.0
la,LA,55048408,3,1,285,7.0
la,LA,55048408,3,1,286,7.0
la,LA,55048408,3,1,287,7.0
la,LA,55048408,3,1,288,6.0
la,LA,55048408,3,1,289,6.0
la,LA,55048408,3,1,290,6.0
la,LA,55048408,3,1,291,6.0
la,LA,55048408,3,1,292,6.0
la,LA,55048408,3,1,293,6.0
la,LA,55048408,3,1,294,6.0
la,LA,55048408,3,1,295,6.0
la,LA,55048408,3,1,296,6.0
la,LA,55048408,3,1,297,6.0
la,LA,55048408,3,1,298,6.0
la,LA,55048408,3,1,299,6.0
la,LA,55048408,3,1,300,6.0
la,LA,55048408,3,1,301,6.0
la,LA,55048408,3,1,302,6.0
la,LA,55048408,3,1,303,6.0
la,LA,55048408,3,1,304,6.0
la,LA,55048408,3,1,305,6.0
la,LA,55048408,3,1,306,6.0
la,LA,55048408,3,1,307,6.0
la,LA,55048408,3,1,308,6.0
la,LA,55048408,3,1,309,6.0
la,LA,55048408,3,1,310,6.0
la,LA,55048408,3,1,311,6.0
la,LA,55048408,3,1,312,5.0
la,LA,55048408,3,1,313,5.0
la,LA,55048408,3,1,314,5.0
la,LA,55048408,3,1,315,5.0
la,LA,55048408,3,1,316,5.0
la,LA,55048408,3,1,317,5.0
la,LA,55048408,3,1,318,5.0
la,LA,55048408,3,1,319,5.0
la,LA,55048408,3,1,320,4.0
la,LA,55048408,3,1,321,4.0
la,LA,55048408,3,1,322,4.0
la,LA,55048408,3,1,323,4.0
la,LA,55048408,3,1,324,4.0
la,LA,55048408,3,1,325,4.0
la,LA,55048408,3,1,326,4.0
la,LA,55048408,3,1,327,4.0
la,LA,55048408,3,1,328,3.0
la,LA,55048408,3,1,329,3.0
la,LA,55048408,3,1,330,3.0
la,LA,55048408,3,1,331,3.0
la,LA,55048408,3,1,332,3.0
la,LA,55048408,3,1,333,3.0
la,LA,55048408,3,1,334,3.0
la,LA,55048408,3,1,335,3.0
la,LA,55048408,3,1,336,2.0
la,LA,55048408,3,1,337,2.0
la,LA,55048408,3,1,338,2.0
la,LA,55048408,3,1,339,2.0
la,LA,55048408,3,1,340,2.0
la,LA,55048408,3,1,341,2.0
la,LA,55048408,3,1,342,2.0
la,LA,55048408,3,1,343,2.0
la,LA,55048408,3,1,344,2.0
la,LA,55048408,3,1,345,2.0
la,LA,55048408,3,1,346,2.0
la,LA,55048408,3,1,347,2.0
la,LA,55048408,3,1,348,1.0
la,LA,55048408,3,1,349,1.0
la,LA,55048408,3,1,350,1.0
la,LA,55048408,3,1,351,1.0
la,LA,55048408,3,1,352,1.0
la,LA,55048408,3,1,353,1.0
la,LA,55048408,3,1,354,1.0
la,LA,55048408,3,1,355,1.0
la,LA,55048408,3,2,0,16.0
la,LA,55048408,3,2,1,16.0
la,LA,55048408,3,2,2,16.0
la,LA,55048408,3,2,3,16.0
la,LA,55048408,3,2,4,16.0
la,LA,55048408,3,2,5,16.0
la,LA,55048408,3,2,6,16.0
la,LA,55048408,3,2,7,16.0
la,LA,55048408,3,2,8,16.0
la,LA,55048408,3,2,9,16.0
la,LA,55048408,3,2,10,16.0
la,LA,55048408,3,2,11,16.0
la,LA,55048408,3,2,12,16.0
la,LA,55048408,3,2,13,16.0
la,LA,55048408,3,2,14,16.0
la,LA,55048408,3,2,15,16.0
la,LA,55048408,3,2,16,16.0
la,LA,55048408,3,2,17,16.0
la,LA,55048408,3,2,18,16.0
la,LA,55048408,3,2,19,16.0
la,LA,55048408,3,2,20,16.0
la,LA,55048408,3,2,21,16.0
la,LA,55048408,3,2,22,16.0
la,LA,55048408,3,2,23,16.0
la,LA,55048408,3,2,24,16.0
la,LA,55048408,3,2,25,16.0
la,LA,55048408,3,2,26,16.0
la,LA,55048408,3,2,27,16.0
la,LA,55048408,3,2,28,15.0
la,LA,55048408,3,2,29,15.0
la,LA,55048408,3,2,30,15.0
la,LA,55048408,3,2,31,15.0
la,LA,55048408,3,2,32,11.0
la,LA,55048408,3,2,33,11.0
la,LA,55048408,3,2,34,11.0
la,LA,55048408,3,2,35,11.0
la,LA,55048408,3,2,36,11.0
la,LA,55048408,3,2,37,11.0
la,LA,55048408,3,2,38,11.0
la,LA,55048408,3,2,39,11.0
la,LA,55048408,3,2,40,11.0
la,LA,55048408,3,2,41,11.0
la,LA,55048408,3,2,42,11.0
la,LA,55048408,3,2,43,11.0
la,LA,55048408,3,2,44,11.0
la,LA,55048408,3,2,45,11.0
la,LA,55048408,3,2,46,11.0
la,LA,55048408,3,2,47,11.0
la,LA,55048408,3,2,48,11.0
la,LA,55048408,3,2,49,11.0
la,LA,55048408,3,2,50,11.0
la,LA,55048408,3,2,51,11.0
la,LA,55048408,3,2,52,11.0
la,LA,55048408,3,2,53,11.0
la,LA,55048408,3,2,54,11.0
la,LA,55048408,3,2,55,11.0
la,LA,55048408,3,2,56,11.0
la,LA,55048408,3,2,57,11.0
la,LA,55048408,3,2,58,11.0
la,LA,55048408,3,2,59,11.0
la,LA,55048408,3,2,60,11.0
la,LA,55048408,3,2,61,11.0
la,LA,55048408,3,2,62,11.0
la,LA,55048408,3,2,63,11.0
la,LA,55048408,3,2,64,11.0
la,LA,55048408,3,2,65,11.0
la,LA,55048408,3,2,66,11.0
la,LA,55048408,3,2,67,11.0
la,LA,55048408,3,2,68,11.0
la,LA,55048408,3,2,69,11.0
la,LA,55048408,3,2,70,11.0
la,LA,55048408,3,2,71,11.0
la,LA,55048408,3,2,72,11.0
la,LA,55048408,3,2,73,11.0
la,LA,55048408,3,2,74,11.0
la,LA,55048408,3,2,75,11.0
la,LA,55048408,3,2,76,11.0
la,LA,55048408,3,2,77,11.0
la,LA,55048408,3,2,78,11.0
la,LA,55048408,3,2,79,11.0
la,LA,55048408,3,2,80,11.0
la,LA,55048408,3,2,81,11.0
la,LA,55048408,3,2,82,11.0
la,LA,55048408,3,2,83,11.0
la,LA,55048408,3,2,84,11.0
la,LA,55048408,3,2,85,11.0
la,LA,55048408,3,2,86,11.0
la,LA,55048408,3,2,87,11.0
la,LA,55048408,3,2,88,11.0
la,LA,55048408,3,2,89,11.0
la,LA,55048408,3,2,90,11.0
la,LA,55048408,3,2,91,11.0
la,LA,55048408,3,2,92,11.0
la,LA,55048408,3,2,93,11.0
la,LA,55048408,3,2,94,11.0
la,LA,55048408,3,2,95,11.0
la,LA,55048408,3,2,96,11.0
la,LA,55048408,3,2,97,11.0
la,LA,55048408,3,2,98,11.0
la,LA,55048408,3,2,99,11.0
la,LA,55048408,3,2,100,10.0
la,LA,55048408,3,2,101,10.0
la,LA,55048408,3,2,102,10.0
la,LA,55048408,3,2,103,10.0
la,LA,55048408,3,2,104,10.0
la,LA,55048408,3,2,105,10.0
la,LA,55048408,3,2,106,10.0
la,LA,55048408,3,2,107,10.0
la,LA,55048408,3,2,108,10.0
la,LA,55048408,3,2,109,10.0
la,LA,55048408,3,2,110,10.0
la,LA,55048408,3,2,111,10.0
la,LA,55048408,3,2,112,10.0
la,LA,55048408,3,2,113,10.0
la,LA,55048408,3,2,114,10.0
la,LA,55048408,3,2,115,10.0
la,LA,55048408,3,2,116,10.0
la,LA,55048408,3,2,117,10.0
la,LA,55048408,3,2,118,10.0
la,LA,55048408,3,2,119,10.0
la,LA,55048408,3,2,120,10.0
la,LA,55048408,3,2,121,10.0
la,LA,55048408,3,2,122,10.0
la,LA,55048408,3,2,123,10.0
la,LA,55048408,3,2,124,10.0
la,LA,55048408,3,2,125,10.0
la,LA,55048408,3,2,126,10.0
la,LA,55048408,3,2,127,10.0
la,LA,55048408,3,2,128,10.0
la,LA,55048408,3,2,129,10.0
la,LA,55048408,3,2,130,10.0
la,LA,55048408,3,2,131,10.0
la,LA,55048408,3,2,132,10.0
la,LA,55048408,3,2,133,10.0
la,LA,55048408,3,2,134,10.0
la,LA,55048408,3,2,135,10.0
la,LA,55048408,3,2,136,10.0
la,LA,55048408,3,2,137,10.0
la,LA,55048408,3,2,138,10.0
la,LA,55048408,3,2,139,10.0
la,LA,55048408,3,2,140,9.0
la,LA,55048408,3,2,141,9.0
la,LA,55048408,3,2,142,9.0
la,LA,55048408,3,2,143,9.0
la,LA,55048408,3,2,144,9.0
la,LA,55048408,3,2,145,9.0
la,LA,55048408,3,2,146,9.0
la,LA,55048408,3,2,147,9.0
la,LA,55048408,3,2,148,9.0
la,LA,55048408,3,2,149,9.0
la,LA,55048408,3,2,150,9.0
la,LA,55048408,3,2,151,9.0
la,LA,55048408,3,2,152,9.0
la,LA,55048408,3,2,153,9.0
la,LA,55048408,3,2,154,9.0
la,LA,55048408,3,2,155,9.0
la,LA,55048408,3,2,156,9.0
la,LA,55048408,3,2,157,9.0
la,LA,55048408,3,2,158,9.0
la,LA,55048408,3,2,159,9.0
la,LA,55048408,3,2,160,9.0
la,LA,55048408,3,2,161,9.0
la,LA,55048408,3,2,162,9.0
la,LA,55048408,3,2,163,9.0
la,LA,55048408,3,2,164,9.0
la,LA,55048408,3,2,165,9.0
la,LA,55048408,3,2,166,9.0
la,LA,55048408,3,2,167,9.0
la,LA,55048408,3,2,168,9.0
la,LA,55048408,3,2,169,9.0
la,LA,55048408,3,2,170,9.0
la,LA,55048408,3,2,171,9.0
la,LA,55048408,3,2,172,8.0
la,LA,55048408,3,2,173,8.0
la,LA,55048408,3,2,174,8.0
la,LA,55048408,3,2,175,8.0
la,LA,55048408,3,2,176,8.0
la,LA,55048408,3,2,177,8.0
la,LA,55048408,3,2,178,8.0
la,LA,55048408,3,2,179,8.0
la,LA,55048408,3,2,180,8.0
la,LA,55048408,3,2,181,8.0
la,LA,55048408,3,2,182,8.0
la,LA,55048408,3,2,183,8.0
la,LA,55048408,3,2,184,8.0
la,LA,55048408,3,2,185,8.0
la,LA,55048408,3,2,186,8.0
la,LA,55048408,3,2,187,8.0
la,LA,55048408,3,2,188,8.0
la,LA,55048408,3,2,189,8.0
la,LA,55048408,3,2,190,8.0
la,LA,55048408,3,2,191,8.0
la,LA,55048408,3,2,192,8.0
la,LA,55048408,3,2,193,8.0
la,LA,55048408,3,2,194,8.0
la,LA,55048408,3,2,195,8.0
la,LA,55048408,3,2,196,8.0
la,LA,55048408,3,2,197,8.0
la,LA,55048408,3,2,198,8.0
la,LA,55048408,3,2,199,8.0
la,LA,55048408,3,2,200,8.0
la,LA,55048408,3,2,201,8.0
la,LA,55048408,3,2,202,8.0
la,LA,55048408,3,2,203,8.0
la,LA,55048408,3,2,204,8.0
la,LA,55048408,3,2,205,8.0
la,LA,55048408,3,2,206,8.0
la,LA,55048408,3,2,207,8.0
la,LA,55048408,3,2,208,8.0
la,LA,55048408,3,2,209,8.0
la,LA,55048408,3,2,210,8.0
la,LA,55048408,3,2,211,8.0
la,LA,55048408,3,2,212,8.0
la,LA,55048408,3,2,213,8.0
la,LA,55048408,3,2,214,8.0
la,LA,55048408,3,2,215,8.0
la,LA,55048408,3,2,216,8.0
la,LA,55048408,3,2,217,8.0
la,LA,55048408,3,2,218,8.0
la,LA,55048408,3,2,219,8.0
la,LA,55048408,3,2,220,8.0
la,LA,55048408,3,2,221,8.0
la,LA,55048408,3,2,222,8.0
la,LA,55048408,3,2,223,8.0
la,LA,55048408,3,2,224,8.0
la,LA,55048408,3,2,225,8.0
la,LA,55048408,3,2,226,8.0
la,LA,55048408,3,2,227,8.0
la,LA,55048408,3,2,228,8.0
la,LA,55048408,3,2,229,8.0
la,LA,55048408,3,2,230,8.0
la,LA,55048408,3,2,231,8.0
la,LA,55048408,3,2,232,8.0
la,LA,55048408,3,2,233,8.0
la,LA,55048408,3,2,234,8.0
la,LA,55048408,3,2,235,8.0
la,LA,55048408,3,2,236,8.0
la,LA,55048408,3,2,237,8.0
la,LA,55048408,3,2,238,8.0
la,LA,55048408,3,2,239,8.0
la,LA,55048408,3,2,240,8.0
la,LA,55048408,3,2,241,8.0
la,LA,55048408,3,2,242,8.0
la,LA,55048408,3,2,243,8.0
la,LA,55048408,3,2,244,8.0
la,LA,55048408,3,2,245,8.0
la,LA,55048408,3,2,246,8.0
la,LA,55048408,3,2,247,8.0
la,LA,55048408,3,2,248,8.0
la,LA,55048408,3,2,249,8.0
la,LA,55048408,3,2,250,8.0
la,LA,55048408,3,2,251,8.0
la,LA,55048408,3,2,252,8.0
la,LA,55048408,3,2,253,8.0
la,LA,55048408,3,2,254,8.0
la,LA,55048408,3,2,255,8.0
la,LA,55048408,3,2,256,8.0
la,LA,55048408,3,2,257,8.0
la,LA,55048408,3,2,258,8.0
la,LA,55048408,3,2,259,8.0
la,LA,55048408,3,2,260,8.0
la,LA,55048408,3,2,261,8.0
la,LA,55048408,3,2,262,8.0
la,LA,55048408,3,2,263,8.0
la,LA,55048408,3,2,264,8.0
la,LA,55048408,3,2,265,8.0
la,LA,55048408,3,2,266,8.0
la,LA,55048408,3,2,267,8.0
la,LA,55048408,3,2,268,8.0
la,LA,55048408,3,2,269,8.0
la,LA,55048408,3,2,270,8.0
la,LA,55048408,3,2,271,8.0
la,LA,55048408,3,2,272,7.0
la,LA,55048408,3,2,273,7.0
la,LA,55048408,3,2,274,7.0
la,LA,55048408,3,2,275,7.0
la,LA,55048408,3,2,276,7.0
la,LA,55048408,3,2,277,7.0
la,LA,55048408,3,2,278,7.0
la,LA,55048408,3,2,279,7.0
la,LA,55048408,3,2,280,7.0
la,LA,55048408,3,2,281,7.0
la,LA,55048408,3,2,282,7.0
la,LA,55048408,3,2,283,7.0
la,LA,55048408,3,2,284,7.0
la,LA,55048408,3,2,285,7.0
la,LA,55048408,3,2,286,7.0
la,LA,55048408,3,2,287,7.0
la,LA,55048408,3,2,288,6.0
la,LA,55048408,3,2,289,6.0
la,LA,55048408,3,2,290,6.0
la,LA,55048408,3,2,291,6.0
la,LA,55048408,3,2,292,6.0
la,LA,55048408,3,2,293,6.0
la,LA,55048408,3,2,294,6.0
la,LA,55048408,3,2,295,6.0
la,LA,55048408,3,2,296,6.0
la,LA,55048408,3,2,297,6.0
la,LA,55048408,3,2,298,6.0
la,LA,55048408,3,2,299,6.0
la,LA,55048408,3,2,300,6.0
la,LA,55048408,3,2,301,6.0
la,LA,55048408,3,2,302,6.0
la,LA,55048408,3,2,303,6.0
la,LA,55048408,3,2,304,6.0
la,LA,55048408,3,2,305,6.0
la,LA,55048408,3,2,306,6.0
la,LA,55048408,3,2,307,6.0
la,LA,55048408,3,2,308,6.0
la,LA,55048408,3,2,309,6.0
la,LA,55048408,3,2,310,6.0
la,LA,55048408,3,2,311,6.0
la,LA,55048408,3,2,312,5.0
la,LA,55048408,3,2,313,5.0
la,LA,55048408,3,2,314,5.0
la,LA,55048408,3,2,315,5.0
la,LA,55048408,3,2,316,5.0
la,LA,55048408,3,2,317,5.0
la,LA,55048408,3,2,318,5.0
la,LA,55048408,3,2,319,5.0
la,LA,55048408,3,2,320,4.0
la,LA,55048408,3,2,321,4.0
la,LA,55048408,3,2,322,4.0
la,LA,55048408,3,2,323,4.0
la,LA,55048408,3,2,324,4.0
la,LA,55048408,3,2,325,4.0
la,LA,55048408,3,2,326,4.0
la,LA,55048408,3,2,327,4.0
la,LA,55048408,3,2,328,3.0
la,LA,55048408,3,2,329,3.0
la,LA,55048408,3,2,330,3.0
la,LA,55048408,3,2,331,3.0
la,LA,55048408,3,2,332,3.0
la,LA,55048408,3,2,333,3.0
la,LA,55048408,3,2,334,3.0
la,LA,55048408,3,2,335,3.0
la,LA,55048408,3,2,336,2.0
la,LA,55048408,3,2,337,2.0
la,LA,55048408,3,2,338,2.0
la,LA,55048408,3,2,339,2.0
la,LA,55048408,3,2,340,2.0
la,LA,55048408,3,2,341,2.0
la,LA,55048408,3,2,342,2.0
la,LA,55048408,3,2,343,2.0
la,LA,55048408,3,2,344,2.0
la,LA,55048408,3,2,345,2.0
la,LA,55048408,3,2,346,2.0
la,LA,55048408,3,2,347,2.0
la,LA,55048408,3,2,348,1.0
la,LA,55048408,3,2,349,1.0
la,LA,55048408,3,2,350,1.0
la,LA,55048408,3,2,351,1.0
la,LA,55048408,3,2,352,1.0
la,LA,55048408,3,2,353,1.0
la,LA,55048408,3,2,354,1.0
la,LA,55048408,3,2,355,1.0
la,LA,979986572,0,0,0,16.0
la,LA,979986572,0,0,1,16.0
la,LA,979986572,0,0,2,16.0
la,LA,979986572,0,0,3,16.0
la,LA,979986572,0,0,4,16.0
la,LA,979986572,0,0,5,16.0
la,LA,979986572,0,0,6,16.0
la,LA,979986572,0,0,7,16.0
la,LA,979986572,0,0,8,16.0
la,LA,979986572,0,0,9,16.0
la,LA,979986572,0,0,10,16.0
la,LA,979986572,0,0,11,16.0
la,LA,979986572,0,0,12,16.0
la,LA,979986572,0,0,13,16.0
la,LA,979986572,0,0,14,16.0
la,LA,979986572,0,0,15,16.0
la,LA,979986572,0,0,16,16.0
la,LA,979986572,0,0,17,16.0
la,LA,979986572,0,0,18,16.0
la,LA,979986572,0,0,19,16.0
la,LA,979986572,0,0,20,16.0
la,LA,979986572,0,0,21,16.0
la,LA,979986572,0,0,22,16.0
la,LA,979986572,0,0,23,16.0
la,LA,979986572,0,0,24,16.0
la,LA,979986572,0,0,25,16.0
la,LA,979986572,0,0,26,16.0
la,LA,979986572,0,0,27,16.0
la,LA,979986572,0,0,28,15.0
la,LA,979986572,0,0,29,15.0
la,LA,979986572,0,0,30,15.0
la,LA,979986572,0,0,31,15.0
la,LA,979986572,0,0,32,11.0
la,LA,979986572,0,0,33,11.0
la,LA,979986572,0,0,34,11.0
la,LA,979986572,0,0,35,11.0
la,LA,979986572,0,0,36,11.0
la,LA,979986572,0,0,37,11.0
la,LA,979986572,0,0,38,11.0
la,LA,979986572,0,0,39,11.0
la,LA,979986572,0,0,40,11.0
la,LA,979986572,0,0,41,11.0
la,LA,979986572,0,0,42,11.0
la,LA,979986572,0,0,43,11.0
la,LA,979986572,0,0,44,11.0
la,LA,979986572,0,0,45,11.0
la,LA,979986572,0,0,46,11.0
la,LA,979986572,0,0,47,11.0
la,LA,979986572,0,0,48,11.0
la,LA,979986572,0,0,49,11.0
la,LA,979986572,0,0,50,11.0
la,LA,979986572,0,0,51,11.0
la,LA,979986572,0,0,52,11.0
la,LA,979986572,0,0,53,11.0
la,LA,979986572,0,0,54,11.0
la,LA,979986572,0,0,55,11.0
la,LA,979986572,0,0,56,11.0
la,LA,979986572,0,0,57,11.0
la,LA,979986572,0,0,58,11.0
la,LA,979986572,0,0,59,11.0
la,LA,979986572,0,0,60,11.0
la,LA,979986572,0,0,61,11.0
la,LA,979986572,0,0,62,11.0
la,LA,979986572,0,0,63,11.0
la,LA,979986572,0,0,64,11.0
la,LA,979986572,0,0,65,11.0
la,LA,979986572,0,0,66,11.0
la,LA,979986572,0,0,67,11.0
la,LA,979986572,0,0,68,11.0
la,LA,979986572,0,0,69,11.0
la,LA,979986572,0,0,70,11.0
la,LA,979986572,0,0,71,11.0
la,LA,979986572,0,0,72,11.0
la,LA,979986572,0,0,73,11.0
la,LA,979986572,0,0,74,11.0
la,LA,979986572,0,0,75,11.0
la,LA,979986572,0,0,76,11.0
la,LA,979986572,0,0,77,11.0
la,LA,979986572,0,0,78,11.0
la,LA,979986572,0,0,79,11.0
la,LA,979986572,0,0,80,11.0
la,LA,979986572,0,0,81,11.0
la,LA,979986572,0,0,82,11.0
la,LA,979986572,0,0,83,11.0
la,LA,979986572,0,0,84,11.0
la,LA,979986572,0,0,85,11.0
la,LA,979986572,0,0,86,11.0
la,LA,979986572,0,0,87,11.0
la,LA,979986572,0,0,88,11.0
la,LA,979986572,0,0,89,11.0
la,LA,979986572,0,0,90,11.0
la,LA,979986572,0,0,91,11.0
la,LA,979986572,0,0,92,11.0
la,LA,979986572,0,0,93,11.0
la,LA,979986572,0,0,94,11.0
la,LA,979986572,0,0,95,11.0
la,LA,979986572,0,0,96,11.0
la,LA,979986572,0,0,97,11.0
la,LA,979986572,0,0,98,11.0
la,LA,979986572,0,0,99,11.0
la,LA,979986572,0,0,100,10.0
la,LA,979986572,0,0,101,10.0
la,LA,979986572,0,0,102,10.0
la,LA,979986572,0,0,103,10.0
la,LA,979986572,0,0,104,10.0
la,LA,979986572,0,0,105,10.0
la,LA,979986572,0,0,106,10.0
la,LA,979986572,0,0,107,10.0
la,LA,979986572,0,0,108,10.0
la,LA,979986572,0,0,109,10.0
la,LA,979986572,0,0,110,10.0
la,LA,979986572,0,0,111,10.0
la,LA,979986572,0,0,112,10.0
la,LA,979986572,0,0,113,10.0
la,LA,979986572,0,0,114,10.0
la,LA,979986572,0,0,115,10.0
la,LA,979986572,0,0,116,10.0
la,LA,979986572,0,0,117,10.0
la,LA,979986572,0,0,118,10.0
la,LA,979986572,0,0,119,10.0
la,LA,979986572,0,0,120,10.0
la,LA,979986572,0,0,121,10.0
la,LA,979986572,0,0,122,10.0
la,LA,979986572,0,0,123,10.0
la,LA,979986572,0,0,124,10.0
la,LA,979986572,0,0,125,10.0
la,LA,979986572,0,0,126,10.0
la,LA,979986572,0,0,127,10.0
la,LA,979986572,0,0,128,10.0
la,LA,979986572,0,0,129,10.0
la,LA,979986572,0,0,130,10.0
la,LA,979986572,0,0,131,10.0
la,LA,979986572,0,0,132,10.0
la,LA,979986572,0,0,133,10.0
la,LA,979986572,0,0,134,10.0
la,LA,979986572,0,0,135,10.0
la,LA,979986572,0,0,136,10.0
la,LA,979986572,0,0,137,10.0
la,LA,979986572,0,0,138,10.0
la,LA,979986572,0,0,139,10.0
la,LA,979986572,0,0,140,9.0
la,LA,979986572,0,0,141,9.0
la,LA,979986572,0,0,142,9.0
la,LA,979986572,0,0,143,9.0
la,LA,979986572,0,0,144,9.0
la,LA,979986572,0,0,145,9.0
la,LA,979986572,0,0,146,9.0
la,LA,979986572,0,0,147,9.0
la,LA,979986572,0,0,148,9.0
la,LA,979986572,0,0,149,9.0
la,LA,979986572,0,0,150,9.0
la,LA,979986572,0,0,151,9.0
la,LA,979986572,0,0,152,9.0
la,LA,979986572,0,0,153,9.0
la,LA,979986572,0,0,154,9.0
la,LA,979986572,0,0,155,9.0
la,LA,979986572,0,0,156,9.0
la,LA,979986572,0,0,157,9.0
la,LA,979986572,0,0,158,9.0
la,LA,979986572,0,0,159,9.0
la,LA,979986572,0,0,160,9.0
la,LA,979986572,0,0,161,9.0
la,LA,979986572,0,0,162,9.0
la,LA,979986572,0,0,163,9.0
la,LA,979986572,0,0,164,9.0
la,LA,979986572,0,0,165,9.0
la,LA,979986572,0,0,166,9.0
la,LA,979986572,0,0,167,9.0
la,LA,979986572,0,0,168,9.0
la,LA,979986572,0,0,169,9.0
la,LA,979986572,0,0,170,9.0
la,LA,979986572,0,0,171,9.0
la,LA,979986572,0,0,172,8.0
la,LA,979986572,0,0,173,8.0
la,LA,979986572,0,0,174,8.0
la,LA,979986572,0,0,175,8.0
la,LA,979986572,0,0,176,8.0
la,LA,979986572,0,0,177,8.0
la,LA,979986572,0,0,178,8.0
la,LA,979986572,0,0,179,8.0
la,LA,979986572,0,0,180,8.0
la,LA,979986572,0,0,181,8.0
la,LA,979986572,0,0,182,8.0
la,LA,979986572,0,0,183,8.0
la,LA,979986572,0,0,184,8.0
la,LA,979986572,0,0,185,8.0
la,LA,979986572,0,0,186,8.0
la,LA,979986572,0,0,187,8.0
la,LA,979986572,0,0,188,8.0
la,LA,979986572,0,0,189,8.0
la,LA,979986572,0,0,190,8.0
la,LA,979986572,0,0,191,8.0
la,LA,979986572,0,0,192,8.0
la,LA,979986572,0,0,193,8.0
la,LA,979986572,0,0,194,8.0
la,LA,979986572,0,0,195,8.0
la,LA,979986572,0,0,196,8.0
la,LA,979986572,0,0,197,8.0
la,LA,979986572,0,0,198,8.0
la,LA,979986572,0,0,199,8.0
la,LA,979986572,0,0,200,8.0
la,LA,979986572,0,0,201,8.0
la,LA,979986572,0,0,202,8.0
la,LA,979986572,0,0,203,8.0
la,LA,979986572,0,0,204,8.0
la,LA,979986572,0,0,205,8.0
la,LA,979986572,0,0,206,8.0
la,LA,979986572,0,0,207,8.0
la,LA,979986572,0,0,208,8.0
la,LA,979986572,0,0,209,8.0
la,LA,979986572,0,0,210,8.0
la,LA,979986572,0,0,211,8.0
la,LA,979986572,0,0,212,8.0
la,LA,979986572,0,0,213,8.0
la,LA,979986572,0,0,214,8.0
la,LA,979986572,0,0,215,8.0
la,LA,979986572,0,0,216,8.0
la,LA,979986572,0,0,217,8.0
la,LA,979986572,0,0,218,8.0
la,LA,979986572,0,0,219,8.0
la,LA,979986572,0,0,220,8.0
la,LA,979986572,0,0,221,8.0
la,LA,979986572,0,0,222,8.0
la,LA,979986572,0,0,223,8.0
la,LA,979986572,0,0,224,8.0
la,LA,979986572,0,0,225,8.0
la,LA,979986572,0,0,226,8.0
la,LA,979986572,0,0,227,8.0
la,LA,979986572,0,0,228,8.0
la,LA,979986572,0,0,229,8.0
la,LA,979986572,0,0,230,8.0
la,LA,979986572,0,0,231,8.0
la,LA,979986572,0,0,232,8.0
la,LA,979986572,0,0,233,8.0
la,LA,979986572,0,0,234,8.0
la,LA,979986572,0,0,235,8.0
la,LA,979986572,0,0,236,8.0
la,LA,979986572,0,0,237,8.0
la,LA,979986572,0,0,238,8.0
la,LA,979986572,0,0,239,8.0
la,LA,979986572,0,0,240,8.0
la,LA,979986572,0,0,241,8.0
la,LA,979986572,0,0,242,8.0
la,LA,979986572,0,0,243,8.0
la,LA,979986572,0,0,244,8.0
la,LA,979986572,0,0,245,8.0
la,LA,979986572,0,0,246,8.0
la,LA,979986572,0,0,247,8.0
la,LA,979986572,0,0,248,8.0
la,LA,979986572,0,0,249,8.0
la,LA,979986572,0,0,250,8.0
la,LA,979986572,0,0,251,8.0
la,LA,979986572,0,0,252,8.0
la,LA,979986572,0,0,253,8.0
la,LA,979986572,0,0,254,8.0
la,LA,979986572,0,0,255,8.0
la,LA,979986572,0,0,256,8.0
la,LA,979986572,0,0,257,8.0
la,LA,979986572,0,0,258,8.0
la,LA,979986572,0,0,259,8.0
la,LA,979986572,0,0,260,8.0
la,LA,979986572,0,0,261,8.0
la,LA,979986572,0,0,262,8.0
la,LA,979986572,0,0,263,8.0
la,LA,979986572,0,0,264,8.0
la,LA,979986572,0,0,265,8.0
la,LA,979986572,0,0,266,8.0
la,LA,979986572,0,0,267,8.0
la,LA,979986572,0,0,268,8.0
la,LA,979986572,0,0,269,8.0
la,LA,979986572,0,0,270,8.0
la,LA,979986572,0,0,271,8.0
la,LA,979986572,0,0,272,7.0
la,LA,979986572,0,0,273,7.0
la,LA,979986572,0,0,274,7.0
la,LA,979986572,0,0,275,7.0
la,LA,979986572,0,0,276,7.0
la,LA,979986572,0,0,277,7.0
la,LA,979986572,0,0,278,7.0
la,LA,979986572,0,0,279,7.0
la,LA,979986572,0,0,280,7.0
la,LA,979986572,0,0,281,7.0
la,LA,979986572,0,0,282,7.0
la,LA,979986572,0,0,283,7.0
la,LA,979986572,0,0,284,7.0
la,LA,979986572,0,0,285,7.0
la,LA,979986572,0,0,286,7.0
la,LA,979986572,0,0,287,7.0
la,LA,979986572,0,0,288,6.0
la,LA,979986572,0,0,289,6.0
la,LA,979986572,0,0,290,6.0
la,LA,979986572,0,0,291,6.0
la,LA,979986572,0,0,292,6.0
la,LA,979986572,0,0,293,6.0
la,LA,979986572,0,0,294,6.0
la,LA,979986572,0,0,295,6.0
la,LA,979986572,0,0,296,6.0
la,LA,979986572,0,0,297,6.0
la,LA,979986572,0,0,298,6.0
la,LA,979986572,0,0,299,6.0
la,LA,979986572,0,0,300,6.0
la,LA,979986572,0,0,301,6.0
la,LA,979986572,0,0,302,6.0
la,LA,979986572,0,0,303,6.0
la,LA,979986572,0,0,304,6.0
la,LA,979986572,0,0,305,6.0
la,LA,979986572,0,0,306,6.0
la,LA,979986572,0,0,307,6.0
la,LA,979986572,0,0,308,6.0
la,LA,979986572,0,0,309,6.0
la,LA,979986572,0,0,310,6.0
la,LA,979986572,0,0,311,6.0
la,LA,979986572,0,0,312,5.0
la,LA,979986572,0,0,313,5.0
la,LA,979986572,0,0,314,5.0
la,LA,979986572,0,0,315,5.0
la,LA,979986572,0,0,316,5.0
la,LA,979986572,0,0,317,5.0
la,LA,979986572,0,0,318,5.0
la,LA,979986572,0,0,319,5.0
la,LA,979986572,0,0,320,4.0
la,LA,979986572,0,0,321,4.0
la,LA,979986572,0,0,322,4.0
la,LA,979986572,0,0,323,4.0
la,LA,979986572,0,0,324,4.0
la,LA,979986572,0,0,325,4.0
la,LA,979986572,0,0,326,4.0
la,LA,979986572,0,0,327,4.0
la,LA,979986572,0,0,328,3.0
la,LA,979986572,0,0,329,3.0
la,LA,979986572,0,0,330,3.0
la,LA,979986572,0,0,331,3.0
la,LA,979986572,0,0,332,3.0
la,LA,979986572,0,0,333,3.0
la,LA,979986572,0,0,334,3.0
la,LA,979986572,0,0,335,3.0
la,LA,979986572,0,0,336,2.0
la,LA,979986572,0,0,337,2.0
la,LA,979986572,0,0,338,2.0
la,LA,979986572,0,0,339,2.0
la,LA,979986572,0,0,340,2.0
la,LA,979986572,0,0,341,2.0
la,LA,979986572,0,0,342,2.0
la,LA,979986572,0,0,343,2.0
la,LA,979986572,0,0,344,2.0
la,LA,979986572,0,0,345,2.0
la,LA,979986572,0,0,346,2.0
la,LA,979986572,0,0,347,2.0
la,LA,979986572,0,0,348,1.0
la,LA,979986572,0,0,349,1.0
la,LA,979986572,0,0,350,1.0
la,LA,979986572,0,0,351,1.0
la,LA,979986572,0,0,352,1.0
la,LA,979986572,0,0,353,1.0
la,LA,979986572,0,0,354,1.0
la,LA,979986572,0,0,355,1.0
la,LA,979986572,0,1,0,16.0
la,LA,979986572,0,1,1,16.0
la,LA,979986572,0,1,2,16.0
la,LA,979986572,0,1,3,16.0
la,LA,979986572,0,1,4,16.0
la,LA,979986572,0,1,5,16.0
la,LA,979986572,0,1,6,16.0
la,LA,979986572,0,1,7,16.0
la,LA,979986572,0,1,8,16.0
la,LA,979986572,0,1,9,16.0
la,LA,979986572,0,1,10,16.0
la,LA,979986572,0,1,11,16.0
la,LA,979986572,0,1,12,16.0
la,LA,979986572,0,1,13,16.0
la,LA,979986572,0,1,14,16.0
la,LA,979986572,0,1,15,16.0
la,LA,979986572,0,1,16,16.0
la,LA,979986572,0,1,17,16.0
la,LA,979986572,0,1,18,16.0
la,LA,979986572,0,1,19,16.0
la,LA,979986572,0,1,20,16.0
la,LA,979986572,0,1,21,16.0
la,LA,979986572,0,1,22,16.0
la,LA,979986572,0,1,23,16.0
la,LA,979986572,0,1,24,16.0
la,LA,979986572,0,1,25,16.0
la,LA,979986572,0,1,26,16.0
la,LA,979986572,0,1,27,16.0
la,LA,979986572,0,1,28,15.0
la,LA,979986572,0,1,29,15.0
la,LA,979986572,0,1,30,15.0
la,LA,979986572,0,1,31,15.0
la,LA,979986572,0,1,32,11.0
la,LA,979986572,0,1,33,11.0
la,LA,979986572,0,1,34,11.0
la,LA,979986572,0,1,35,11.0
la,LA,979986572,0,1,36,11.0
la,LA,979986572,0,1,37,11.0
la,LA,979986572,0,1,38,11.0
la,LA,979986572,0,1,39,11.0
la,LA,979986572,0,1,40,11.0
la,LA,979986572,0,1,41,11.0
la,LA,979986572,0,1,42,11.0
la,LA,979986572,0,1,43,11.0
la,LA,979986572,0,1,44,11.0
la,LA,979986572,0,1,45,11.0
la,LA,979986572,0,1,46,11.0
la,LA,979986572,0,1,47,11.0
la,LA,979986572,0,1,48,11.0
la,LA,979986572,0,1,49,11.0
la,LA,979986572,0,1,50,11.0
la,LA,979986572,0,1,51,11.0
la,LA,979986572,0,1,52,11.0
la,LA,979986572,0,1,53,11.0
la,LA,979986572,0,1,54,11.0
la,LA,979986572,0,1,55,11.0
la,LA,979986572,0,1,56,11.0
la,LA,979986572,0,1,57,11.0
la,LA,979986572,0,1,58,11.0
la,LA,979986572,0,1,59,11.0
la,LA,979986572,0,1,60,11.0
la,LA,979986572,0,1,61,11.0
la,LA,979986572,0,1,62,11.0
la,LA,979986572,0,1,63,11.0
la,LA,979986572,0,1,64,11.0
la,LA,979986572,0,1,65,11.0
la,LA,979986572,0,1,66,11.0
la,LA,979986572,0,1,67,11.0
la,LA,979986572,0,1,68,11.0
la,LA,979986572,0,1,69,11.0
la,LA,979986572,0,1,70,11.0
la,LA,979986572,0,1,71,11.0
la,LA,979986572,0,1,72,11.0
la,LA,979986572,0,1,73,11.0
la,LA,979986572,0,1,74,11.0
la,LA,979986572,0,1,75,11.0
la,LA,979986572,0,1,76,11.0
la,LA,979986572,0,1,77,11.0
la,LA,979986572,0,1,78,11.0
la,LA,979986572,0,1,79,11.0
la,LA,979986572,0,1,80,11.0
la,LA,979986572,0,1,81,11.0
la,LA,979986572,0,1,82,11.0
la,LA,979986572,0,1,83,11.0
la,LA,979986572,0,1,84,11.0
la,LA,979986572,0,1,85,11.0
la,LA,979986572,0,1,86,11.0
la,LA,979986572,0,1,87,11.0
la,LA,979986572,0,1,88,11.0
la,LA,979986572,0,1,89,11.0
la,LA,979986572,0,1,90,11.0
la,LA,979986572,0,1,91,11.0
la,LA,979986572,0,1,92,11.0
la,LA,979986572,0,1,93,11.0
la,LA,979986572,0,1,94,11.0
la,LA,979986572,0,1,95,11.0
la,LA,979986572,0,1,96,11.0
la,LA,979986572,0,1,97,11.0
la,LA,979986572,0,1,98,11.0
la,LA,979986572,0,1,99,11.0
la,LA,979986572,0,1,100,10.0
la,LA,979986572,0,1,101,10.0
la,LA,979986572,0,1,102,10.0
la,LA,979986572,0,1,103,10.0
la,LA,979986572,0,1,104,10.0
la,LA,979986572,0,1,105,10.0
la,LA,979986572,0,1,106,10.0
la,LA,979986572,0,1,107,10.0
la,LA,979986572,0,1,108,10.0
la,LA,979986572,0,1,109,10.0
la,LA,979986572,0,1,110,10.0
la,LA,979986572,0,1,111,10.0
la,LA,979986572,0,1,112,10.0
la,LA,979986572,0,1,113,10.0
la,LA,979986572,0,1,114,10.0
la,LA,979986572,0,1,115,10.0
la,LA,979986572,0,1,116,10.0
la,LA,979986572,0,1,117,10.0
la,LA,979986572,0,1,118,10.0
la,LA,979986572,0,1,119,10.0
la,LA,979986572,0,1,120,10.0
la,LA,979986572,0,1,121,10.0
la,LA,979986572,0,1,122,10.0
la,LA,979986572,0,1,123,10.0
la,LA,979986572,0,1,124,10.0
la,LA,979986572,0,1,125,10.0
la,LA,979986572,0,1,126,10.0
la,LA,979986572,0,1,127,10.0
la,LA,979986572,0,1,128,10.0
la,LA,979986572,0,1,129,10.0
la,LA,979986572,0,1,130,10.0
la,LA,979986572,0,1,131,10.0
la,LA,979986572,0,1,132,10.0
la,LA,979986572,0,1,133,10.0
la,LA,979986572,0,1,134,10.0
la,LA,979986572,0,1,135,10.0
la,LA,979986572,0,1,136,10.0
la,LA,979986572,0,1,137,10.0
la,LA,979986572,0,1,138,10.0
la,LA,979986572,0,1,139,10.0
la,LA,979986572,0,1,140,9.0
la,LA,979986572,0,1,141,9.0
la,LA,979986572,0,1,142,9.0
la,LA,979986572,0,1,143,9.0
la,LA,979986572,0,1,144,9.0
la,LA,979986572,0,1,145,9.0
la,LA,979986572,0,1,146,9.0
la,LA,979986572,0,1,147,9.0
la,LA,979986572,0,1,148,9.0
la,LA,979986572,0,1,149,9.0
la,LA,979986572,0,1,150,9.0
la,LA,979986572,0,1,151,9.0
la,LA,979986572,0,1,152,9.0
la,LA,979986572,0,1,153,9.0
la,LA,979986572,0,1,154,9.0
la,LA,979986572,0,1,155,9.0
la,LA,979986572,0,1,156,9.0
la,LA,979986572,0,1,157,9.0
la,LA,979986572,0,1,158,9.0
la,LA,979986572,0,1,159,9.0
la,LA,979986572,0,1,160,9.0
la,LA,979986572,0,1,161,9.0
la,LA,979986572,0,1,162,9.0
la,LA,979986572,0,1,163,9.0
la,LA,979986572,0,1,164,9.0
la,LA,979986572,0,1,165,9.0
la,LA,979986572,0,1,166,9.0
la,LA,979986572,0,1,167,9.0
la,LA,979986572,0,1,168,9.0
la,LA,979986572,0,1,169,9.0
la,LA,979986572,0,1,170,9.0
la,LA,979986572,0,1,171,9.0
la,LA,979986572,0,1,172,8.0
la,LA,979986572,0,1,173,8.0
la,LA,979986572,0,1,174,8.0
la,LA,979986572,0,1,175,8.0
la,LA,979986572,0,1,176,8.0
la,LA,979986572,0,1,177,8.0
la,LA,979986572,0,1,178,8.0
la,LA,979986572,0,1,179,8.0
la,LA,979986572,0,1,180,8.0
la,LA,979986572,0,1,181,8.0
la,LA,979986572,0,1,182,8.0
la,LA,979986572,0,1,183,8.0
la,LA,979986572,0,1,184,8.0
la,LA,979986572,0,1,185,8.0
la,LA,979986572,0,1,186,8.0
la,LA,979986572,0,1,187,8.0
la,LA,979986572,0,1,188,8.0
la,LA,979986572,0,1,189,8.0
la,LA,979986572,0,1,190,8.0
la,LA,979986572,0,1,191,8.0
la,LA,979986572,0,1,192,8.0
la,LA,979986572,0,1,193,8.0
la,LA,979986572,0,1,194,8.0
la,LA,979986572,0,1,195,8.0
la,LA,979986572,0,1,196,8.0
la,LA,979986572,0,1,197,8.0
la,LA,979986572,0,1,198,8.0
la,LA,979986572,0,1,199,8.0
la,LA,979986572,0,1,200,8.0
la,LA,979986572,0,1,201,8.0
la,LA,979986572,0,1,202,8.0
la,LA,979986572,0,1,203,8.0
la,LA,979986572,0,1,204,8.0
la,LA,979986572,0,1,205,8.0
la,LA,979986572,0,1,206,8.0
la,LA,979986572,0,1,207,8.0
la,LA,979986572,0,1,208,8.0
la,LA,979986572,0,1,209,8.0
la,LA,979986572,0,1,210,8.0
la,LA,979986572,0,1,211,8.0
la,LA,979986572,0,1,212,8.0
la,LA,979986572,0,1,213,8.0
la,LA,979986572,0,1,214,8.0
la,LA,979986572,0,1,215,8.0
la,LA,979986572,0,1,216,8.0
la,LA,979986572,0,1,217,8.0
la,LA,979986572,0,1,218,8.0
la,LA,979986572,0,1,219,8.0
la,LA,979986572,0,1,220,8.0
la,LA,979986572,0,1,221,8.0
la,LA,979986572,0,1,222,8.0
la,LA,979986572,0,1,223,8.0
la,LA,979986572,0,1,224,8.0
la,LA,979986572,0,1,225,8.0
la,LA,979986572,0,1,226,8.0
la,LA,979986572,0,1,227,8.0
la,LA,979986572,0,1,228,8.0
la,LA,979986572,0,1,229,8.0
la,LA,979986572,0,1,230,8.0
la,LA,979986572,0,1,231,8.0
la,LA,979986572,0,1,232,8.0
la,LA,979986572,0,1,233,8.0
la,LA,979986572,0,1,234,8.0
la,LA,979986572,0,1,235,8.0
la,LA,979986572,0,1,236,8.0
la,LA,979986572,0,1,237,8.0
la,LA,979986572,0,1,238,8.0
la,LA,979986572,0,1,239,8.0
la,LA,979986572,0,1,240,8.0
la,LA,979986572,0,1,241,8.0
la,LA,979986572,0,1,242,8.0
la,LA,979986572,0,1,243,8.0
la,LA,979986572,0,1,244,8.0
la,LA,979986572,0,1,245,8.0
la,LA,979986572,0,1,246,8.0
la,LA,979986572,0,1,247,8.0
la,LA,979986572,0,1,248,8.0
la,LA,979986572,0,1,249,8.0
la,LA,979986572,0,1,250,8.0
la,LA,979986572,0,1,251,8.0
la,LA,979986572,0,1,252,8.0
la,LA,979986572,0,1,253,8.0
la,LA,979986572,0,1,254,8.0
la,LA,979986572,0,1,255,8.0
la,LA,979986572,0,1,256,8.0
la,LA,979986572,0,1,257,8.0
la,LA,979986572,0,1,258,8.0
la,LA,979986572,0,1,259,8.0
la,LA,979986572,0,1,260,8.0
la,LA,979986572,0,1,261,8.0
la,LA,979986572,0,1,262,8.0
la,LA,979986572,0,1,263,8.0
la,LA,979986572,0,1,264,8.0
la,LA,979986572,0,1,265,8.0
la,LA,979986572,0,1,266,8.0
la,LA,979986572,0,1,267,8.0
la,LA,979986572,0,1,268,8.0
la,LA,979986572,0,1,269,8.0
la,LA,979986572,0,1,270,8.0
la,LA,979986572,0,1,271,8.0
la,LA,979986572,0,1,272,7.0
la,LA,979986572,0,1,273,7.0
la,LA,979986572,0,1,274,7.0
la,LA,979986572,0,1,275,7.0
la,LA,979986572,0,1,276,7.0
la,LA,979986572,0,1,277,7.0
la,LA,979986572,0,1,278,7.0
la,LA,979986572,0,1,279,7.0
la,LA,979986572,0,1,280,7.0
la,LA,979986572,0,1,281,7.0
la,LA,979986572,0,1,282,7.0
la,LA,979986572,0,1,283,7.0
la,LA,979986572,0,1,284,7.0
la,LA,979986572,0,1,285,7.0
la,LA,979986572,0,1,286,7.0
la,LA,979986572,0,1,287,7.0
la,LA,979986572,0,1,288,6.0
la,LA,979986572,0,1,289,6.0
la,LA,979986572,0,1,290,6.0
la,LA,979986572,0,1,291,6.0
la,LA,979986572,0,1,292,6.0
la,LA,979986572,0,1,293,6.0
la,LA,979986572,0,1,294,6.0
la,LA,979986572,0,1,295,6.0
la,LA,979986572,0,1,296,6.0
la,LA,979986572,0,1,297,6.0
la,LA,979986572,0,1,298,6.0
la,LA,979986572,0,1,299,6.0
la,LA,979986572,0,1,300,6.0
la,LA,979986572,0,1,301,6.0
la,LA,979986572,0,1,302,6.0
la,LA,979986572,0,1,303,6.0
la,LA,979986572,0,1,304,6.0
la,LA,979986572,0,1,305,6.0
la,LA,979986572,0,1,306,6.0
la,LA,979986572,0,1,307,6.0
la,LA,979986572,0,1,308,6.0
la,LA,979986572,0,1,309,6.0
la,LA,979986572,0,1,310,6.0
la,LA,979986572,0,1,311,6.0
la,LA,979986572,0,1,312,5.0
la,LA,979986572,0,1,313,5.0
la,LA,979986572,0,1,314,5.0
la,LA,979986572,0,1,315,5.0
la,LA,979986572,0,1,316,5.0
la,LA,979986572,0,1,317,5.0
la,LA,979986572,0,1,318,5.0
la,LA,979986572,0,1,319,5.0
la,LA,979986572,0,1,320,4.0
la,LA,979986572,0,1,321,4.0
la,LA,979986572,0,1,322,4.0
la,LA,979986572,0,1,323,4.0
la,LA,979986572,0,1,324,4.0
la,LA,979986572,0,1,325,4.0
la,LA,979986572,0,1,326,4.0
la,LA,979986572,0,1,327,4.0
la,LA,979986572,0,1,328,3.0
la,LA,979986572,0,1,329,3.0
la,LA,979986572,0,1,330,3.0
la,LA,979986572,0,1,331,3.0
la,LA,979986572,0,1,332,3.0
la,LA,979986572,0,1,333,3.0
la,LA,979986572,0,1,334,3.0
la,LA,979986572,0,1,335,3.0
la,LA,979986572,0,1,336,2.0
la,LA,979986572,0,1,337,2.0
la,LA,979986572,0,1,338,2.0
la,LA,979986572,0,1,339,2.0
la,LA,979986572,0,1,340,2.0
la,LA,979986572,0,1,341,2.0
la,LA,979986572,0,1,342,2.0
la,LA,979986572,0,1,343,2.0
la,LA,979986572,0,1,344,2.0
la,LA,979986572,0,1,345,2.0
la,LA,979986572,0,1,346,2.0
la,LA,979986572,0,1,347,2.0
la,LA,979986572,0,1,348,1.0
la,LA,979986572,0,1,349,1.0
la,LA,979986572,0,1,350,1.0
la,LA,979986572,0,1,351,1.0
la,LA,979986572,0,1,352,1.0
la,LA,979986572,0,1,353,1.0
la,LA,979986572,0,1,354,1.0
la,LA,979986572,0,1,355,1.0
la,LA,979986572,0,2,0,16.0
la,LA,979986572,0,2,1,16.0
la,LA,979986572,0,2,2,16.0
la,LA,979986572,0,2,3,16.0
la,LA,979986572,0,2,4,16.0
la,LA,979986572,0,2,5,16.0
la,LA,979986572,0,2,6,16.0
la,LA,979986572,0,2,7,16.0
la,LA,979986572,0,2,8,16.0
la,LA,979986572,0,2,9,16.0
la,LA,979986572,0,2,10,16.0
la,LA,979986572,0,2,11,16.0
la,LA,979986572,0,2,12,16.0
la,LA,979986572,0,2,13,16.0
la,LA,979986572,0,2,14,16.0
la,LA,979986572,0,2,15,16.0
la,LA,979986572,0,2,16,16.0
la,LA,979986572,0,2,17,16.0
la,LA,979986572,0,2,18,16.0
la,LA,979986572,0,2,19,16.0
la,LA,979986572,0,2,20,16.0
la,LA,979986572,0,2,21,16.0
la,LA,979986572,0,2,22,16.0
la,LA,979986572,0,2,23,16.0
la,LA,979986572,0,2,24,16.0
la,LA,979986572,0,2,25,16.0
la,LA,979986572,0,2,26,16.0
la,LA,979986572,0,2,27,16.0
la,LA,979986572,0,2,28,15.0
la,LA,979986572,0,2,29,15.0
la,LA,979986572,0,2,30,15.0
la,LA,979986572,0,2,31,15.0
la,LA,979986572,0,2,32,11.0
la,LA,979986572,0,2,33,11.0
la,LA,979986572,0,2,34,11.0
la,LA,979986572,0,2,35,11.0
la,LA,979986572,0,2,36,11.0
la,LA,979986572,0,2,37,11.0
la,LA,979986572,0,2,38,11.0
la,LA,979986572,0,2,39,11.0
la,LA,979986572,0,2,40,11.0
la,LA,979986572,0,2,41,11.0
la,LA,979986572,0,2,42,11.0
la,LA,979986572,0,2,43,11.0
la,LA,979986572,0,2,44,11.0
la,LA,979986572,0,2,45,11.0
la,LA,979986572,0,2,46,11.0
la,LA,979986572,0,2,47,11.0
la,LA,979986572,0,2,48,11.0
la,LA,979986572,0,2,49,11.0
la,LA,979986572,0,2,50,11.0
la,LA,979986572,0,2,51,11.0
la,LA,979986572,0,2,52,11.0
la,LA,979986572,0,2,53,11.0
la,LA,979986572,0,2,54,11.0
la,LA,979986572,0,2,55,11.0
la,LA,979986572,0,2,56,11.0
la,LA,979986572,0,2,57,11.0
la,LA,979986572,0,2,58,11.0
la,LA,979986572,0,2,59,11.0
la,LA,979986572,0,2,60,11.0
la,LA,979986572,0,2,61,11.0
la,LA,979986572,0,2,62,11.0
la,LA,979986572,0,2,63,11.0
la,LA,979986572,0,2,64,11.0
la,LA,979986572,0,2,65,11.0
la,LA,979986572,0,2,66,11.0
la,LA,979986572,0,2,67,11.0
la,LA,979986572,0,2,68,11.0
la,LA,979986572,0,2,69,11.0
la,LA,979986572,0,2,70,11.0
la,LA,979986572,0,2,71,11.0
la,LA,979986572,0,2,72,11.0
la,LA,979986572,0,2,73,11.0
la,LA,979986572,0,2,74,11.0
la,LA,979986572,0,2,75,11.0
la,LA,979986572,0,2,76,11.0
la,LA,979986572,0,2,77,11.0
la,LA,979986572,0,2,78,11.0
la,LA,979986572,0,2,79,11.0
la,LA,979986572,0,2,80,11.0
la,LA,979986572,0,2,81,11.0
la,LA,979986572,0,2,82,11.0
la,LA,979986572,0,2,83,11.0
la,LA,979986572,0,2,84,11.0
la,LA,979986572,0,2,85,11.0
la,LA,979986572,0,2,86,11.0
la,LA,979986572,0,2,87,11.0
la,LA,979986572,0,2,88,11.0
la,LA,979986572,0,2,89,11.0
la,LA,979986572,0,2,90,11.0
la,LA,979986572,0,2,91,11.0
la,LA,979986572,0,2,92,11.0
la,LA,979986572,0,2,93,11.0
la,LA,979986572,0,2,94,11.0
la,LA,979986572,0,2,95,11.0
la,LA,979986572,0,2,96,11.0
la,LA,979986572,0,2,97,11.0
la,LA,979986572,0,2,98,11.0
la,LA,979986572,0,2,99,11.0
la,LA,979986572,0,2,100,10.0
la,LA,979986572,0,2,101,10.0
la,LA,979986572,0,2,102,10.0
la,LA,979986572,0,2,103,10.0
la,LA,979986572,0,2,104,10.0
la,LA,979986572,0,2,105,10.0
la,LA,979986572,0,2,106,10.0
la,LA,979986572,0,2,107,10.0
la,LA,979986572,0,2,108,10.0
la,LA,979986572,0,2,109,10.0
la,LA,979986572,0,2,110,10.0
la,LA,979986572,0,2,111,10.0
la,LA,979986572,0,2,112,10.0
la,LA,979986572,0,2,113,10.0
la,LA,979986572,0,2,114,10.0
la,LA,979986572,0,2,115,10.0
la,LA,979986572,0,2,116,10.0
la,LA,979986572,0,2,117,10.0
la,LA,979986572,0,2,118,10.0
la,LA,979986572,0,2,119,10.0
la,LA,979986572,0,2,120,10.0
la,LA,979986572,0,2,121,10.0
la,LA,979986572,0,2,122,10.0
la,LA,979986572,0,2,123,10.0
la,LA,979986572,0,2,124,10.0
la,LA,979986572,0,2,125,10.0
la,LA,979986572,0,2,126,10.0
la,LA,979986572,0,2,127,10.0
la,LA,979986572,0,2,128,10.0
la,LA,979986572,0,2,129,10.0
la,LA,979986572,0,2,130,10.0
la,LA,979986572,0,2,131,10.0
la,LA,979986572,0,2,132,10.0
la,LA,979986572,0,2,133,10.0
la,LA,979986572,0,2,134,10.0
la,LA,979986572,0,2,135,10.0
la,LA,979986572,0,2,136,10.0
la,LA,979986572,0,2,137,10.0
la,LA,979986572,0,2,138,10.0
la,LA,979986572,0,2,139,10.0
la,LA,979986572,0,2,140,9.0
la,LA,979986572,0,2,141,9.0
la,LA,979986572,0,2,142,9.0
la,LA,979986572,0,2,143,9.0
la,LA,979986572,0,2,144,9.0
la,LA,979986572,0,2,145,9.0
la,LA,979986572,0,2,146,9.0
la,LA,979986572,0,2,147,9.0
la,LA,979986572,0,2,148,9.0
la,LA,979986572,0,2,149,9.0
la,LA,979986572,0,2,150,9.0
la,LA,979986572,0,2,151,9.0
la,LA,979986572,0,2,152,9.0
la,LA,979986572,0,2,153,9.0
la,LA,979986572,0,2,154,9.0
la,LA,979986572,0,2,155,9.0
la,LA,979986572,0,2,156,9.0
la,LA,979986572,0,2,157,9.0
la,LA,979986572,0,2,158,9.0
la,LA,979986572,0,2,159,9.0
la,LA,979986572,0,2,160,9.0
la,LA,979986572,0,2,161,9.0
la,LA,979986572,0,2,162,9.0
la,LA,979986572,0,2,163,9.0
la,LA,979986572,0,2,164,9.0
la,LA,979986572,0,2,165,9.0
la,LA,979986572,0,2,166,9.0
la,LA,979986572,0,2,167,9.0
la,LA,979986572,0,2,168,9.0
la,LA,979986572,0,2,169,9.0
la,LA,979986572,0,2,170,9.0
la,LA,979986572,0,2,171,9.0
la,LA,979986572,0,2,172,8.0
la,LA,979986572,0,2,173,8.0
la,LA,979986572,0,2,174,8.0
la,LA,979986572,0,2,175,8.0
la,LA,979986572,0,2,176,8.0
la,LA,979986572,0,2,177,8.0
la,LA,979986572,0,2,178,8.0
la,LA,979986572,0,2,179,8.0
la,LA,979986572,0,2,180,8.0
la,LA,979986572,0,2,181,8.0
la,LA,979986572,0,2,182,8.0
la,LA,979986572,0,2,183,8.0
la,LA,979986572,0,2,184,8.0
la,LA,979986572,0,2,185,8.0
la,LA,979986572,0,2,186,8.0
la,LA,979986572,0,2,187,8.0
la,LA,979986572,0,2,188,8.0
la,LA,979986572,0,2,189,8.0
la,LA,979986572,0,2,190,8.0
la,LA,979986572,0,2,191,8.0
la,LA,979986572,0,2,192,8.0
la,LA,979986572,0,2,193,8.0
la,LA,979986572,0,2,194,8.0
la,LA,979986572,0,2,195,8.0
la,LA,979986572,0,2,196,8.0
la,LA,979986572,0,2,197,8.0
la,LA,979986572,0,2,198,8.0
la,LA,979986572,0,2,199,8.0
la,LA,979986572,0,2,200,8.0
la,LA,979986572,0,2,201,8.0
la,LA,979986572,0,2,202,8.0
la,LA,979986572,0,2,203,8.0
la,LA,979986572,0,2,204,8.0
la,LA,979986572,0,2,205,8.0
la,LA,979986572,0,2,206,8.0
la,LA,979986572,0,2,207,8.0
la,LA,979986572,0,2,208,8.0
la,LA,979986572,0,2,209,8.0
la,LA,979986572,0,2,210,8.0
la,LA,979986572,0,2,211,8.0
la,LA,979986572,0,2,212,8.0
la,LA,979986572,0,2,213,8.0
la,LA,979986572,0,2,214,8.0
la,LA,979986572,0,2,215,8.0
la,LA,979986572,0,2,216,8.0
la,LA,979986572,0,2,217,8.0
la,LA,979986572,0,2,218,8.0
la,LA,979986572,0,2,219,8.0
la,LA,979986572,0,2,220,8.0
la,LA,979986572,0,2,221,8.0
la,LA,979986572,0,2,222,8.0
la,LA,979986572,0,2,223,8.0
la,LA,979986572,0,2,224,8.0
la,LA,979986572,0,2,225,8.0
la,LA,979986572,0,2,226,8.0
la,LA,979986572,0,2,227,8.0
la,LA,979986572,0,2,228,8.0
la,LA,979986572,0,2,229,8.0
la,LA,979986572,0,2,230,8.0
la,LA,979986572,0,2,231,8.0
la,LA,979986572,0,2,232,8.0
la,LA,979986572,0,2,233,8.0
la,LA,979986572,0,2,234,8.0
la,LA,979986572,0,2,235,8.0
la,LA,979986572,0,2,236,8.0
la,LA,979986572,0,2,237,8.0
la,LA,979986572,0,2,238,8.0
la,LA,979986572,0,2,239,8.0
la,LA,979986572,0,2,240,8.0
la,LA,979986572,0,2,241,8.0
la,LA,979986572,0,2,242,8.0
la,LA,979986572,0,2,243,8.0
la,LA,979986572,0,2,244,8.0
la,LA,979986572,0,2,245,8.0
la,LA,979986572,0,2,246,8.0
la,LA,979986572,0,2,247,8.0
la,LA,979986572,0,2,248,8.0
la,LA,979986572,0,2,249,8.0
la,LA,979986572,0,2,250,8.0
la,LA,979986572,0,2,251,8.0
la,LA,979986572,0,2,252,8.0
la,LA,979986572,0,2,253,8.0
la,LA,979986572,0,2,254,8.0
la,LA,979986572,0,2,255,8.0
la,LA,979986572,0,2,256,8.0
la,LA,979986572,0,2,257,8.0
la,LA,979986572,0,2,258,8.0
la,LA,979986572,0,2,259,8.0
la,LA,979986572,0,2,260,8.0
la,LA,979986572,0,2,261,8.0
la,LA,979986572,0,2,262,8.0
la,LA,979986572,0,2,263,8.0
la,LA,979986572,0,2,264,8.0
la,LA,979986572,0,2,265,8.0
la,LA,979986572,0,2,266,8.0
la,LA,979986572,0,2,267,8.0
la,LA,979986572,0,2,268,8.0
la,LA,979986572,0,2,269,8.0
la,LA,979986572,0,2,270,8.0
la,LA,979986572,0,2,271,8.0
la,LA,979986572,0,2,272,7.0
la,LA,979986572,0,2,273,7.0
la,LA,979986572,0,2,274,7.0
la,LA,979986572,0,2,275,7.0
la,LA,979986572,0,2,276,7.0
la,LA,979986572,0,2,277,7.0
la,LA,979986572,0,2,278,7.0
la,LA,979986572,0,2,279,7.0
la,LA,979986572,0,2,280,7.0
la,LA,979986572,0,2,281,7.0
la,LA,979986572,0,2,282,7.0
la,LA,979986572,0,2,283,7.0
la,LA,979986572,0,2,284,7.0
la,LA,979986572,0,2,285,7.0
la,LA,979986572,0,2,286,7.0
la,LA,979986572,0,2,287,7.0
la,LA,979986572,0,2,288,6.0
la,LA,979986572,0,2,289,6.0
la,LA,979986572,0,2,290,6.0
la,LA,979986572,0,2,291,6.0
la,LA,979986572,0,2,292,6.0
la,LA,979986572,0,2,293,6.0
la,LA,979986572,0,2,294,6.0
la,LA,979986572,0,2,295,6.0
la,LA,979986572,0,2,296,6.0
la,LA,979986572,0,2,297,6.0
la,LA,979986572,0,2,298,6.0
la,LA,979986572,0,2,299,6.0
la,LA,979986572,0,2,300,6.0
la,LA,979986572,0,2,301,6.0
la,LA,979986572,0,2,302,6.0
la,LA,979986572,0,2,303,6.0
la,LA,979986572,0,2,304,6.0
la,LA,979986572,0,2,305,6.0
la,LA,979986572,0,2,306,6.0
la,LA,979986572,0,2,307,6.0
la,LA,979986572,0,2,308,6.0
la,LA,979986572,0,2,309,6.0
la,LA,979986572,0,2,310,6.0
la,LA,979986572,0,2,311,6.0
la,LA,979986572,0,2,312,5.0
la,LA,979986572,0,2,313,5.0
la,LA,979986572,0,2,314,5.0
la,LA,979986572,0,2,315,5.0
la,LA,979986572,0,2,316,5.0
la,LA,979986572,0,2,317,5.0
la,LA,979986572,0,2,318,5.0
la,LA,979986572,0,2,319,5.0
la,LA,979986572,0,2,320,4.0
la,LA,979986572,0,2,321,4.0
la,LA,979986572,0,2,322,4.0
la,LA,979986572,0,2,323,4.0
la,LA,979986572,0,2,324,4.0
la,LA,979986572,0,2,325,4.0
la,LA,979986572,0,2,326,4.0
la,LA,979986572,0,2,327,4.0
la,LA,979986572,0,2,328,3.0
la,LA,979986572,0,2,329,3.0
la,LA,979986572,0,2,330,3.0
la,LA,979986572,0,2,331,3.0
la,LA,979986572,0,2,332,3.0
la,LA,979986572,0,2,333,3.0
la,LA,979986572,0,2,334,3.0
la,LA,979986572,0,2,335,3.0
la,LA,979986572,0,2,336,2.0
la,LA,979986572,0,2,337,2.0
la,LA,979986572,0,2,338,2.0
la,LA,979986572,0,2,339,2.0
la,LA,979986572,0,2,340,2.0
la,LA,979986572,0,2,341,2.0
la,LA,979986572,0,2,342,2.0
la,LA,979986572,0,2,343,2.0
la,LA,979986572,0,2,344,2.0
la,LA,979986572,0,2,345,2.0
la,LA,979986572,0,2,346,2.0
la,LA,979986572,0,2,347,2.0
la,LA,979986572,0,2,348,1.0
la,LA,979986572,0,2,349,1.0
la,LA,979986572,0,2,350,1.0
la,LA,979986572,0,2,351,1.0
la,LA,979986572,0,2,352,1.0
la,LA,979986572,0,2,353,1.0
la,LA,979986572,0,2,354,1.0
la,LA,979986572,0,2,355,1.0
la,LA,979986572,1,0,0,16.0
la,LA,979986572,1,0,1,16.0
la,LA,979986572,1,0,2,16.0
la,LA,979986572,1,0,3,16.0
la,LA,979986572,1,0,4,16.0
la,LA,979986572,1,0,5,16.0
la,LA,979986572,1,0,6,16.0
la,LA,979986572,1,0,7,16.0
la,LA,979986572,1,0,8,16.0
la,LA,979986572,1,0,9,16.0
la,LA,979986572,1,0,10,16.0
la,LA,979986572,1,0,11,16.0
la,LA,979986572,1,0,12,16.0
la,LA,979986572,1,0,13,16.0
la,LA,979986572,1,0,14,16.0
la,LA,979986572,1,0,15,16.0
la,LA,979986572,1,0,16,16.0
la,LA,979986572,1,0,17,16.0
la,LA,979986572,1,0,18,16.0
la,LA,979986572,1,0,19,16.0
la,LA,979986572,1,0,20,16.0
la,LA,979986572,1,0,21,16.0
la,LA,979986572,1,0,22,16.0
la,LA,979986572,1,0,23,16.0
la,LA,979986572,1,0,24,16.0
la,LA,979986572,1,0,25,16.0
la,LA,979986572,1,0,26,16.0
la,LA,979986572,1,0,27,16.0
la,LA,979986572,1,0,28,15.0
la,LA,979986572,1,0,29,15.0
la,LA,979986572,1,0,30,15.0
la,LA,979986572,1,0,31,15.0
la,LA,979986572,1,0,32,11.0
la,LA,979986572,1,0,33,11.0
la,LA,979986572,1,0,34,11.0
la,LA,979986572,1,0,35,11.0
la,LA,979986572,1,0,36,11.0
la,LA,979986572,1,0,37,11.0
la,LA,979986572,1,0,38,11.0
la,LA,979986572,1,0,39,11.0
la,LA,979986572,1,0,40,11.0
la,LA,979986572,1,0,41,11.0
la,LA,979986572,1,0,42,11.0
la,LA,979986572,1,0,43,11.0
la,LA,979986572,1,0,44,11.0
la,LA,979986572,1,0,45,11.0
la,LA,979986572,1,0,46,11.0
la,LA,979986572,1,0,47,11.0
la,LA,979986572,1,0,48,11.0
la,LA,979986572,1,0,49,11.0
la,LA,979986572,1,0,50,11.0
la,LA,979986572,1,0,51,11.0
la,LA,979986572,1,0,52,11.0
la,LA,979986572,1,0,53,11.0
la,LA,979986572,1,0,54,11.0
la,LA,979986572,1,0,55,11.0
la,LA,979986572,1,0,56,11.0
la,LA,979986572,1,0,57,11.0
la,LA,979986572,1,0,58,11.0
la,LA,979986572,1,0,59,11.0
la,LA,979986572,1,0,60,11.0
la,LA,979986572,1,0,61,11.0
la,LA,979986572,1,0,62,11.0
la,LA,979986572,1,0,63,11.0
la,LA,979986572,1,0,64,11.0
la,LA,979986572,1,0,65,11.0
la,LA,979986572,1,0,66,11.0
la,LA,979986572,1,0,67,11.0
la,LA,979986572,1,0,68,11.0
la,LA,979986572,1,0,69,11.0
la,LA,979986572,1,0,70,11.0
la,LA,979986572,1,0,71,11.0
la,LA,979986572,1,0,72,11.0
la,LA,979986572,1,0,73,11.0
la,LA,979986572,1,0,74,11.0
la,LA,979986572,1,0,75,11.0
la,LA,979986572,1,0,76,11.0
la,LA,979986572,1,0,77,11.0
la,LA,979986572,1,0,78,11.0
la,LA,979986572,1,0,79,11.0
la,LA,979986572,1,0,80,11.0
la,LA,979986572,1,0,81,11.0
la,LA,979986572,1,0,82,11.0
la,LA,979986572,1,0,83,11.0
la,LA,979986572,1,0,84,11.0
la,LA,979986572,1,0,85,11.0
la,LA,979986572,1,0,86,11.0
la,LA,979986572,1,0,87,11.0
la,LA,979986572,1,0,88,11.0
la,LA,979986572,1,0,89,11.0
la,LA,979986572,1,0,90,11.0
la,LA,979986572,1,0,91,11.0
la,LA,979986572,1,0,92,11.0
la,LA,979986572,1,0,93,11.0
la,LA,979986572,1,0,94,11.0
la,LA,979986572,1,0,95,11.0
la,LA,979986572,1,0,96,11.0
la,LA,979986572,1,0,97,11.0
la,LA,979986572,1,0,98,11.0
la,LA,979986572,1,0,99,11.0
la,LA,979986572,1,0,100,10.0
la,LA,979986572,1,0,101,10.0
la,LA,979986572,1,0,102,10.0
la,LA,979986572,1,0,103,10.0
la,LA,979986572,1,0,104,10.0
la,LA,979986572,1,0,105,10.0
la,LA,979986572,1,0,106,10.0
la,LA,979986572,1,0,107,10.0
la,LA,979986572,1,0,108,10.0
la,LA,979986572,1,0,109,10.0
la,LA,979986572,1,0,110,10.0
la,LA,979986572,1,0,111,10.0
la,LA,979986572,1,0,112,10.0
la,LA,979986572,1,0,113,10.0
la,LA,979986572,1,0,114,10.0
la,LA,979986572,1,0,115,10.0
la,LA,979986572,1,0,116,10.0
la,LA,979986572,1,0,117,10.0
la,LA,979986572,1,0,118,10.0
la,LA,979986572,1,0,119,10.0
la,LA,979986572,1,0,120,10.0
la,LA,979986572,1,0,121,10.0
la,LA,979986572,1,0,122,10.0
la,LA,979986572,1,0,123,10.0
la,LA,979986572,1,0,124,10.0
la,LA,979986572,1,0,125,10.0
la,LA,979986572,1,0,126,10.0
la,LA,979986572,1,0,127,10.0
la,LA,979986572,1,0,128,10.0
la,LA,979986572,1,0,129,10.0
la,LA,979986572,1,0,130,10.0
la,LA,979986572,1,0,131,10.0
la,LA,979986572,1,0,132,10.0
la,LA,979986572,1,0,133,10.0
la,LA,979986572,1,0,134,10.0
la,LA,979986572,1,0,135,10.0
la,LA,979986572,1,0,136,10.0
la,LA,979986572,1,0,137,10.0
la,LA,979986572,1,0,138,10.0
la,LA,979986572,1,0,139,10.0
la,LA,979986572,1,0,140,9.0
la,LA,979986572,1,0,141,9.0
la,LA,979986572,1,0,142,9.0
la,LA,979986572,1,0,143,9.0
la,LA,979986572,1,0,144,9.0
la,LA,979986572,1,0,145,9.0
la,LA,979986572,1,0,146,9.0
la,LA,979986572,1,0,147,9.0
la,LA,979986572,1,0,148,9.0
la,LA,979986572,1,0,149,9.0
la,LA,979986572,1,0,150,9.0
la,LA,979986572,1,0,151,9.0
la,LA,979986572,1,0,152,9.0
la,LA,979986572,1,0,153,9.0
la,LA,979986572,1,0,154,9.0
la,LA,979986572,1,0,155,9.0
la,LA,979986572,1,0,156,9.0
la,LA,979986572,1,0,157,9.0
la,LA,979986572,1,0,158,9.0
la,LA,979986572,1,0,159,9.0
la,LA,979986572,1,0,160,9.0
la,LA,979986572,1,0,161,9.0
la,LA,979986572,1,0,162,9.0
la,LA,979986572,1,0,163,9.0
la,LA,979986572,1,0,164,9.0
la,LA,979986572,1,0,165,9.0
la,LA,979986572,1,0,166,9.0
la,LA,979986572,1,0,167,9.0
la,LA,979986572,1,0,168,9.0
la,LA,979986572,1,0,169,9.0
la,LA,979986572,1,0,170,9.0
la,LA,979986572,1,0,171,9.0
la,LA,979986572,1,0,172,8.0
la,LA,979986572,1,0,173,8.0
la,LA,979986572,1,0,174,8.0
la,LA,979986572,1,0,175,8.0
la,LA,979986572,1,0,176,8.0
la,LA,979986572,1,0,177,8.0
la,LA,979986572,1,0,178,8.0
la,LA,979986572,1,0,179,8.0
la,LA,979986572,1,0,180,8.0
la,LA,979986572,1,0,181,8.0
la,LA,979986572,1,0,182,8.0
la,LA,979986572,1,0,183,8.0
la,LA,979986572,1,0,184,8.0
la,LA,979986572,1,0,185,8.0
la,LA,979986572,1,0,186,8.0
la,LA,979986572,1,0,187,8.0
la,LA,979986572,1,0,188,8.0
la,LA,979986572,1,0,189,8.0
la,LA,979986572,1,0,190,8.0
la,LA,979986572,1,0,191,8.0
la,LA,979986572,1,0,192,8.0
la,LA,979986572,1,0,193,8.0
la,LA,979986572,1,0,194,8.0
la,LA,979986572,1,0,195,8.0
la,LA,979986572,1,0,196,8.0
la,LA,979986572,1,0,197,8.0
la,LA,979986572,1,0,198,8.0
la,LA,979986572,1,0,199,8.0
la,LA,979986572,1,0,200,8.0
la,LA,979986572,1,0,201,8.0
la,LA,979986572,1,0,202,8.0
la,LA,979986572,1,0,203,8.0
la,LA,979986572,1,0,204,8.0
la,LA,979986572,1,0,205,8.0
la,LA,979986572,1,0,206,8.0
la,LA,979986572,1,0,207,8.0
la,LA,979986572,1,0,208,8.0
la,LA,979986572,1,0,209,8.0
la,LA,979986572,1,0,210,8.0
la,LA,979986572,1,0,211,8.0
la,LA,979986572,1,0,212,8.0
la,LA,979986572,1,0,213,8.0
la,LA,979986572,1,0,214,8.0
la,LA,979986572,1,0,215,8.0
la,LA,979986572,1,0,216,8.0
la,LA,979986572,1,0,217,8.0
la,LA,979986572,1,0,218,8.0
la,LA,979986572,1,0,219,8.0
la,LA,979986572,1,0,220,8.0
la,LA,979986572,1,0,221,8.0
la,LA,979986572,1,0,222,8.0
la,LA,979986572,1,0,223,8.0
la,LA,979986572,1,0,224,8.0
la,LA,979986572,1,0,225,8.0
la,LA,979986572,1,0,226,8.0
la,LA,979986572,1,0,227,8.0
la,LA,979986572,1,0,228,8.0
la,LA,979986572,1,0,229,8.0
la,LA,979986572,1,0,230,8.0
la,LA,979986572,1,0,231,8.0
la,LA,979986572,1,0,232,8.0
la,LA,979986572,1,0,233,8.0
la,LA,979986572,1,0,234,8.0
la,LA,979986572,1,0,235,8.0
la,LA,979986572,1,0,236,8.0
la,LA,979986572,1,0,237,8.0
la,LA,979986572,1,0,238,8.0
la,LA,979986572,1,0,239,8.0
la,LA,979986572,1,0,240,8.0
la,LA,979986572,1,0,241,8.0
la,LA,979986572,1,0,242,8.0
la,LA,979986572,1,0,243,8.0
la,LA,979986572,1,0,244,8.0
la,LA,979986572,1,0,245,8.0
la,LA,979986572,1,0,246,8.0
la,LA,979986572,1,0,247,8.0
la,LA,979986572,1,0,248,8.0
la,LA,979986572,1,0,249,8.0
la,LA,979986572,1,0,250,8.0
la,LA,979986572,1,0,251,8.0
la,LA,979986572,1,0,252,8.0
la,LA,979986572,1,0,253,8.0
la,LA,979986572,1,0,254,8.0
la,LA,979986572,1,0,255,8.0
la,LA,979986572,1,0,256,8.0
la,LA,979986572,1,0,257,8.0
la,LA,979986572,1,0,258,8.0
la,LA,979986572,1,0,259,8.0
la,LA,979986572,1,0,260,8.0
la,LA,979986572,1,0,261,8.0
la,LA,979986572,1,0,262,8.0
la,LA,979986572,1,0,263,8.0
la,LA,979986572,1,0,264,8.0
la,LA,979986572,1,0,265,8.0
la,LA,979986572,1,0,266,8.0
la,LA,979986572,1,0,267,8.0
la,LA,979986572,1,0,268,8.0
la,LA,979986572,1,0,269,8.0
la,LA,979986572,1,0,270,8.0
la,LA,979986572,1,0,271,8.0
la,LA,979986572,1,0,272,7.0
la,LA,979986572,1,0,273,7.0
la,LA,979986572,1,0,274,7.0
la,LA,979986572,1,0,275,7.0
la,LA,979986572,1,0,276,7.0
la,LA,979986572,1,0,277,7.0
la,LA,979986572,1,0,278,7.0
la,LA,979986572,1,0,279,7.0
la,LA,979986572,1,0,280,7.0
la,LA,979986572,1,0,281,7.0
la,LA,979986572,1,0,282,7.0
la,LA,979986572,1,0,283,7.0
la,LA,979986572,1,0,284,7.0
la,LA,979986572,1,0,285,7.0
la,LA,979986572,1,0,286,7.0
la,LA,979986572,1,0,287,7.0
la,LA,979986572,1,0,288,6.0
la,LA,979986572,1,0,289,6.0
la,LA,979986572,1,0,290,6.0
la,LA,979986572,1,0,291,6.0
la,LA,979986572,1,0,292,6.0
la,LA,979986572,1,0,293,6.0
la,LA,979986572,1,0,294,6.0
la,LA,979986572,1,0,295,6.0
la,LA,979986572,1,0,296,6.0
la,LA,979986572,1,0,297,6.0
la,LA,979986572,1,0,298,6.0
la,LA,979986572,1,0,299,6.0
la,LA,979986572,1,0,300,6.0
la,LA,979986572,1,0,301,6.0
la,LA,979986572,1,0,302,6.0
la,LA,979986572,1,0,303,6.0
la,LA,979986572,1,0,304,6.0
la,LA,979986572,1,0,305,6.0
la,LA,979986572,1,0,306,6.0
la,LA,979986572,1,0,307,6.0
la,LA,979986572,1,0,308,6.0
la,LA,979986572,1,0,309,6.0
la,LA,979986572,1,0,310,6.0
la,LA,979986572,1,0,311,6.0
la,LA,979986572,1,0,312,5.0
la,LA,979986572,1,0,313,5.0
la,LA,979986572,1,0,314,5.0
la,LA,979986572,1,0,315,5.0
la,LA,979986572,1,0,316,5.0
la,LA,979986572,1,0,317,5.0
la,LA,979986572,1,0,318,5.0
la,LA,979986572,1,0,319,5.0
la,LA,979986572,1,0,320,4.0
la,LA,979986572,1,0,321,4.0
la,LA,979986572,1,0,322,4.0
la,LA,979986572,1,0,323,4.0
la,LA,979986572,1,0,324,4.0
la,LA,979986572,1,0,325,4.0
la,LA,979986572,1,0,326,4.0
la,LA,979986572,1,0,327,4.0
la,LA,979986572,1,0,328,3.0
la,LA,979986572,1,0,329,3.0
la,LA,979986572,1,0,330,3.0
la,LA,979986572,1,0,331,3.0
la,LA,979986572,1,0,332,3.0
la,LA,979986572,1,0,333,3.0
la,LA,979986572,1,0,334,3.0
la,LA,979986572,1,0,335,3.0
la,LA,979986572,1,0,336,2.0
la,LA,979986572,1,0,337,2.0
la,LA,979986572,1,0,338,2.0
la,LA,979986572,1,0,339,2.0
la,LA,979986572,1,0,340,2.0
la,LA,979986572,1,0,341,2.0
la,LA,979986572,1,0,342,2.0
la,LA,979986572,1,0,343,2.0
la,LA,979986572,1,0,344,2.0
la,LA,979986572,1,0,345,2.0
la,LA,979986572,1,0,346,2.0
la,LA,979986572,1,0,347,2.0
la,LA,979986572,1,0,348,1.0
la,LA,979986572,1,0,349,1.0
la,LA,979986572,1,0,350,1.0
la,LA,979986572,1,0,351,1.0
la,LA,979986572,1,0,352,1.0
la,LA,979986572,1,0,353,1.0
la,LA,979986572,1,0,354,1.0
la,LA,979986572,1,0,355,1.0
la,LA,979986572,1,1,0,16.0
la,LA,979986572,1,1,1,16.0
la,LA,979986572,1,1,2,16.0
la,LA,979986572,1,1,3,16.0
la,LA,979986572,1,1,4,16.0
la,LA,979986572,1,1,5,16.0
la,LA,979986572,1,1,6,16.0
la,LA,979986572,1,1,7,16.0
la,LA,979986572,1,1,8,16.0
la,LA,979986572,1,1,9,16.0
la,LA,979986572,1,1,10,16.0
la,LA,979986572,1,1,11,16.0
la,LA,979986572,1,1,12,16.0
la,LA,979986572,1,1,13,16.0
la,LA,979986572,1,1,14,16.0
la,LA,979986572,1,1,15,16.0
la,LA,979986572,1,1,16,16.0
la,LA,979986572,1,1,17,16.0
la,LA,979986572,1,1,18,16.0
la,LA,979986572,1,1,19,16.0
la,LA,979986572,1,1,20,16.0
la,LA,979986572,1,1,21,16.0
la,LA,979986572,1,1,22,16.0
la,LA,979986572,1,1,23,16.0
la,LA,979986572,1,1,24,16.0
la,LA,979986572,1,1,25,16.0
la,LA,979986572,1,1,26,16.0
la,LA,979986572,1,1,27,16.0
la,LA,979986572,1,1,28,15.0
la,LA,979986572,1,1,29,15.0
la,LA,979986572,1,1,30,15.0
la,LA,979986572,1,1,31,15.0
la,LA,979986572,1,1,32,11.0
la,LA,979986572,1,1,33,11.0
la,LA,979986572,1,1,34,11.0
la,LA,979986572,1,1,35,11.0
la,LA,979986572,1,1,36,11.0
la,LA,979986572,1,1,37,11.0
la,LA,979986572,1,1,38,11.0
la,LA,979986572,1,1,39,11.0
la,LA,979986572,1,1,40,11.0
la,LA,979986572,1,1,41,11.0
la,LA,979986572,1,1,42,11.0
la,LA,979986572,1,1,43,11.0
la,LA,979986572,1,1,44,11.0
la,LA,979986572,1,1,45,11.0
la,LA,979986572,1,1,46,11.0
la,LA,979986572,1,1,47,11.0
la,LA,979986572,1,1,48,11.0
la,LA,979986572,1,1,49,11.0
la,LA,979986572,1,1,50,11.0
la,LA,979986572,1,1,51,11.0
la,LA,979986572,1,1,52,11.0
la,LA,979986572,1,1,53,11.0
la,LA,979986572,1,1,54,11.0
la,LA,979986572,1,1,55,11.0
la,LA,979986572,1,1,56,11.0
la,LA,979986572,1,1,57,11.0
la,LA,979986572,1,1,58,11.0
la,LA,979986572,1,1,59,11.0
la,LA,979986572,1,1,60,11.0
la,LA,979986572,1,1,61,11.0
la,LA,979986572,1,1,62,11.0
la,LA,979986572,1,1,63,11.0
la,LA,979986572,1,1,64,11.0
la,LA,979986572,1,1,65,11.0
la,LA,979986572,1,1,66,11.0
la,LA,979986572,1,1,67,11.0
la,LA,979986572,1,1,68,11.0
la,LA,979986572,1,1,69,11.0
la,LA,979986572,1,1,70,11.0
la,LA,979986572,1,1,71,11.0
la,LA,979986572,1,1,72,11.0
la,LA,979986572,1,1,73,11.0
la,LA,979986572,1,1,74,11.0
la,LA,979986572,1,1,75,11.0
la,LA,979986572,1,1,76,11.0
la,LA,979986572,1,1,77,11.0
la,LA,979986572,1,1,78,11.0
la,LA,979986572,1,1,79,11.0
la,LA,979986572,1,1,80,11.0
la,LA,979986572,1,1,81,11.0
la,LA,979986572,1,1,82,11.0
la,LA,979986572,1,1,83,11.0
la,LA,979986572,1,1,84,11.0
la,LA,979986572,1,1,85,11.0
la,LA,979986572,1,1,86,11.0
la,LA,979986572,1,1,87,11.0
la,LA,979986572,1,1,88,11.0
la,LA,979986572,1,1,89,11.0
la,LA,979986572,1,1,90,11.0
la,LA,979986572,1,1,91,11.0
la,LA,979986572,1,1,92,11.0
la,LA,979986572,1,1,93,11.0
la,LA,979986572,1,1,94,11.0
la,LA,979986572,1,1,95,11.0
la,LA,979986572,1,1,96,11.0
la,LA,979986572,1,1,97,11.0
la,LA,979986572,1,1,98,11.0
la,LA,979986572,1,1,99,11.0
la,LA,979986572,1,1,100,10.0
la,LA,979986572,1,1,101,10.0
la,LA,979986572,1,1,102,10.0
la,LA,979986572,1,1,103,10.0
la,LA,979986572,1,1,104,10.0
la,LA,979986572,1,1,105,10.0
la,LA,979986572,1,1,106,10.0
la,LA,979986572,1,1,107,10.0
la,LA,979986572,1,1,108,10.0
la,LA,979986572,1,1,109,10.0
la,LA,979986572,1,1,110,10.0
la,LA,979986572,1,1,111,10.0
la,LA,979986572,1,1,112,10.0
la,LA,979986572,1,1,113,10.0
la,LA,979986572,1,1,114,10.0
la,LA,979986572,1,1,115,10.0
la,LA,979986572,1,1,116,10.0
la,LA,979986572,1,1,117,10.0
la,LA,979986572,1,1,118,10.0
la,LA,979986572,1,1,119,10.0
la,LA,979986572,1,1,120,10.0
la,LA,979986572,1,1,121,10.0
la,LA,979986572,1,1,122,10.0
la,LA,979986572,1,1,123,10.0
la,LA,979986572,1,1,124,10.0
la,LA,979986572,1,1,125,10.0
la,LA,979986572,1,1,126,10.0
la,LA,979986572,1,1,127,10.0
la,LA,979986572,1,1,128,10.0
la,LA,979986572,1,1,129,10.0
la,LA,979986572,1,1,130,10.0
la,LA,979986572,1,1,131,10.0
la,LA,979986572,1,1,132,10.0
la,LA,979986572,1,1,133,10.0
la,LA,979986572,1,1,134,10.0
la,LA,979986572,1,1,135,10.0
la,LA,979986572,1,1,136,10.0
la,LA,979986572,1,1,137,10.0
la,LA,979986572,1,1,138,10.0
la,LA,979986572,1,1,139,10.0
la,LA,979986572,1,1,140,9.0
la,LA,979986572,1,1,141,9.0
la,LA,979986572,1,1,142,9.0
la,LA,979986572,1,1,143,9.0
la,LA,979986572,1,1,144,9.0
la,LA,979986572,1,1,145,9.0
la,LA,979986572,1,1,146,9.0
la,LA,979986572,1,1,147,9.0
la,LA,979986572,1,1,148,9.0
la,LA,979986572,1,1,149,9.0
la,LA,979986572,1,1,150,9.0
la,LA,979986572,1,1,151,9.0
la,LA,979986572,1,1,152,9.0
la,LA,979986572,1,1,153,9.0
la,LA,979986572,1,1,154,9.0
la,LA,979986572,1,1,155,9.0
la,LA,979986572,1,1,156,9.0
la,LA,979986572,1,1,157,9.0
la,LA,979986572,1,1,158,9.0
la,LA,979986572,1,1,159,9.0
la,LA,979986572,1,1,160,9.0
la,LA,979986572,1,1,161,9.0
la,LA,979986572,1,1,162,9.0
la,LA,979986572,1,1,163,9.0
la,LA,979986572,1,1,164,9.0
la,LA,979986572,1,1,165,9.0
la,LA,979986572,1,1,166,9.0
la,LA,979986572,1,1,167,9.0
la,LA,979986572,1,1,168,9.0
la,LA,979986572,1,1,169,9.0
la,LA,979986572,1,1,170,9.0
la,LA,979986572,1,1,171,9.0
la,LA,979986572,1,1,172,8.0
la,LA,979986572,1,1,173,8.0
la,LA,979986572,1,1,174,8.0
la,LA,979986572,1,1,175,8.0
la,LA,979986572,1,1,176,8.0
la,LA,979986572,1,1,177,8.0
la,LA,979986572,1,1,178,8.0
la,LA,979986572,1,1,179,8.0
la,LA,979986572,1,1,180,8.0
la,LA,979986572,1,1,181,8.0
la,LA,979986572,1,1,182,8.0
la,LA,979986572,1,1,183,8.0
la,LA,979986572,1,1,184,8.0
la,LA,979986572,1,1,185,8.0
la,LA,979986572,1,1,186,8.0
la,LA,979986572,1,1,187,8.0
la,LA,979986572,1,1,188,8.0
la,LA,979986572,1,1,189,8.0
la,LA,979986572,1,1,190,8.0
la,LA,979986572,1,1,191,8.0
la,LA,979986572,1,1,192,8.0
la,LA,979986572,1,1,193,8.0
la,LA,979986572,1,1,194,8.0
la,LA,979986572,1,1,195,8.0
la,LA,979986572,1,1,196,8.0
la,LA,979986572,1,1,197,8.0
la,LA,979986572,1,1,198,8.0
la,LA,979986572,1,1,199,8.0
la,LA,979986572,1,1,200,8.0
la,LA,979986572,1,1,201,8.0
la,LA,979986572,1,1,202,8.0
la,LA,979986572,1,1,203,8.0
la,LA,979986572,1,1,204,8.0
la,LA,979986572,1,1,205,8.0
la,LA,979986572,1,1,206,8.0
la,LA,979986572,1,1,207,8.0
la,LA,979986572,1,1,208,8.0
la,LA,979986572,1,1,209,8.0
la,LA,979986572,1,1,210,8.0
la,LA,979986572,1,1,211,8.0
la,LA,979986572,1,1,212,8.0
la,LA,979986572,1,1,213,8.0
la,LA,979986572,1,1,214,8.0
la,LA,979986572,1,1,215,8.0
la,LA,979986572,1,1,216,8.0
la,LA,979986572,1,1,217,8.0
la,LA,979986572,1,1,218,8.0
la,LA,979986572,1,1,219,8.0
la,LA,979986572,1,1,220,8.0
la,LA,979986572,1,1,221,8.0
la,LA,979986572,1,1,222,8.0
la,LA,979986572,1,1,223,8.0
la,LA,979986572,1,1,224,8.0
la,LA,979986572,1,1,225,8.0
la,LA,979986572,1,1,226,8.0
la,LA,979986572,1,1,227,8.0
la,LA,979986572,1,1,228,8.0
la,LA,979986572,1,1,229,8.0
la,LA,979986572,1,1,230,8.0
la,LA,979986572,1,1,231,8.0
la,LA,979986572,1,1,232,8.0
la,LA,979986572,1,1,233,8.0
la,LA,979986572,1,1,234,8.0
la,LA,979986572,1,1,235,8.0
la,LA,979986572,1,1,236,8.0
la,LA,979986572,1,1,237,8.0
la,LA,979986572,1,1,238,8.0
la,LA,979986572,1,1,239,8.0
la,LA,979986572,1,1,240,8.0
la,LA,979986572,1,1,241,8.0
la,LA,979986572,1,1,242,8.0
la,LA,979986572,1,1,243,8.0
la,LA,979986572,1,1,244,8.0
la,LA,979986572,1,1,245,8.0
la,LA,979986572,1,1,246,8.0
la,LA,979986572,1,1,247,8.0
la,LA,979986572,1,1,248,8.0
la,LA,979986572,1,1,249,8.0
la,LA,979986572,1,1,250,8.0
la,LA,979986572,1,1,251,8.0
la,LA,979986572,1,1,252,8.0
la,LA,979986572,1,1,253,8.0
la,LA,979986572,1,1,254,8.0
la,LA,979986572,1,1,255,8.0
la,LA,979986572,1,1,256,8.0
la,LA,979986572,1,1,257,8.0
la,LA,979986572,1,1,258,8.0
la,LA,979986572,1,1,259,8.0
la,LA,979986572,1,1,260,8.0
la,LA,979986572,1,1,261,8.0
la,LA,979986572,1,1,262,8.0
la,LA,979986572,1,1,263,8.0
la,LA,979986572,1,1,264,8.0
la,LA,979986572,1,1,265,8.0
la,LA,979986572,1,1,266,8.0
la,LA,979986572,1,1,267,8.0
la,LA,979986572,1,1,268,8.0
la,LA,979986572,1,1,269,8.0
la,LA,979986572,1,1,270,8.0
la,LA,979986572,1,1,271,8.0
la,LA,979986572,1,1,272,7.0
la,LA,979986572,1,1,273,7.0
la,LA,979986572,1,1,274,7.0
la,LA,979986572,1,1,275,7.0
la,LA,979986572,1,1,276,7.0
la,LA,979986572,1,1,277,7.0
la,LA,979986572,1,1,278,7.0
la,LA,979986572,1,1,279,7.0
la,LA,979986572,1,1,280,7.0
la,LA,979986572,1,1,281,7.0
la,LA,979986572,1,1,282,7.0
la,LA,979986572,1,1,283,7.0
la,LA,979986572,1,1,284,7.0
la,LA,979986572,1,1,285,7.0
la,LA,979986572,1,1,286,7.0
la,LA,979986572,1,1,287,7.0
la,LA,979986572,1,1,288,6.0
la,LA,979986572,1,1,289,6.0
la,LA,979986572,1,1,290,6.0
la,LA,979986572,1,1,291,6.0
la,LA,979986572,1,1,292,6.0
la,LA,979986572,1,1,293,6.0
la,LA,979986572,1,1,294,6.0
la,LA,979986572,1,1,295,6.0
la,LA,979986572,1,1,296,6.0
la,LA,979986572,1,1,297,6.0
la,LA,979986572,1,1,298,6.0
la,LA,979986572,1,1,299,6.0
la,LA,979986572,1,1,300,6.0
la,LA,979986572,1,1,301,6.0
la,LA,979986572,1,1,302,6.0
la,LA,979986572,1,1,303,6.0
la,LA,979986572,1,1,304,6.0
la,LA,979986572,1,1,305,6.0
la,LA,979986572,1,1,306,6.0
la,LA,979986572,1,1,307,6.0
la,LA,979986572,1,1,308,6.0
la,LA,979986572,1,1,309,6.0
la,LA,979986572,1,1,310,6.0
la,LA,979986572,1,1,311,6.0
la,LA,979986572,1,1,312,5.0
la,LA,979986572,1,1,313,5.0
la,LA,979986572,1,1,314,5.0
la,LA,979986572,1,1,315,5.0
la,LA,979986572,1,1,316,5.0
la,LA,979986572,1,1,317,5.0
la,LA,979986572,1,1,318,5.0
la,LA,979986572,1,1,319,5.0
la,LA,979986572,1,1,320,4.0
la,LA,979986572,1,1,321,4.0
la,LA,979986572,1,1,322,4.0
la,LA,979986572,1,1,323,4.0
la,LA,979986572,1,1,324,4.0
la,LA,979986572,1,1,325,4.0
la,LA,979986572,1,1,326,4.0
la,LA,979986572,1,1,327,4.0
la,LA,979986572,1,1,328,3.0
la,LA,979986572,1,1,329,3.0
la,LA,979986572,1,1,330,3.0
la,LA,979986572,1,1,331,3.0
la,LA,979986572,1,1,332,3.0
la,LA,979986572,1,1,333,3.0
la,LA,979986572,1,1,334,3.0
la,LA,979986572,1,1,335,3.0
la,LA,979986572,1,1,336,2.0
la,LA,979986572,1,1,337,2.0
la,LA,979986572,1,1,338,2.0
la,LA,979986572,1,1,339,2.0
la,LA,979986572,1,1,340,2.0
la,LA,979986572,1,1,341,2.0
la,LA,979986572,1,1,342,2.0
la,LA,979986572,1,1,343,2.0
la,LA,979986572,1,1,344,2.0
la,LA,979986572,1,1,345,2.0
la,LA,979986572,1,1,346,2.0
la,LA,979986572,1,1,347,2.0
la,LA,979986572,1,1,348,1.0
la,LA,979986572,1,1,349,1.0
la,LA,979986572,1,1,350,1.0
la,LA,979986572,1,1,351,1.0
la,LA,979986572,1,1,352,1.0
la,LA,979986572,1,1,353,1.0
la,LA,979986572,1,1,354,1.0
la,LA,979986572,1,1,355,1.0
la,LA,979986572,1,2,0,16.0
la,LA,979986572,1,2,1,16.0
la,LA,979986572,1,2,2,16.0
la,LA,979986572,1,2,3,16.0
la,LA,979986572,1,2,4,16.0
la,LA,979986572,1,2,5,16.0
la,LA,979986572,1,2,6,16.0
la,LA,979986572,1,2,7,16.0
la,LA,979986572,1,2,8,16.0
la,LA,979986572,1,2,9,16.0
la,LA,979986572,1,2,10,16.0
la,LA,979986572,1,2,11,16.0
la,LA,979986572,1,2,12,16.0
la,LA,979986572,1,2,13,16.0
la,LA,979986572,1,2,14,16.0
la,LA,979986572,1,2,15,16.0
la,LA,979986572,1,2,16,16.0
la,LA,979986572,1,2,17,16.0
la,LA,979986572,1,2,18,16.0
la,LA,979986572,1,2,19,16.0
la,LA,979986572,1,2,20,16.0
la,LA,979986572,1,2,21,16.0
la,LA,979986572,1,2,22,16.0
la,LA,979986572,1,2,23,16.0
la,LA,979986572,1,2,24,16.0
la,LA,979986572,1,2,25,16.0
la,LA,979986572,1,2,26,16.0
la,LA,979986572,1,2,27,16.0
la,LA,979986572,1,2,28,15.0
la,LA,979986572,1,2,29,15.0
la,LA,979986572,1,2,30,15.0
la,LA,979986572,1,2,31,15.0
la,LA,979986572,1,2,32,11.0
la,LA,979986572,1,2,33,11.0
la,LA,979986572,1,2,34,11.0
la,LA,979986572,1,2,35,11.0
la,LA,979986572,1,2,36,11.0
la,LA,979986572,1,2,37,11.0
la,LA,979986572,1,2,38,11.0
la,LA,979986572,1,2,39,11.0
la,LA,979986572,1,2,40,11.0
la,LA,979986572,1,2,41,11.0
la,LA,979986572,1,2,42,11.0
la,LA,979986572,1,2,43,11.0
la,LA,979986572,1,2,44,11.0
la,LA,979986572,1,2,45,11.0
la,LA,979986572,1,2,46,11.0
la,LA,979986572,1,2,47,11.0
la,LA,979986572,1,2,48,11.0
la,LA,979986572,1,2,49,11.0
la,LA,979986572,1,2,50,11.0
la,LA,979986572,1,2,51,11.0
la,LA,979986572,1,2,52,11.0
la,LA,979986572,1,2,53,11.0
la,LA,979986572,1,2,54,11.0
la,LA,979986572,1,2,55,11.0
la,LA,979986572,1,2,56,11.0
la,LA,979986572,1,2,57,11.0
la,LA,979986572,1,2,58,11.0
la,LA,979986572,1,2,59,11.0
la,LA,979986572,1,2,60,11.0
la,LA,979986572,1,2,61,11.0
la,LA,979986572,1,2,62,11.0
la,LA,979986572,1,2,63,11.0
la,LA,979986572,1,2,64,11.0
la,LA,979986572,1,2,65,11.0
la,LA,979986572,1,2,66,11.0
la,LA,979986572,1,2,67,11.0
la,LA,979986572,1,2,68,11.0
la,LA,979986572,1,2,69,11.0
la,LA,979986572,1,2,70,11.0
la,LA,979986572,1,2,71,11.0
la,LA,979986572,1,2,72,11.0
la,LA,979986572,1,2,73,11.0
la,LA,979986572,1,2,74,11.0
la,LA,979986572,1,2,75,11.0
la,LA,979986572,1,2,76,11.0
la,LA,979986572,1,2,77,11.0
la,LA,979986572,1,2,78,11.0
la,LA,979986572,1,2,79,11.0
la,LA,979986572,1,2,80,11.0
la,LA,979986572,1,2,81,11.0
la,LA,979986572,1,2,82,11.0
la,LA,979986572,1,2,83,11.0
la,LA,979986572,1,2,84,11.0
la,LA,979986572,1,2,85,11.0
la,LA,979986572,1,2,86,11.0
la,LA,979986572,1,2,87,11.0
la,LA,979986572,1,2,88,11.0
la,LA,979986572,1,2,89,11.0
la,LA,979986572,1,2,90,11.0
la,LA,979986572,1,2,91,11.0
la,LA,979986572,1,2,92,11.0
la,LA,979986572,1,2,93,11.0
la,LA,979986572,1,2,94,11.0
la,LA,979986572,1,2,95,11.0
la,LA,979986572,1,2,96,11.0
la,LA,979986572,1,2,97,11.0
la,LA,979986572,1,2,98,11.0
la,LA,979986572,1,2,99,11.0
la,LA,979986572,1,2,100,10.0
la,LA,979986572,1,2,101,10.0
la,LA,979986572,1,2,102,10.0
la,LA,979986572,1,2,103,10.0
la,LA,979986572,1,2,104,10.0
la,LA,979986572,1,2,105,10.0
la,LA,979986572,1,2,106,10.0
la,LA,979986572,1,2,107,10.0
la,LA,979986572,1,2,108,10.0
la,LA,979986572,1,2,109,10.0
la,LA,979986572,1,2,110,10.0
la,LA,979986572,1,2,111,10.0
la,LA,979986572,1,2,112,10.0
la,LA,979986572,1,2,113,10.0
la,LA,979986572,1,2,114,10.0
la,LA,979986572,1,2,115,10.0
la,LA,979986572,1,2,116,10.0
la,LA,979986572,1,2,117,10.0
la,LA,979986572,1,2,118,10.0
la,LA,979986572,1,2,119,10.0
la,LA,979986572,1,2,120,10.0
la,LA,979986572,1,2,121,10.0
la,LA,979986572,1,2,122,10.0
la,LA,979986572,1,2,123,10.0
la,LA,979986572,1,2,124,10.0
la,LA,979986572,1,2,125,10.0
la,LA,979986572,1,2,126,10.0
la,LA,979986572,1,2,127,10.0
la,LA,979986572,1,2,128,10.0
la,LA,979986572,1,2,129,10.0
la,LA,979986572,1,2,130,10.0
la,LA,979986572,1,2,131,10.0
la,LA,979986572,1,2,132,10.0
la,LA,979986572,1,2,133,10.0
la,LA,979986572,1,2,134,10.0
la,LA,979986572,1,2,135,10.0
la,LA,979986572,1,2,136,10.0
la,LA,979986572,1,2,137,10.0
la,LA,979986572,1,2,138,10.0
la,LA,979986572,1,2,139,10.0
la,LA,979986572,1,2,140,9.0
la,LA,979986572,1,2,141,9.0
la,LA,979986572,1,2,142,9.0
la,LA,979986572,1,2,143,9.0
la,LA,979986572,1,2,144,9.0
la,LA,979986572,1,2,145,9.0
la,LA,979986572,1,2,146,9.0
la,LA,979986572,1,2,147,9.0
la,LA,979986572,1,2,148,9.0
la,LA,979986572,1,2,149,9.0
la,LA,979986572,1,2,150,9.0
la,LA,979986572,1,2,151,9.0
la,LA,979986572,1,2,152,9.0
la,LA,979986572,1,2,153,9.0
la,LA,979986572,1,2,154,9.0
la,LA,979986572,1,2,155,9.0
la,LA,979986572,1,2,156,9.0
la,LA,979986572,1,2,157,9.0
la,LA,979986572,1,2,158,9.0
la,LA,979986572,1,2,159,9.0
la,LA,979986572,1,2,160,9.0
la,LA,979986572,1,2,161,9.0
la,LA,979986572,1,2,162,9.0
la,LA,979986572,1,2,163,9.0
la,LA,979986572,1,2,164,9.0
la,LA,979986572,1,2,165,9.0
la,LA,979986572,1,2,166,9.0
la,LA,979986572,1,2,167,9.0
la,LA,979986572,1,2,168,9.0
la,LA,979986572,1,2,169,9.0
la,LA,979986572,1,2,170,9.0
la,LA,979986572,1,2,171,9.0
la,LA,979986572,1,2,172,8.0
la,LA,979986572,1,2,173,8.0
la,LA,979986572,1,2,174,8.0
la,LA,979986572,1,2,175,8.0
la,LA,979986572,1,2,176,8.0
la,LA,979986572,1,2,177,8.0
la,LA,979986572,1,2,178,8.0
la,LA,979986572,1,2,179,8.0
la,LA,979986572,1,2,180,8.0
la,LA,979986572,1,2,181,8.0
la,LA,979986572,1,2,182,8.0
la,LA,979986572,1,2,183,8.0
la,LA,979986572,1,2,184,8.0
la,LA,979986572,1,2,185,8.0
la,LA,979986572,1,2,186,8.0
la,LA,979986572,1,2,187,8.0
la,LA,979986572,1,2,188,8.0
la,LA,979986572,1,2,189,8.0
la,LA,979986572,1,2,190,8.0
la,LA,979986572,1,2,191,8.0
la,LA,979986572,1,2,192,8.0
la,LA,979986572,1,2,193,8.0
la,LA,979986572,1,2,194,8.0
la,LA,979986572,1,2,195,8.0
la,LA,979986572,1,2,196,8.0
la,LA,979986572,1,2,197,8.0
la,LA,979986572,1,2,198,8.0
la,LA,979986572,1,2,199,8.0
la,LA,979986572,1,2,200,8.0
la,LA,979986572,1,2,201,8.0
la,LA,979986572,1,2,202,8.0
la,LA,979986572,1,2,203,8.0
la,LA,979986572,1,2,204,8.0
la,LA,979986572,1,2,205,8.0
la,LA,979986572,1,2,206,8.0
la,LA,979986572,1,2,207,8.0
la,LA,979986572,1,2,208,8.0
la,LA,979986572,1,2,209,8.0
la,LA,979986572,1,2,210,8.0
la,LA,979986572,1,2,211,8.0
la,LA,979986572,1,2,212,8.0
la,LA,979986572,1,2,213,8.0
la,LA,979986572,1,2,214,8.0
la,LA,979986572,1,2,215,8.0
la,LA,979986572,1,2,216,8.0
la,LA,979986572,1,2,217,8.0
la,LA,979986572,1,2,218,8.0
la,LA,979986572,1,2,219,8.0
la,LA,979986572,1,2,220,8.0
la,LA,979986572,1,2,221,8.0
la,LA,979986572,1,2,222,8.0
la,LA,979986572,1,2,223,8.0
la,LA,979986572,1,2,224,8.0
la,LA,979986572,1,2,225,8.0
la,LA,979986572,1,2,226,8.0
la,LA,979986572,1,2,227,8.0
la,LA,979986572,1,2,228,8.0
la,LA,979986572,1,2,229,8.0
la,LA,979986572,1,2,230,8.0
la,LA,979986572,1,2,231,8.0
la,LA,979986572,1,2,232,8.0
la,LA,979986572,1,2,233,8.0
la,LA,979986572,1,2,234,8.0
la,LA,979986572,1,2,235,8.0
la,LA,979986572,1,2,236,8.0
la,LA,979986572,1,2,237,8.0
la,LA,979986572,1,2,238,8.0
la,LA,979986572,1,2,239,8.0
la,LA,979986572,1,2,240,8.0
la,LA,979986572,1,2,241,8.0
la,LA,979986572,1,2,242,8.0
la,LA,979986572,1,2,243,8.0
la,LA,979986572,1,2,244,8.0
la,LA,979986572,1,2,245,8.0
la,LA,979986572,1,2,246,8.0
la,LA,979986572,1,2,247,8.0
la,LA,979986572,1,2,248,8.0
la,LA,979986572,1,2,249,8.0
la,LA,979986572,1,2,250,8.0
la,LA,979986572,1,2,251,8.0
la,LA,979986572,1,2,252,8.0
la,LA,979986572,1,2,253,8.0
la,LA,979986572,1,2,254,8.0
la,LA,979986572,1,2,255,8.0
la,LA,979986572,1,2,256,8.0
la,LA,979986572,1,2,257,8.0
la,LA,979986572,1,2,258,8.0
la,LA,979986572,1,2,259,8.0
la,LA,979986572,1,2,260,8.0
la,LA,979986572,1,2,261,8.0
la,LA,979986572,1,2,262,8.0
la,LA,979986572,1,2,263,8.0
la,LA,979986572,1,2,264,8.0
la,LA,979986572,1,2,265,8.0
la,LA,979986572,1,2,266,8.0
la,LA,979986572,1,2,267,8.0
la,LA,979986572,1,2,268,8.0
la,LA,979986572,1,2,269,8.0
la,LA,979986572,1,2,270,8.0
la,LA,979986572,1,2,271,8.0
la,LA,979986572,1,2,272,7.0
la,LA,979986572,1,2,273,7.0
la,LA,979986572,1,2,274,7.0
la,LA,979986572,1,2,275,7.0
la,LA,979986572,1,2,276,7.0
la,LA,979986572,1,2,277,7.0
la,LA,979986572,1,2,278,7.0
la,LA,979986572,1,2,279,7.0
la,LA,979986572,1,2,280,7.0
la,LA,979986572,1,2,281,7.0
la,LA,979986572,1,2,282,7.0
la,LA,979986572,1,2,283,7.0
la,LA,979986572,1,2,284,7.0
la,LA,979986572,1,2,285,7.0
la,LA,979986572,1,2,286,7.0
la,LA,979986572,1,2,287,7.0
la,LA,979986572,1,2,288,6.0
la,LA,979986572,1,2,289,6.0
la,LA,979986572,1,2,290,6.0
la,LA,979986572,1,2,291,6.0
la,LA,979986572,1,2,292,6.0
la,LA,979986572,1,2,293,6.0
la,LA,979986572,1,2,294,6.0
la,LA,979986572,1,2,295,6.0
la,LA,979986572,1,2,296,6.0
la,LA,979986572,1,2,297,6.0
la,LA,979986572,1,2,298,6.0
la,LA,979986572,1,2,299,6.0
la,LA,979986572,1,2,300,6.0
la,LA,979986572,1,2,301,6.0
la,LA,979986572,1,2,302,6.0
la,LA,979986572,1,2,303,6.0
la,LA,979986572,1,2,304,6.0
la,LA,979986572,1,2,305,6.0
la,LA,979986572,1,2,306,6.0
la,LA,979986572,1,2,307,6.0
la,LA,979986572,1,2,308,6.0
la,LA,979986572,1,2,309,6.0
la,LA,979986572,1,2,310,6.0
la,LA,979986572,1,2,311,6.0
la,LA,979986572,1,2,312,5.0
la,LA,979986572,1,2,313,5.0
la,LA,979986572,1,2,314,5.0
la,LA,979986572,1,2,315,5.0
la,LA,979986572,1,2,316,5.0
la,LA,979986572,1,2,317,5.0
la,LA,979986572,1,2,318,5.0
la,LA,979986572,1,2,319,5.0
la,LA,979986572,1,2,320,4.0
la,LA,979986572,1,2,321,4.0
la,LA,979986572,1,2,322,4.0
la,LA,979986572,1,2,323,4.0
la,LA,979986572,1,2,324,4.0
la,LA,979986572,1,2,325,4.0
la,LA,979986572,1,2,326,4.0
la,LA,979986572,1,2,327,4.0
la,LA,979986572,1,2,328,3.0
la,LA,979986572,1,2,329,3.0
la,LA,979986572,1,2,330,3.0
la,LA,979986572,1,2,331,3.0
la,LA,979986572,1,2,332,3.0
la,LA,979986572,1,2,333,3.0
la,LA,979986572,1,2,334,3.0
la,LA,979986572,1,2,335,3.0
la,LA,979986572,1,2,336,2.0
la,LA,979986572,1,2,337,2.0
la,LA,979986572,1,2,338,2.0
la,LA,979986572,1,2,339,2.0
la,LA,979986572,1,2,340,2.0
la,LA,979986572,1,2,341,2.0
la,LA,979986572,1,2,342,2.0
la,LA,979986572,1,2,343,2.0
la,LA,979986572,1,2,344,2.0
la,LA,979986572,1,2,345,2.0
la,LA,979986572,1,2,346,2.0
la,LA,979986572,1,2,347,2.0
la,LA,979986572,1,2,348,1.0
la,LA,979986572,1,2,349,1.0
la,LA,979986572,1,2,350,1.0
la,LA,979986572,1,2,351,1.0
la,LA,979986572,1,2,352,1.0
la,LA,979986572,1,2,353,1.0
la,LA,979986572,1,2,354,1.0
la,LA,979986572,1,2,355,1.0
la,LA,979986572,2,0,0,16.0
la,LA,979986572,2,0,1,16.0
la,LA,979986572,2,0,2,16.0
la,LA,979986572,2,0,3,16.0
la,LA,979986572,2,0,4,16.0
la,LA,979986572,2,0,5,16.0
la,LA,979986572,2,0,6,16.0
la,LA,979986572,2,0,7,16.0
la,LA,979986572,2,0,8,16.0
la,LA,979986572,2,0,9,16.0
la,LA,979986572,2,0,10,16.0
la,LA,979986572,2,0,11,16.0
la,LA,979986572,2,0,12,16.0
la,LA,979986572,2,0,13,16.0
la,LA,979986572,2,0,14,16.0
la,LA,979986572,2,0,15,16.0
la,LA,979986572,2,0,16,16.0
la,LA,979986572,2,0,17,16.0
la,LA,979986572,2,0,18,16.0
la,LA,979986572,2,0,19,16.0
la,LA,979986572,2,0,20,16.0
la,LA,979986572,2,0,21,16.0
la,LA,979986572,2,0,22,16.0
la,LA,979986572,2,0,23,16.0
la,LA,979986572,2,0,24,16.0
la,LA,979986572,2,0,25,16.0
la,LA,979986572,2,0,26,16.0
la,LA,979986572,2,0,27,16.0
la,LA,979986572,2,0,28,15.0
la,LA,979986572,2,0,29,15.0
la,LA,979986572,2,0,30,15.0
la,LA,979986572,2,0,31,15.0
la,LA,979986572,2,0,32,11.0
la,LA,979986572,2,0,33,11.0
la,LA,979986572,2,0,34,11.0
la,LA,979986572,2,0,35,11.0
la,LA,979986572,2,0,36,11.0
la,LA,979986572,2,0,37,11.0
la,LA,979986572,2,0,38,11.0
la,LA,979986572,2,0,39,11.0
la,LA,979986572,2,0,40,11.0
la,LA,979986572,2,0,41,11.0
la,LA,979986572,2,0,42,11.0
la,LA,979986572,2,0,43,11.0
la,LA,979986572,2,0,44,11.0
la,LA,979986572,2,0,45,11.0
la,LA,979986572,2,0,46,11.0
la,LA,979986572,2,0,47,11.0
la,LA,979986572,2,0,48,11.0
la,LA,979986572,2,0,49,11.0
la,LA,979986572,2,0,50,11.0
la,LA,979986572,2,0,51,11.0
la,LA,979986572,2,0,52,11.0
la,LA,979986572,2,0,53,11.0
la,LA,979986572,2,0,54,11.0
la,LA,979986572,2,0,55,11.0
la,LA,979986572,2,0,56,11.0
la,LA,979986572,2,0,57,11.0
la,LA,979986572,2,0,58,11.0
la,LA,979986572,2,0,59,11.0
la,LA,979986572,2,0,60,11.0
la,LA,979986572,2,0,61,11.0
la,LA,979986572,2,0,62,11.0
la,LA,979986572,2,0,63,11.0
la,LA,979986572,2,0,64,11.0
la,LA,979986572,2,0,65,11.0
la,LA,979986572,2,0,66,11.0
la,LA,979986572,2,0,67,11.0
la,LA,979986572,2,0,68,11.0
la,LA,979986572,2,0,69,11.0
la,LA,979986572,2,0,70,11.0
la,LA,979986572,2,0,71,11.0
la,LA,979986572,2,0,72,11.0
la,LA,979986572,2,0,73,11.0
la,LA,979986572,2,0,74,11.0
la,LA,979986572,2,0,75,11.0
la,LA,979986572,2,0,76,11.0
la,LA,979986572,2,0,77,11.0
la,LA,979986572,2,0,78,11.0
la,LA,979986572,2,0,79,11.0
la,LA,979986572,2,0,80,11.0
la,LA,979986572,2,0,81,11.0
la,LA,979986572,2,0,82,11.0
la,LA,979986572,2,0,83,11.0
la,LA,979986572,2,0,84,11.0
la,LA,979986572,2,0,85,11.0
la,LA,979986572,2,0,86,11.0
la,LA,979986572,2,0,87,11.0
la,LA,979986572,2,0,88,11.0
la,LA,979986572,2,0,89,11.0
la,LA,979986572,2,0,90,11.0
la,LA,979986572,2,0,91,11.0
la,LA,979986572,2,0,92,11.0
la,LA,979986572,2,0,93,11.0
la,LA,979986572,2,0,94,11.0
la,LA,979986572,2,0,95,11.0
la,LA,979986572,2,0,96,11.0
la,LA,979986572,2,0,97,11.0
la,LA,979986572,2,0,98,11.0
la,LA,979986572,2,0,99,11.0
la,LA,979986572,2,0,100,10.0
la,LA,979986572,2,0,101,10.0
la,LA,979986572,2,0,102,10.0
la,LA,979986572,2,0,103,10.0
la,LA,979986572,2,0,104,10.0
la,LA,979986572,2,0,105,10.0
la,LA,979986572,2,0,106,10.0
la,LA,979986572,2,0,107,10.0
la,LA,979986572,2,0,108,10.0
la,LA,979986572,2,0,109,10.0
la,LA,979986572,2,0,110,10.0
la,LA,979986572,2,0,111,10.0
la,LA,979986572,2,0,112,10.0
la,LA,979986572,2,0,113,10.0
la,LA,979986572,2,0,114,10.0
la,LA,979986572,2,0,115,10.0
la,LA,979986572,2,0,116,10.0
la,LA,979986572,2,0,117,10.0
la,LA,979986572,2,0,118,10.0
la,LA,979986572,2,0,119,10.0
la,LA,979986572,2,0,120,10.0
la,LA,979986572,2,0,121,10.0
la,LA,979986572,2,0,122,10.0
la,LA,979986572,2,0,123,10.0
la,LA,979986572,2,0,124,10.0
la,LA,979986572,2,0,125,10.0
la,LA,979986572,2,0,126,10.0
la,LA,979986572,2,0,127,10.0
la,LA,979986572,2,0,128,10.0
la,LA,979986572,2,0,129,10.0
la,LA,979986572,2,0,130,10.0
la,LA,979986572,2,0,131,10.0
la,LA,979986572,2,0,132,10.0
la,LA,979986572,2,0,133,10.0
la,LA,979986572,2,0,134,10.0
la,LA,979986572,2,0,135,10.0
la,LA,979986572,2,0,136,10.0
la,LA,979986572,2,0,137,10.0
la,LA,979986572,2,0,138,10.0
la,LA,979986572,2,0,139,10.0
la,LA,979986572,2,0,140,9.0
la,LA,979986572,2,0,141,9.0
la,LA,979986572,2,0,142,9.0
la,LA,979986572,2,0,143,9.0
la,LA,979986572,2,0,144,9.0
la,LA,979986572,2,0,145,9.0
la,LA,979986572,2,0,146,9.0
la,LA,979986572,2,0,147,9.0
la,LA,979986572,2,0,148,9.0
la,LA,979986572,2,0,149,9.0
la,LA,979986572,2,0,150,9.0
la,LA,979986572,2,0,151,9.0
la,LA,979986572,2,0,152,9.0
la,LA,979986572,2,0,153,9.0
la,LA,979986572,2,0,154,9.0
la,LA,979986572,2,0,155,9.0
la,LA,979986572,2,0,156,9.0
la,LA,979986572,2,0,157,9.0
la,LA,979986572,2,0,158,9.0
la,LA,979986572,2,0,159,9.0
la,LA,979986572,2,0,160,9.0
la,LA,979986572,2,0,161,9.0
la,LA,979986572,2,0,162,9.0
la,LA,979986572,2,0,163,9.0
la,LA,979986572,2,0,164,9.0
la,LA,979986572,2,0,165,9.0
la,LA,979986572,2,0,166,9.0
la,LA,979986572,2,0,167,9.0
la,LA,979986572,2,0,168,9.0
la,LA,979986572,2,0,169,9.0
la,LA,979986572,2,0,170,9.0
la,LA,979986572,2,0,171,9.0
la,LA,979986572,2,0,172,8.0
la,LA,979986572,2,0,173,8.0
la,LA,979986572,2,0,174,8.0
la,LA,979986572,2,0,175,8.0
la,LA,979986572,2,0,176,8.0
la,LA,979986572,2,0,177,8.0
la,LA,979986572,2,0,178,8.0
la,LA,979986572,2,0,179,8.0
la,LA,979986572,2,0,180,8.0
la,LA,979986572,2,0,181,8.0
la,LA,979986572,2,0,182,8.0
la,LA,979986572,2,0,183,8.0
la,LA,979986572,2,0,184,8.0
la,LA,979986572,2,0,185,8.0
la,LA,979986572,2,0,186,8.0
la,LA,979986572,2,0,187,8.0
la,LA,979986572,2,0,188,8.0
la,LA,979986572,2,0,189,8.0
la,LA,979986572,2,0,190,8.0
la,LA,979986572,2,0,191,8.0
la,LA,979986572,2,0,192,8.0
la,LA,979986572,2,0,193,8.0
la,LA,979986572,2,0,194,8.0
la,LA,979986572,2,0,195,8.0
la,LA,979986572,2,0,196,8.0
la,LA,979986572,2,0,197,8.0
la,LA,979986572,2,0,198,8.0
la,LA,979986572,2,0,199,8.0
la,LA,979986572,2,0,200,8.0
la,LA,979986572,2,0,201,8.0
la,LA,979986572,2,0,202,8.0
la,LA,979986572,2,0,203,8.0
la,LA,979986572,2,0,204,8.0
la,LA,979986572,2,0,205,8.0
la,LA,979986572,2,0,206,8.0
la,LA,979986572,2,0,207,8.0
la,LA,979986572,2,0,208,8.0
la,LA,979986572,2,0,209,8.0
la,LA,979986572,2,0,210,8.0
la,LA,979986572,2,0,211,8.0
la,LA,979986572,2,0,212,8.0
la,LA,979986572,2,0,213,8.0
la,LA,979986572,2,0,214,8.0
la,LA,979986572,2,0,215,8.0
la,LA,979986572,2,0,216,8.0
la,LA,979986572,2,0,217,8.0
la,LA,979986572,2,0,218,8.0
la,LA,979986572,2,0,219,8.0
la,LA,979986572,2,0,220,8.0
la,LA,979986572,2,0,221,8.0
la,LA,979986572,2,0,222,8.0
la,LA,979986572,2,0,223,8.0
la,LA,979986572,2,0,224,8.0
la,LA,979986572,2,0,225,8.0
la,LA,979986572,2,0,226,8.0
la,LA,979986572,2,0,227,8.0
la,LA,979986572,2,0,228,8.0
la,LA,979986572,2,0,229,8.0
la,LA,979986572,2,0,230,8.0
la,LA,979986572,2,0,231,8.0
la,LA,979986572,2,0,232,8.0
la,LA,979986572,2,0,233,8.0
la,LA,979986572,2,0,234,8.0
la,LA,979986572,2,0,235,8.0
la,LA,979986572,2,0,236,8.0
la,LA,979986572,2,0,237,8.0
la,LA,979986572,2,0,238,8.0
la,LA,979986572,2,0,239,8.0
la,LA,979986572,2,0,240,8.0
la,LA,979986572,2,0,241,8.0
la,LA,979986572,2,0,242,8.0
la,LA,979986572,2,0,243,8.0
la,LA,979986572,2,0,244,8.0
la,LA,979986572,2,0,245,8.0
la,LA,979986572,2,0,246,8.0
la,LA,979986572,2,0,247,8.0
la,LA,979986572,2,0,248,8.0
la,LA,979986572,2,0,249,8.0
la,LA,979986572,2,0,250,8.0
la,LA,979986572,2,0,251,8.0
la,LA,979986572,2,0,252,8.0
la,LA,979986572,2,0,253,8.0
la,LA,979986572,2,0,254,8.0
la,LA,979986572,2,0,255,8.0
la,LA,979986572,2,0,256,8.0
la,LA,979986572,2,0,257,8.0
la,LA,979986572,2,0,258,8.0
la,LA,979986572,2,0,259,8.0
la,LA,979986572,2,0,260,8.0
la,LA,979986572,2,0,261,8.0
la,LA,979986572,2,0,262,8.0
la,LA,979986572,2,0,263,8.0
la,LA,979986572,2,0,264,8.0
la,LA,979986572,2,0,265,8.0
la,LA,979986572,2,0,266,8.0
la,LA,979986572,2,0,267,8.0
la,LA,979986572,2,0,268,8.0
la,LA,979986572,2,0,269,8.0
la,LA,979986572,2,0,270,8.0
la,LA,979986572,2,0,271,8.0
la,LA,979986572,2,0,272,7.0
la,LA,979986572,2,0,273,7.0
la,LA,979986572,2,0,274,7.0
la,LA,979986572,2,0,275,7.0
la,LA,979986572,2,0,276,7.0
la,LA,979986572,2,0,277,7.0
la,LA,979986572,2,0,278,7.0
la,LA,979986572,2,0,279,7.0
la,LA,979986572,2,0,280,7.0
la,LA,979986572,2,0,281,7.0
la,LA,979986572,2,0,282,7.0
la,LA,979986572,2,0,283,7.0
la,LA,979986572,2,0,284,7.0
la,LA,979986572,2,0,285,7.0
la,LA,979986572,2,0,286,7.0
la,LA,979986572,2,0,287,7.0
la,LA,979986572,2,0,288,6.0
la,LA,979986572,2,0,289,6.0
la,LA,979986572,2,0,290,6.0
la,LA,979986572,2,0,291,6.0
la,LA,979986572,2,0,292,6.0
la,LA,979986572,2,0,293,6.0
la,LA,979986572,2,0,294,6.0
la,LA,979986572,2,0,295,6.0
la,LA,979986572,2,0,296,6.0
la,LA,979986572,2,0,297,6.0
la,LA,979986572,2,0,298,6.0
la,LA,979986572,2,0,299,6.0
la,LA,979986572,2,0,300,6.0
la,LA,979986572,2,0,301,6.0
la,LA,979986572,2,0,302,6.0
la,LA,979986572,2,0,303,6.0
la,LA,979986572,2,0,304,6.0
la,LA,979986572,2,0,305,6.0
la,LA,979986572,2,0,306,6.0
la,LA,979986572,2,0,307,6.0
la,LA,979986572,2,0,308,6.0
la,LA,979986572,2,0,309,6.0
la,LA,979986572,2,0,310,6.0
la,LA,979986572,2,0,311,6.0
la,LA,979986572,2,0,312,5.0
la,LA,979986572,2,0,313,5.0
la,LA,979986572,2,0,314,5.0
la,LA,979986572,2,0,315,5.0
la,LA,979986572,2,0,316,5.0
la,LA,979986572,2,0,317,5.0
la,LA,979986572,2,0,318,5.0
la,LA,979986572,2,0,319,5.0
la,LA,979986572,2,0,320,4.0
la,LA,979986572,2,0,321,4.0
la,LA,979986572,2,0,322,4.0
la,LA,979986572,2,0,323,4.0
la,LA,979986572,2,0,324,4.0
la,LA,979986572,2,0,325,4.0
la,LA,979986572,2,0,326,4.0
la,LA,979986572,2,0,327,4.0
la,LA,979986572,2,0,328,3.0
la,LA,979986572,2,0,329,3.0
la,LA,979986572,2,0,330,3.0
la,LA,979986572,2,0,331,3.0
la,LA,979986572,2,0,332,3.0
la,LA,979986572,2,0,333,3.0
la,LA,979986572,2,0,334,3.0
la,LA,979986572,2,0,335,3.0
la,LA,979986572,2,0,336,2.0
la,LA,979986572,2,0,337,2.0
la,LA,979986572,2,0,338,2.0
la,LA,979986572,2,0,339,2.0
la,LA,979986572,2,0,340,2.0
la,LA,979986572,2,0,341,2.0
la,LA,979986572,2,0,342,2.0
la,LA,979986572,2,0,343,2.0
la,LA,979986572,2,0,344,2.0
la,LA,979986572,2,0,345,2.0
la,LA,979986572,2,0,346,2.0
la,LA,979986572,2,0,347,2.0
la,LA,979986572,2,0,348,1.0
la,LA,979986572,2,0,349,1.0
la,LA,979986572,2,0,350,1.0
la,LA,979986572,2,0,351,1.0
la,LA,979986572,2,0,352,1.0
la,LA,979986572,2,0,353,1.0
la,LA,979986572,2,0,354,1.0
la,LA,979986572,2,0,355,1.0
la,LA,979986572,2,1,0,16.0
la,LA,979986572,2,1,1,16.0
la,LA,979986572,2,1,2,16.0
la,LA,979986572,2,1,3,16.0
la,LA,979986572,2,1,4,16.0
la,LA,979986572,2,1,5,16.0
la,LA,979986572,2,1,6,16.0
la,LA,979986572,2,1,7,16.0
la,LA,979986572,2,1,8,16.0
la,LA,979986572,2,1,9,16.0
la,LA,979986572,2,1,10,16.0
la,LA,979986572,2,1,11,16.0
la,LA,979986572,2,1,12,16.0
la,LA,979986572,2,1,13,16.0
la,LA,979986572,2,1,14,16.0
la,LA,979986572,2,1,15,16.0
la,LA,979986572,2,1,16,16.0
la,LA,979986572,2,1,17,16.0
la,LA,979986572,2,1,18,16.0
la,LA,979986572,2,1,19,16.0
la,LA,979986572,2,1,20,16.0
la,LA,979986572,2,1,21,16.0
la,LA,979986572,2,1,22,16.0
la,LA,979986572,2,1,23,16.0
la,LA,979986572,2,1,24,16.0
la,LA,979986572,2,1,25,16.0
la,LA,979986572,2,1,26,16.0
la,LA,979986572,2,1,27,16.0
la,LA,979986572,2,1,28,15.0
la,LA,979986572,2,1,29,15.0
la,LA,979986572,2,1,30,15.0
la,LA,979986572,2,1,31,15.0
la,LA,979986572,2,1,32,11.0
la,LA,979986572,2,1,33,11.0
la,LA,979986572,2,1,34,11.0
la,LA,979986572,2,1,35,11.0
la,LA,979986572,2,1,36,11.0
la,LA,979986572,2,1,37,11.0
la,LA,979986572,2,1,38,11.0
la,LA,979986572,2,1,39,11.0
la,LA,979986572,2,1,40,11.0
la,LA,979986572,2,1,41,11.0
la,LA,979986572,2,1,42,11.0
la,LA,979986572,2,1,43,11.0
la,LA,979986572,2,1,44,11.0
la,LA,979986572,2,1,45,11.0
la,LA,979986572,2,1,46,11.0
la,LA,979986572,2,1,47,11.0
la,LA,979986572,2,1,48,11.0
la,LA,979986572,2,1,49,11.0
la,LA,979986572,2,1,50,11.0
la,LA,979986572,2,1,51,11.0
la,LA,979986572,2,1,52,11.0
la,LA,979986572,2,1,53,11.0
la,LA,979986572,2,1,54,11.0
la,LA,979986572,2,1,55,11.0
la,LA,979986572,2,1,56,11.0
la,LA,979986572,2,1,57,11.0
la,LA,979986572,2,1,58,11.0
la,LA,979986572,2,1,59,11.0
la,LA,979986572,2,1,60,11.0
la,LA,979986572,2,1,61,11.0
la,LA,979986572,2,1,62,11.0
la,LA,979986572,2,1,63,11.0
la,LA,979986572,2,1,64,11.0
la,LA,979986572,2,1,65,11.0
la,LA,979986572,2,1,66,11.0
la,LA,979986572,2,1,67,11.0
la,LA,979986572,2,1,68,11.0
la,LA,979986572,2,1,69,11.0
la,LA,979986572,2,1,70,11.0
la,LA,979986572,2,1,71,11.0
la,LA,979986572,2,1,72,11.0
la,LA,979986572,2,1,73,11.0
la,LA,979986572,2,1,74,11.0
la,LA,979986572,2,1,75,11.0
la,LA,979986572,2,1,76,11.0
la,LA,979986572,2,1,77,11.0
la,LA,979986572,2,1,78,11.0
la,LA,979986572,2,1,79,11.0
la,LA,979986572,2,1,80,11.0
la,LA,979986572,2,1,81,11.0
la,LA,979986572,2,1,82,11.0
la,LA,979986572,2,1,83,11.0
la,LA,979986572,2,1,84,11.0
la,LA,979986572,2,1,85,11.0
la,LA,979986572,2,1,86,11.0
la,LA,979986572,2,1,87,11.0
la,LA,979986572,2,1,88,11.0
la,LA,979986572,2,1,89,11.0
la,LA,979986572,2,1,90,11.0
la,LA,979986572,2,1,91,11.0
la,LA,979986572,2,1,92,11.0
la,LA,979986572,2,1,93,11.0
la,LA,979986572,2,1,94,11.0
la,LA,979986572,2,1,95,11.0
la,LA,979986572,2,1,96,11.0
la,LA,979986572,2,1,97,11.0
la,LA,979986572,2,1,98,11.0
la,LA,979986572,2,1,99,11.0
la,LA,979986572,2,1,100,10.0
la,LA,979986572,2,1,101,10.0
la,LA,979986572,2,1,102,10.0
la,LA,979986572,2,1,103,10.0
la,LA,979986572,2,1,104,10.0
la,LA,979986572,2,1,105,10.0
la,LA,979986572,2,1,106,10.0
la,LA,979986572,2,1,107,10.0
la,LA,979986572,2,1,108,10.0
la,LA,979986572,2,1,109,10.0
la,LA,979986572,2,1,110,10.0
la,LA,979986572,2,1,111,10.0
la,LA,979986572,2,1,112,10.0
la,LA,979986572,2,1,113,10.0
la,LA,979986572,2,1,114,10.0
la,LA,979986572,2,1,115,10.0
la,LA,979986572,2,1,116,10.0
la,LA,979986572,2,1,117,10.0
la,LA,979986572,2,1,118,10.0
la,LA,979986572,2,1,119,10.0
la,LA,979986572,2,1,120,10.0
la,LA,979986572,2,1,121,10.0
la,LA,979986572,2,1,122,10.0
la,LA,979986572,2,1,123,10.0
la,LA,979986572,2,1,124,10.0
la,LA,979986572,2,1,125,10.0
la,LA,979986572,2,1,126,10.0
la,LA,979986572,2,1,127,10.0
la,LA,979986572,2,1,128,10.0
la,LA,979986572,2,1,129,10.0
la,LA,979986572,2,1,130,10.0
la,LA,979986572,2,1,131,10.0
la,LA,979986572,2,1,132,10.0
la,LA,979986572,2,1,133,10.0
la,LA,979986572,2,1,134,10.0
la,LA,979986572,2,1,135,10.0
la,LA,979986572,2,1,136,10.0
la,LA,979986572,2,1,137,10.0
la,LA,979986572,2,1,138,10.0
la,LA,979986572,2,1,139,10.0
la,LA,979986572,2,1,140,9.0
la,LA,979986572,2,1,141,9.0
la,LA,979986572,2,1,142,9.0
la,LA,979986572,2,1,143,9.0
la,LA,979986572,2,1,144,9.0
la,LA,979986572,2,1,145,9.0
la,LA,979986572,2,1,146,9.0
la,LA,979986572,2,1,147,9.0
la,LA,979986572,2,1,148,9.0
la,LA,979986572,2,1,149,9.0
la,LA,979986572,2,1,150,9.0
la,LA,979986572,2,1,151,9.0
la,LA,979986572,2,1,152,9.0
la,LA,979986572,2,1,153,9.0
la,LA,979986572,2,1,154,9.0
la,LA,979986572,2,1,155,9.0
la,LA,979986572,2,1,156,9.0
la,LA,979986572,2,1,157,9.0
la,LA,979986572,2,1,158,9.0
la,LA,979986572,2,1,159,9.0
la,LA,979986572,2,1,160,9.0
la,LA,979986572,2,1,161,9.0
la,LA,979986572,2,1,162,9.0
la,LA,979986572,2,1,163,9.0
la,LA,979986572,2,1,164,9.0
la,LA,979986572,2,1,165,9.0
la,LA,979986572,2,1,166,9.0
la,LA,979986572,2,1,167,9.0
la,LA,979986572,2,1,168,9.0
la,LA,979986572,2,1,169,9.0
la,LA,979986572,2,1,170,9.0
la,LA,979986572,2,1,171,9.0
la,LA,979986572,2,1,172,8.0
la,LA,979986572,2,1,173,8.0
la,LA,979986572,2,1,174,8.0
la,LA,979986572,2,1,175,8.0
la,LA,979986572,2,1,176,8.0
la,LA,979986572,2,1,177,8.0
la,LA,979986572,2,1,178,8.0
la,LA,979986572,2,1,179,8.0
la,LA,979986572,2,1,180,8.0
la,LA,979986572,2,1,181,8.0
la,LA,979986572,2,1,182,8.0
la,LA,979986572,2,1,183,8.0
la,LA,979986572,2,1,184,8.0
la,LA,979986572,2,1,185,8.0
la,LA,979986572,2,1,186,8.0
la,LA,979986572,2,1,187,8.0
la,LA,979986572,2,1,188,8.0
la,LA,979986572,2,1,189,8.0
la,LA,979986572,2,1,190,8.0
la,LA,979986572,2,1,191,8.0
la,LA,979986572,2,1,192,8.0
la,LA,979986572,2,1,193,8.0
la,LA,979986572,2,1,194,8.0
la,LA,979986572,2,1,195,8.0
la,LA,979986572,2,1,196,8.0
la,LA,979986572,2,1,197,8.0
la,LA,979986572,2,1,198,8.0
la,LA,979986572,2,1,199,8.0
la,LA,979986572,2,1,200,8.0
la,LA,979986572,2,1,201,8.0
la,LA,979986572,2,1,202,8.0
la,LA,979986572,2,1,203,8.0
la,LA,979986572,2,1,204,8.0
la,LA,979986572,2,1,205,8.0
la,LA,979986572,2,1,206,8.0
la,LA,979986572,2,1,207,8.0
la,LA,979986572,2,1,208,8.0
la,LA,979986572,2,1,209,8.0
la,LA,979986572,2,1,210,8.0
la,LA,979986572,2,1,211,8.0
la,LA,979986572,2,1,212,8.0
la,LA,979986572,2,1,213,8.0
la,LA,979986572,2,1,214,8.0
la,LA,979986572,2,1,215,8.0
la,LA,979986572,2,1,216,8.0
la,LA,979986572,2,1,217,8.0
la,LA,979986572,2,1,218,8.0
la,LA,979986572,2,1,219,8.0
la,LA,979986572,2,1,220,8.0
la,LA,979986572,2,1,221,8.0
la,LA,979986572,2,1,222,8.0
la,LA,979986572,2,1,223,8.0
la,LA,979986572,2,1,224,8.0
la,LA,979986572,2,1,225,8.0
la,LA,979986572,2,1,226,8.0
la,LA,979986572,2,1,227,8.0
la,LA,979986572,2,1,228,8.0
la,LA,979986572,2,1,229,8.0
la,LA,979986572,2,1,230,8.0
la,LA,979986572,2,1,231,8.0
la,LA,979986572,2,1,232,8.0
la,LA,979986572,2,1,233,8.0
la,LA,979986572,2,1,234,8.0
la,LA,979986572,2,1,235,8.0
la,LA,979986572,2,1,236,8.0
la,LA,979986572,2,1,237,8.0
la,LA,979986572,2,1,238,8.0
la,LA,979986572,2,1,239,8.0
la,LA,979986572,2,1,240,8.0
la,LA,979986572,2,1,241,8.0
la,LA,979986572,2,1,242,8.0
la,LA,979986572,2,1,243,8.0
la,LA,979986572,2,1,244,8.0
la,LA,979986572,2,1,245,8.0
la,LA,979986572,2,1,246,8.0
la,LA,979986572,2,1,247,8.0
la,LA,979986572,2,1,248,8.0
la,LA,979986572,2,1,249,8.0
la,LA,979986572,2,1,250,8.0
la,LA,979986572,2,1,251,8.0
la,LA,979986572,2,1,252,8.0
la,LA,979986572,2,1,253,8.0
la,LA,979986572,2,1,254,8.0
la,LA,979986572,2,1,255,8.0
la,LA,979986572,2,1,256,8.0
la,LA,979986572,2,1,257,8.0
la,LA,979986572,2,1,258,8.0
la,LA,979986572,2,1,259,8.0
la,LA,979986572,2,1,260,8.0
la,LA,979986572,2,1,261,8.0
la,LA,979986572,2,1,262,8.0
la,LA,979986572,2,1,263,8.0
la,LA,979986572,2,1,264,8.0
la,LA,979986572,2,1,265,8.0
la,LA,979986572,2,1,266,8.0
la,LA,979986572,2,1,267,8.0
la,LA,979986572,2,1,268,8.0
la,LA,979986572,2,1,269,8.0
la,LA,979986572,2,1,270,8.0
la,LA,979986572,2,1,271,8.0
la,LA,979986572,2,1,272,7.0
la,LA,979986572,2,1,273,7.0
la,LA,979986572,2,1,274,7.0
la,LA,979986572,2,1,275,7.0
la,LA,979986572,2,1,276,7.0
la,LA,979986572,2,1,277,7.0
la,LA,979986572,2,1,278,7.0
la,LA,979986572,2,1,279,7.0
la,LA,979986572,2,1,280,7.0
la,LA,979986572,2,1,281,7.0
la,LA,979986572,2,1,282,7.0
la,LA,979986572,2,1,283,7.0
la,LA,979986572,2,1,284,7.0
la,LA,979986572,2,1,285,7.0
la,LA,979986572,2,1,286,7.0
la,LA,979986572,2,1,287,7.0
la,LA,979986572,2,1,288,6.0
la,LA,979986572,2,1,289,6.0
la,LA,979986572,2,1,290,6.0
la,LA,979986572,2,1,291,6.0
la,LA,979986572,2,1,292,6.0
la,LA,979986572,2,1,293,6.0
la,LA,979986572,2,1,294,6.0
la,LA,979986572,2,1,295,6.0
la,LA,979986572,2,1,296,6.0
la,LA,979986572,2,1,297,6.0
la,LA,979986572,2,1,298,6.0
la,LA,979986572,2,1,299,6.0
la,LA,979986572,2,1,300,6.0
la,LA,979986572,2,1,301,6.0
la,LA,979986572,2,1,302,6.0
la,LA,979986572,2,1,303,6.0
la,LA,979986572,2,1,304,6.0
la,LA,979986572,2,1,305,6.0
la,LA,979986572,2,1,306,6.0
la,LA,979986572,2,1,307,6.0
la,LA,979986572,2,1,308,6.0
la,LA,979986572,2,1,309,6.0
la,LA,979986572,2,1,310,6.0
la,LA,979986572,2,1,311,6.0
la,LA,979986572,2,1,312,5.0
la,LA,979986572,2,1,313,5.0
la,LA,979986572,2,1,314,5.0
la,LA,979986572,2,1,315,5.0
la,LA,979986572,2,1,316,5.0
la,LA,979986572,2,1,317,5.0
la,LA,979986572,2,1,318,5.0
la,LA,979986572,2,1,319,5.0
la,LA,979986572,2,1,320,4.0
la,LA,979986572,2,1,321,4.0
la,LA,979986572,2,1,322,4.0
la,LA,979986572,2,1,323,4.0
la,LA,979986572,2,1,324,4.0
la,LA,979986572,2,1,325,4.0
la,LA,979986572,2,1,326,4.0
la,LA,979986572,2,1,327,4.0
la,LA,979986572,2,1,328,3.0
la,LA,979986572,2,1,329,3.0
la,LA,979986572,2,1,330,3.0
la,LA,979986572,2,1,331,3.0
la,LA,979986572,2,1,332,3.0
la,LA,979986572,2,1,333,3.0
la,LA,979986572,2,1,334,3.0
la,LA,979986572,2,1,335,3.0
la,LA,979986572,2,1,336,2.0
la,LA,979986572,2,1,337,2.0
la,LA,979986572,2,1,338,2.0
la,LA,979986572,2,1,339,2.0
la,LA,979986572,2,1,340,2.0
la,LA,979986572,2,1,341,2.0
la,LA,979986572,2,1,342,2.0
la,LA,979986572,2,1,343,2.0
la,LA,979986572,2,1,344,2.0
la,LA,979986572,2,1,345,2.0
la,LA,979986572,2,1,346,2.0
la,LA,979986572,2,1,347,2.0
la,LA,979986572,2,1,348,1.0
la,LA,979986572,2,1,349,1.0
la,LA,979986572,2,1,350,1.0
la,LA,979986572,2,1,351,1.0
la,LA,979986572,2,1,352,1.0
la,LA,979986572,2,1,353,1.0
la,LA,979986572,2,1,354,1.0
la,LA,979986572,2,1,355,1.0
la,LA,979986572,2,2,0,16.0
la,LA,979986572,2,2,1,16.0
la,LA,979986572,2,2,2,16.0
la,LA,979986572,2,2,3,16.0
la,LA,979986572,2,2,4,16.0
la,LA,979986572,2,2,5,16.0
la,LA,979986572,2,2,6,16.0
la,LA,979986572,2,2,7,16.0
la,LA,979986572,2,2,8,16.0
la,LA,979986572,2,2,9,16.0
la,LA,979986572,2,2,10,16.0
la,LA,979986572,2,2,11,16.0
la,LA,979986572,2,2,12,16.0
la,LA,979986572,2,2,13,16.0
la,LA,979986572,2,2,14,16.0
la,LA,979986572,2,2,15,16.0
la,LA,979986572,2,2,16,16.0
la,LA,979986572,2,2,17,16.0
la,LA,979986572,2,2,18,16.0
la,LA,979986572,2,2,19,16.0
la,LA,979986572,2,2,20,16.0
la,LA,979986572,2,2,21,16.0
la,LA,979986572,2,2,22,16.0
la,LA,979986572,2,2,23,16.0
la,LA,979986572,2,2,24,16.0
la,LA,979986572,2,2,25,16.0
la,LA,979986572,2,2,26,16.0
la,LA,979986572,2,2,27,16.0
la,LA,979986572,2,2,28,15.0
la,LA,979986572,2,2,29,15.0
la,LA,979986572,2,2,30,15.0
la,LA,979986572,2,2,31,15.0
la,LA,979986572,2,2,32,11.0
la,LA,979986572,2,2,33,11.0
la,LA,979986572,2,2,34,11.0
la,LA,979986572,2,2,35,11.0
la,LA,979986572,2,2,36,11.0
la,LA,979986572,2,2,37,11.0
la,LA,979986572,2,2,38,11.0
la,LA,979986572,2,2,39,11.0
la,LA,979986572,2,2,40,11.0
la,LA,979986572,2,2,41,11.0
la,LA,979986572,2,2,42,11.0
la,LA,979986572,2,2,43,11.0
la,LA,979986572,2,2,44,11.0
la,LA,979986572,2,2,45,11.0
la,LA,979986572,2,2,46,11.0
la,LA,979986572,2,2,47,11.0
la,LA,979986572,2,2,48,11.0
la,LA,979986572,2,2,49,11.0
la,LA,979986572,2,2,50,11.0
la,LA,979986572,2,2,51,11.0
la,LA,979986572,2,2,52,11.0
la,LA,979986572,2,2,53,11.0
la,LA,979986572,2,2,54,11.0
la,LA,979986572,2,2,55,11.0
la,LA,979986572,2,2,56,11.0
la,LA,979986572,2,2,57,11.0
la,LA,979986572,2,2,58,11.0
la,LA,979986572,2,2,59,11.0
la,LA,979986572,2,2,60,11.0
la,LA,979986572,2,2,61,11.0
la,LA,979986572,2,2,62,11.0
la,LA,979986572,2,2,63,11.0
la,LA,979986572,2,2,64,11.0
la,LA,979986572,2,2,65,11.0
la,LA,979986572,2,2,66,11.0
la,LA,979986572,2,2,67,11.0
la,LA,979986572,2,2,68,11.0
la,LA,979986572,2,2,69,11.0
la,LA,979986572,2,2,70,11.0
la,LA,979986572,2,2,71,11.0
la,LA,979986572,2,2,72,11.0
la,LA,979986572,2,2,73,11.0
la,LA,979986572,2,2,74,11.0
la,LA,979986572,2,2,75,11.0
la,LA,979986572,2,2,76,11.0
la,LA,979986572,2,2,77,11.0
la,LA,979986572,2,2,78,11.0
la,LA,979986572,2,2,79,11.0
la,LA,979986572,2,2,80,11.0
la,LA,979986572,2,2,81,11.0
la,LA,979986572,2,2,82,11.0
la,LA,979986572,2,2,83,11.0
la,LA,979986572,2,2,84,11.0
la,LA,979986572,2,2,85,11.0
la,LA,979986572,2,2,86,11.0
la,LA,979986572,2,2,87,11.0
la,LA,979986572,2,2,88,11.0
la,LA,979986572,2,2,89,11.0
la,LA,979986572,2,2,90,11.0
la,LA,979986572,2,2,91,11.0
la,LA,979986572,2,2,92,11.0
la,LA,979986572,2,2,93,11.0
la,LA,979986572,2,2,94,11.0
la,LA,979986572,2,2,95,11.0
la,LA,979986572,2,2,96,11.0
la,LA,979986572,2,2,97,11.0
la,LA,979986572,2,2,98,11.0
la,LA,979986572,2,2,99,11.0
la,LA,979986572,2,2,100,10.0
la,LA,979986572,2,2,101,10.0
la,LA,979986572,2,2,102,10.0
la,LA,979986572,2,2,103,10.0
la,LA,979986572,2,2,104,10.0
la,LA,979986572,2,2,105,10.0
la,LA,979986572,2,2,106,10.0
la,LA,979986572,2,2,107,10.0
la,LA,979986572,2,2,108,10.0
la,LA,979986572,2,2,109,10.0
la,LA,979986572,2,2,110,10.0
la,LA,979986572,2,2,111,10.0
la,LA,979986572,2,2,112,10.0
la,LA,979986572,2,2,113,10.0
la,LA,979986572,2,2,114,10.0
la,LA,979986572,2,2,115,10.0
la,LA,979986572,2,2,116,10.0
la,LA,979986572,2,2,117,10.0
la,LA,979986572,2,2,118,10.0
la,LA,979986572,2,2,119,10.0
la,LA,979986572,2,2,120,10.0
la,LA,979986572,2,2,121,10.0
la,LA,979986572,2,2,122,10.0
la,LA,979986572,2,2,123,10.0
la,LA,979986572,2,2,124,10.0
la,LA,979986572,2,2,125,10.0
la,LA,979986572,2,2,126,10.0
la,LA,979986572,2,2,127,10.0
la,LA,979986572,2,2,128,10.0
la,LA,979986572,2,2,129,10.0
la,LA,979986572,2,2,130,10.0
la,LA,979986572,2,2,131,10.0
la,LA,979986572,2,2,132,10.0
la,LA,979986572,2,2,133,10.0
la,LA,979986572,2,2,134,10.0
la,LA,979986572,2,2,135,10.0
la,LA,979986572,2,2,136,10.0
la,LA,979986572,2,2,137,10.0
la,LA,979986572,2,2,138,10.0
la,LA,979986572,2,2,139,10.0
la,LA,979986572,2,2,140,9.0
la,LA,979986572,2,2,141,9.0
la,LA,979986572,2,2,142,9.0
la,LA,979986572,2,2,143,9.0
la,LA,979986572,2,2,144,9.0
la,LA,979986572,2,2,145,9.0
la,LA,979986572,2,2,146,9.0
la,LA,979986572,2,2,147,9.0
la,LA,979986572,2,2,148,9.0
la,LA,979986572,2,2,149,9.0
la,LA,979986572,2,2,150,9.0
la,LA,979986572,2,2,151,9.0
la,LA,979986572,2,2,152,9.0
la,LA,979986572,2,2,153,9.0
la,LA,979986572,2,2,154,9.0
la,LA,979986572,2,2,155,9.0
la,LA,979986572,2,2,156,9.0
la,LA,979986572,2,2,157,9.0
la,LA,979986572,2,2,158,9.0
la,LA,979986572,2,2,159,9.0
la,LA,979986572,2,2,160,9.0
la,LA,979986572,2,2,161,9.0
la,LA,979986572,2,2,162,9.0
la,LA,979986572,2,2,163,9.0
la,LA,979986572,2,2,164,9.0
la,LA,979986572,2,2,165,9.0
la,LA,979986572,2,2,166,9.0
la,LA,979986572,2,2,167,9.0
la,LA,979986572,2,2,168,9.0
la,LA,979986572,2,2,169,9.0
la,LA,979986572,2,2,170,9.0
la,LA,979986572,2,2,171,9.0
la,LA,979986572,2,2,172,8.0
la,LA,979986572,2,2,173,8.0
la,LA,979986572,2,2,174,8.0
la,LA,979986572,2,2,175,8.0
la,LA,979986572,2,2,176,8.0
la,LA,979986572,2,2,177,8.0
la,LA,979986572,2,2,178,8.0
la,LA,979986572,2,2,179,8.0
la,LA,979986572,2,2,180,8.0
la,LA,979986572,2,2,181,8.0
la,LA,979986572,2,2,182,8.0
la,LA,979986572,2,2,183,8.0
la,LA,979986572,2,2,184,8.0
la,LA,979986572,2,2,185,8.0
la,LA,979986572,2,2,186,8.0
la,LA,979986572,2,2,187,8.0
la,LA,979986572,2,2,188,8.0
la,LA,979986572,2,2,189,8.0
la,LA,979986572,2,2,190,8.0
la,LA,979986572,2,2,191,8.0
la,LA,979986572,2,2,192,8.0
la,LA,979986572,2,2,193,8.0
la,LA,979986572,2,2,194,8.0
la,LA,979986572,2,2,195,8.0
la,LA,979986572,2,2,196,8.0
la,LA,979986572,2,2,197,8.0
la,LA,979986572,2,2,198,8.0
la,LA,979986572,2,2,199,8.0
la,LA,979986572,2,2,200,8.0
la,LA,979986572,2,2,201,8.0
la,LA,979986572,2,2,202,8.0
la,LA,979986572,2,2,203,8.0
la,LA,979986572,2,2,204,8.0
la,LA,979986572,2,2,205,8.0
la,LA,979986572,2,2,206,8.0
la,LA,979986572,2,2,207,8.0
la,LA,979986572,2,2,208,8.0
la,LA,979986572,2,2,209,8.0
la,LA,979986572,2,2,210,8.0
la,LA,979986572,2,2,211,8.0
la,LA,979986572,2,2,212,8.0
la,LA,979986572,2,2,213,8.0
la,LA,979986572,2,2,214,8.0
la,LA,979986572,2,2,215,8.0
la,LA,979986572,2,2,216,8.0
la,LA,979986572,2,2,217,8.0
la,LA,979986572,2,2,218,8.0
la,LA,979986572,2,2,219,8.0
la,LA,979986572,2,2,220,8.0
la,LA,979986572,2,2,221,8.0
la,LA,979986572,2,2,222,8.0
la,LA,979986572,2,2,223,8.0
la,LA,979986572,2,2,224,8.0
la,LA,979986572,2,2,225,8.0
la,LA,979986572,2,2,226,8.0
la,LA,979986572,2,2,227,8.0
la,LA,979986572,2,2,228,8.0
la,LA,979986572,2,2,229,8.0
la,LA,979986572,2,2,230,8.0
la,LA,979986572,2,2,231,8.0
la,LA,979986572,2,2,232,8.0
la,LA,979986572,2,2,233,8.0
la,LA,979986572,2,2,234,8.0
la,LA,979986572,2,2,235,8.0
la,LA,979986572,2,2,236,8.0
la,LA,979986572,2,2,237,8.0
la,LA,979986572,2,2,238,8.0
la,LA,979986572,2,2,239,8.0
la,LA,979986572,2,2,240,8.0
la,LA,979986572,2,2,241,8.0
la,LA,979986572,2,2,242,8.0
la,LA,979986572,2,2,243,8.0
la,LA,979986572,2,2,244,8.0
la,LA,979986572,2,2,245,8.0
la,LA,979986572,2,2,246,8.0
la,LA,979986572,2,2,247,8.0
la,LA,979986572,2,2,248,8.0
la,LA,979986572,2,2,249,8.0
la,LA,979986572,2,2,250,8.0
la,LA,979986572,2,2,251,8.0
la,LA,979986572,2,2,252,8.0
la,LA,979986572,2,2,253,8.0
la,LA,979986572,2,2,254,8.0
la,LA,979986572,2,2,255,8.0
la,LA,979986572,2,2,256,8.0
la,LA,979986572,2,2,257,8.0
la,LA,979986572,2,2,258,8.0
la,LA,979986572,2,2,259,8.0
la,LA,979986572,2,2,260,8.0
la,LA,979986572,2,2,261,8.0
la,LA,979986572,2,2,262,8.0
la,LA,979986572,2,2,263,8.0
la,LA,979986572,2,2,264,8.0
la,LA,979986572,2,2,265,8.0
la,LA,979986572,2,2,266,8.0
la,LA,979986572,2,2,267,8.0
la,LA,979986572,2,2,268,8.0
la,LA,979986572,2,2,269,8.0
la,LA,979986572,2,2,270,8.0
la,LA,979986572,2,2,271,8.0
la,LA,979986572,2,2,272,7.0
la,LA,979986572,2,2,273,7.0
la,LA,979986572,2,2,274,7.0
la,LA,979986572,2,2,275,7.0
la,LA,979986572,2,2,276,7.0
la,LA,979986572,2,2,277,7.0
la,LA,979986572,2,2,278,7.0
la,LA,979986572,2,2,279,7.0
la,LA,979986572,2,2,280,7.0
la,LA,979986572,2,2,281,7.0
la,LA,979986572,2,2,282,7.0
la,LA,979986572,2,2,283,7.0
la,LA,979986572,2,2,284,7.0
la,LA,979986572,2,2,285,7.0
la,LA,979986572,2,2,286,7.0
la,LA,979986572,2,2,287,7.0
la,LA,979986572,2,2,288,6.0
la,LA,979986572,2,2,289,6.0
la,LA,979986572,2,2,290,6.0
la,LA,979986572,2,2,291,6.0
la,LA,979986572,2,2,292,6.0
la,LA,979986572,2,2,293,6.0
la,LA,979986572,2,2,294,6.0
la,LA,979986572,2,2,295,6.0
la,LA,979986572,2,2,296,6.0
la,LA,979986572,2,2,297,6.0
la,LA,979986572,2,2,298,6.0
la,LA,979986572,2,2,299,6.0
la,LA,979986572,2,2,300,6.0
la,LA,979986572,2,2,301,6.0
la,LA,979986572,2,2,302,6.0
la,LA,979986572,2,2,303,6.0
la,LA,979986572,2,2,304,6.0
la,LA,979986572,2,2,305,6.0
la,LA,979986572,2,2,306,6.0
la,LA,979986572,2,2,307,6.0
la,LA,979986572,2,2,308,6.0
la,LA,979986572,2,2,309,6.0
la,LA,979986572,2,2,310,6.0
la,LA,979986572,2,2,311,6.0
la,LA,979986572,2,2,312,5.0
la,LA,979986572,2,2,313,5.0
la,LA,979986572,2,2,314,5.0
la,LA,979986572,2,2,315,5.0
la,LA,979986572,2,2,316,5.0
la,LA,979986572,2,2,317,5.0
la,LA,979986572,2,2,318,5.0
la,LA,979986572,2,2,319,5.0
la,LA,979986572,2,2,320,4.0
la,LA,979986572,2,2,321,4.0
la,LA,979986572,2,2,322,4.0
la,LA,979986572,2,2,323,4.0
la,LA,979986572,2,2,324,4.0
la,LA,979986572,2,2,325,4.0
la,LA,979986572,2,2,326,4.0
la,LA,979986572,2,2,327,4.0
la,LA,979986572,2,2,328,3.0
la,LA,979986572,2,2,329,3.0
la,LA,979986572,2,2,330,3.0
la,LA,979986572,2,2,331,3.0
la,LA,979986572,2,2,332,3.0
la,LA,979986572,2,2,333,3.0
la,LA,979986572,2,2,334,3.0
la,LA,979986572,2,2,335,3.0
la,LA,979986572,2,2,336,2.0
la,LA,979986572,2,2,337,2.0
la,LA,979986572,2,2,338,2.0
la,LA,979986572,2,2,339,2.0
la,LA,979986572,2,2,340,2.0
la,LA,979986572,2,2,341,2.0
la,LA,979986572,2,2,342,2.0
la,LA,979986572,2,2,343,2.0
la,LA,979986572,2,2,344,2.0
la,LA,979986572,2,2,345,2.0
la,LA,979986572,2,2,346,2.0
la,LA,979986572,2,2,347,2.0
la,LA,979986572,2,2,348,1.0
la,LA,979986572,2,2,349,1.0
la,LA,979986572,2,2,350,1.0
la,LA,979986572,2,2,351,1.0
la,LA,979986572,2,2,352,1.0
la,LA,979986572,2,2,353,1.0
la,LA,979986572,2,2,354,1.0
la,LA,979986572,2,2,355,1.0
la,LA,979986572,3,0,0,16.0
la,LA,979986572,3,0,1,16.0
la,LA,979986572,3,0,2,16.0
la,LA,979986572,3,0,3,16.0
la,LA,979986572,3,0,4,16.0
la,LA,979986572,3,0,5,16.0
la,LA,979986572,3,0,6,16.0
la,LA,979986572,3,0,7,16.0
la,LA,979986572,3,0,8,16.0
la,LA,979986572,3,0,9,16.0
la,LA,979986572,3,0,10,16.0
la,LA,979986572,3,0,11,16.0
la,LA,979986572,3,0,12,16.0
la,LA,979986572,3,0,13,16.0
la,LA,979986572,3,0,14,16.0
la,LA,979986572,3,0,15,16.0
la,LA,979986572,3,0,16,16.0
la,LA,979986572,3,0,17,16.0
la,LA,979986572,3,0,18,16.0
la,LA,979986572,3,0,19,16.0
la,LA,979986572,3,0,20,16.0
la,LA,979986572,3,0,21,16.0
la,LA,979986572,3,0,22,16.0
la,LA,979986572,3,0,23,16.0
la,LA,979986572,3,0,24,16.0
la,LA,979986572,3,0,25,16.0
la,LA,979986572,3,0,26,16.0
la,LA,979986572,3,0,27,16.0
la,LA,979986572,3,0,28,15.0
la,LA,979986572,3,0,29,15.0
la,LA,979986572,3,0,30,15.0
la,LA,979986572,3,0,31,15.0
la,LA,979986572,3,0,32,11.0
la,LA,979986572,3,0,33,11.0
la,LA,979986572,3,0,34,11.0
la,LA,979986572,3,0,35,11.0
la,LA,979986572,3,0,36,11.0
la,LA,979986572,3,0,37,11.0
la,LA,979986572,3,0,38,11.0
la,LA,979986572,3,0,39,11.0
la,LA,979986572,3,0,40,11.0
la,LA,979986572,3,0,41,11.0
la,LA,979986572,3,0,42,11.0
la,LA,979986572,3,0,43,11.0
la,LA,979986572,3,0,44,11.0
la,LA,979986572,3,0,45,11.0
la,LA,979986572,3,0,46,11.0
la,LA,979986572,3,0,47,11.0
la,LA,979986572,3,0,48,11.0
la,LA,979986572,3,0,49,11.0
la,LA,979986572,3,0,50,11.0
la,LA,979986572,3,0,51,11.0
la,LA,979986572,3,0,52,11.0
la,LA,979986572,3,0,53,11.0
la,LA,979986572,3,0,54,11.0
la,LA,979986572,3,0,55,11.0
la,LA,979986572,3,0,56,11.0
la,LA,979986572,3,0,57,11.0
la,LA,979986572,3,0,58,11.0
la,LA,979986572,3,0,59,11.0
la,LA,979986572,3,0,60,11.0
la,LA,979986572,3,0,61,11.0
la,LA,979986572,3,0,62,11.0
la,LA,979986572,3,0,63,11.0
la,LA,979986572,3,0,64,11.0
la,LA,979986572,3,0,65,11.0
la,LA,979986572,3,0,66,11.0
la,LA,979986572,3,0,67,11.0
la,LA,979986572,3,0,68,11.0
la,LA,979986572,3,0,69,11.0
la,LA,979986572,3,0,70,11.0
la,LA,979986572,3,0,71,11.0
la,LA,979986572,3,0,72,11.0
la,LA,979986572,3,0,73,11.0
la,LA,979986572,3,0,74,11.0
la,LA,979986572,3,0,75,11.0
la,LA,979986572,3,0,76,11.0
la,LA,979986572,3,0,77,11.0
la,LA,979986572,3,0,78,11.0
la,LA,979986572,3,0,79,11.0
la,LA,979986572,3,0,80,11.0
la,LA,979986572,3,0,81,11.0
la,LA,979986572,3,0,82,11.0
la,LA,979986572,3,0,83,11.0
la,LA,979986572,3,0,84,11.0
la,LA,979986572,3,0,85,11.0
la,LA,979986572,3,0,86,11.0
la,LA,979986572,3,0,87,11.0
la,LA,979986572,3,0,88,11.0
la,LA,979986572,3,0,89,11.0
la,LA,979986572,3,0,90,11.0
la,LA,979986572,3,0,91,11.0
la,LA,979986572,3,0,92,11.0
la,LA,979986572,3,0,93,11.0
la,LA,979986572,3,0,94,11.0
la,LA,979986572,3,0,95,11.0
la,LA,979986572,3,0,96,11.0
la,LA,979986572,3,0,97,11.0
la,LA,979986572,3,0,98,11.0
la,LA,979986572,3,0,99,11.0
la,LA,979986572,3,0,100,10.0
la,LA,979986572,3,0,101,10.0
la,LA,979986572,3,0,102,10.0
la,LA,979986572,3,0,103,10.0
la,LA,979986572,3,0,104,10.0
la,LA,979986572,3,0,105,10.0
la,LA,979986572,3,0,106,10.0
la,LA,979986572,3,0,107,10.0
la,LA,979986572,3,0,108,10.0
la,LA,979986572,3,0,109,10.0
la,LA,979986572,3,0,110,10.0
la,LA,979986572,3,0,111,10.0
la,LA,979986572,3,0,112,10.0
la,LA,979986572,3,0,113,10.0
la,LA,979986572,3,0,114,10.0
la,LA,979986572,3,0,115,10.0
la,LA,979986572,3,0,116,10.0
la,LA,979986572,3,0,117,10.0
la,LA,979986572,3,0,118,10.0
la,LA,979986572,3,0,119,10.0
la,LA,979986572,3,0,120,10.0
la,LA,979986572,3,0,121,10.0
la,LA,979986572,3,0,122,10.0
la,LA,979986572,3,0,123,10.0
la,LA,979986572,3,0,124,10.0
la,LA,979986572,3,0,125,10.0
la,LA,979986572,3,0,126,10.0
la,LA,979986572,3,0,127,10.0
la,LA,979986572,3,0,128,10.0
la,LA,979986572,3,0,129,10.0
la,LA,979986572,3,0,130,10.0
la,LA,979986572,3,0,131,10.0
la,LA,979986572,3,0,132,10.0
la,LA,979986572,3,0,133,10.0
la,LA,979986572,3,0,134,10.0
la,LA,979986572,3,0,135,10.0
la,LA,979986572,3,0,136,10.0
la,LA,979986572,3,0,137,10.0
la,LA,979986572,3,0,138,10.0
la,LA,979986572,3,0,139,10.0
la,LA,979986572,3,0,140,9.0
la,LA,979986572,3,0,141,9.0
la,LA,979986572,3,0,142,9.0
la,LA,979986572,3,0,143,9.0
la,LA,979986572,3,0,144,9.0
la,LA,979986572,3,0,145,9.0
la,LA,979986572,3,0,146,9.0
la,LA,979986572,3,0,147,9.0
la,LA,979986572,3,0,148,9.0
la,LA,979986572,3,0,149,9.0
la,LA,979986572,3,0,150,9.0
la,LA,979986572,3,0,151,9.0
la,LA,979986572,3,0,152,9.0
la,LA,979986572,3,0,153,9.0
la,LA,979986572,3,0,154,9.0
la,LA,979986572,3,0,155,9.0
la,LA,979986572,3,0,156,9.0
la,LA,979986572,3,0,157,9.0
la,LA,979986572,3,0,158,9.0
la,LA,979986572,3,0,159,9.0
la,LA,979986572,3,0,160,9.0
la,LA,979986572,3,0,161,9.0
la,LA,979986572,3,0,162,9.0
la,LA,979986572,3,0,163,9.0
la,LA,979986572,3,0,164,9.0
la,LA,979986572,3,0,165,9.0
la,LA,979986572,3,0,166,9.0
la,LA,979986572,3,0,167,9.0
la,LA,979986572,3,0,168,9.0
la,LA,979986572,3,0,169,9.0
la,LA,979986572,3,0,170,9.0
la,LA,979986572,3,0,171,9.0
la,LA,979986572,3,0,172,8.0
la,LA,979986572,3,0,173,8.0
la,LA,979986572,3,0,174,8.0
la,LA,979986572,3,0,175,8.0
la,LA,979986572,3,0,176,8.0
la,LA,979986572,3,0,177,8.0
la,LA,979986572,3,0,178,8.0
la,LA,979986572,3,0,179,8.0
la,LA,979986572,3,0,180,8.0
la,LA,979986572,3,0,181,8.0
la,LA,979986572,3,0,182,8.0
la,LA,979986572,3,0,183,8.0
la,LA,979986572,3,0,184,8.0
la,LA,979986572,3,0,185,8.0
la,LA,979986572,3,0,186,8.0
la,LA,979986572,3,0,187,8.0
la,LA,979986572,3,0,188,8.0
la,LA,979986572,3,0,189,8.0
la,LA,979986572,3,0,190,8.0
la,LA,979986572,3,0,191,8.0
la,LA,979986572,3,0,192,8.0
la,LA,979986572,3,0,193,8.0
la,LA,979986572,3,0,194,8.0
la,LA,979986572,3,0,195,8.0
la,LA,979986572,3,0,196,8.0
la,LA,979986572,3,0,197,8.0
la,LA,979986572,3,0,198,8.0
la,LA,979986572,3,0,199,8.0
la,LA,979986572,3,0,200,8.0
la,LA,979986572,3,0,201,8.0
la,LA,979986572,3,0,202,8.0
la,LA,979986572,3,0,203,8.0
la,LA,979986572,3,0,204,8.0
la,LA,979986572,3,0,205,8.0
la,LA,979986572,3,0,206,8.0
la,LA,979986572,3,0,207,8.0
la,LA,979986572,3,0,208,8.0
la,LA,979986572,3,0,209,8.0
la,LA,979986572,3,0,210,8.0
la,LA,979986572,3,0,211,8.0
la,LA,979986572,3,0,212,8.0
la,LA,979986572,3,0,213,8.0
la,LA,979986572,3,0,214,8.0
la,LA,979986572,3,0,215,8.0
la,LA,979986572,3,0,216,8.0
la,LA,979986572,3,0,217,8.0
la,LA,979986572,3,0,218,8.0
la,LA,979986572,3,0,219,8.0
la,LA,979986572,3,0,220,8.0
la,LA,979986572,3,0,221,8.0
la,LA,979986572,3,0,222,8.0
la,LA,979986572,3,0,223,8.0
la,LA,979986572,3,0,224,8.0
la,LA,979986572,3,0,225,8.0
la,LA,979986572,3,0,226,8.0
la,LA,979986572,3,0,227,8.0
la,LA,979986572,3,0,228,8.0
la,LA,979986572,3,0,229,8.0
la,LA,979986572,3,0,230,8.0
la,LA,979986572,3,0,231,8.0
la,LA,979986572,3,0,232,8.0
la,LA,979986572,3,0,233,8.0
la,LA,979986572,3,0,234,8.0
la,LA,979986572,3,0,235,8.0
la,LA,979986572,3,0,236,8.0
la,LA,979986572,3,0,237,8.0
la,LA,979986572,3,0,238,8.0
la,LA,979986572,3,0,239,8.0
la,LA,979986572,3,0,240,8.0
la,LA,979986572,3,0,241,8.0
la,LA,979986572,3,0,242,8.0
la,LA,979986572,3,0,243,8.0
la,LA,979986572,3,0,244,8.0
la,LA,979986572,3,0,245,8.0
la,LA,979986572,3,0,246,8.0
la,LA,979986572,3,0,247,8.0
la,LA,979986572,3,0,248,8.0
la,LA,979986572,3,0,249,8.0
la,LA,979986572,3,0,250,8.0
la,LA,979986572,3,0,251,8.0
la,LA,979986572,3,0,252,8.0
la,LA,979986572,3,0,253,8.0
la,LA,979986572,3,0,254,8.0
la,LA,979986572,3,0,255,8.0
la,LA,979986572,3,0,256,8.0
la,LA,979986572,3,0,257,8.0
la,LA,979986572,3,0,258,8.0
la,LA,979986572,3,0,259,8.0
la,LA,979986572,3,0,260,8.0
la,LA,979986572,3,0,261,8.0
la,LA,979986572,3,0,262,8.0
la,LA,979986572,3,0,263,8.0
la,LA,979986572,3,0,264,8.0
la,LA,979986572,3,0,265,8.0
la,LA,979986572,3,0,266,8.0
la,LA,979986572,3,0,267,8.0
la,LA,979986572,3,0,268,8.0
la,LA,979986572,3,0,269,8.0
la,LA,979986572,3,0,270,8.0
la,LA,979986572,3,0,271,8.0
la,LA,979986572,3,0,272,7.0
la,LA,979986572,3,0,273,7.0
la,LA,979986572,3,0,274,7.0
la,LA,979986572,3,0,275,7.0
la,LA,979986572,3,0,276,7.0
la,LA,979986572,3,0,277,7.0
la,LA,979986572,3,0,278,7.0
la,LA,979986572,3,0,279,7.0
la,LA,979986572,3,0,280,7.0
la,LA,979986572,3,0,281,7.0
la,LA,979986572,3,0,282,7.0
la,LA,979986572,3,0,283,7.0
la,LA,979986572,3,0,284,7.0
la,LA,979986572,3,0,285,7.0
la,LA,979986572,3,0,286,7.0
la,LA,979986572,3,0,287,7.0
la,LA,979986572,3,0,288,6.0
la,LA,979986572,3,0,289,6.0
la,LA,979986572,3,0,290,6.0
la,LA,979986572,3,0,291,6.0
la,LA,979986572,3,0,292,6.0
la,LA,979986572,3,0,293,6.0
la,LA,979986572,3,0,294,6.0
la,LA,979986572,3,0,295,6.0
la,LA,979986572,3,0,296,6.0
la,LA,979986572,3,0,297,6.0
la,LA,979986572,3,0,298,6.0
la,LA,979986572,3,0,299,6.0
la,LA,979986572,3,0,300,6.0
la,LA,979986572,3,0,301,6.0
la,LA,979986572,3,0,302,6.0
la,LA,979986572,3,0,303,6.0
la,LA,979986572,3,0,304,6.0
la,LA,979986572,3,0,305,6.0
la,LA,979986572,3,0,306,6.0
la,LA,979986572,3,0,307,6.0
la,LA,979986572,3,0,308,6.0
la,LA,979986572,3,0,309,6.0
la,LA,979986572,3,0,310,6.0
la,LA,979986572,3,0,311,6.0
la,LA,979986572,3,0,312,5.0
la,LA,979986572,3,0,313,5.0
la,LA,979986572,3,0,314,5.0
la,LA,979986572,3,0,315,5.0
la,LA,979986572,3,0,316,5.0
la,LA,979986572,3,0,317,5.0
la,LA,979986572,3,0,318,5.0
la,LA,979986572,3,0,319,5.0
la,LA,979986572,3,0,320,4.0
la,LA,979986572,3,0,321,4.0
la,LA,979986572,3,0,322,4.0
la,LA,979986572,3,0,323,4.0
la,LA,979986572,3,0,324,4.0
la,LA,979986572,3,0,325,4.0
la,LA,979986572,3,0,326,4.0
la,LA,979986572,3,0,327,4.0
la,LA,979986572,3,0,328,3.0
la,LA,979986572,3,0,329,3.0
la,LA,979986572,3,0,330,3.0
la,LA,979986572,3,0,331,3.0
la,LA,979986572,3,0,332,3.0
la,LA,979986572,3,0,333,3.0
la,LA,979986572,3,0,334,3.0
la,LA,979986572,3,0,335,3.0
la,LA,979986572,3,0,336,2.0
la,LA,979986572,3,0,337,2.0
la,LA,979986572,3,0,338,2.0
la,LA,979986572,3,0,339,2.0
la,LA,979986572,3,0,340,2.0
la,LA,979986572,3,0,341,2.0
la,LA,979986572,3,0,342,2.0
la,LA,979986572,3,0,343,2.0
la,LA,979986572,3,0,344,2.0
la,LA,979986572,3,0,345,2.0
la,LA,979986572,3,0,346,2.0
la,LA,979986572,3,0,347,2.0
la,LA,979986572,3,0,348,1.0
la,LA,979986572,3,0,349,1.0
la,LA,979986572,3,0,350,1.0
la,LA,979986572,3,0,351,1.0
la,LA,979986572,3,0,352,1.0
la,LA,979986572,3,0,353,1.0
la,LA,979986572,3,0,354,1.0
la,LA,979986572,3,0,355,1.0
la,LA,979986572,3,1,0,16.0
la,LA,979986572,3,1,1,16.0
la,LA,979986572,3,1,2,16.0
la,LA,979986572,3,1,3,16.0
la,LA,979986572,3,1,4,16.0
la,LA,979986572,3,1,5,16.0
la,LA,979986572,3,1,6,16.0
la,LA,979986572,3,1,7,16.0
la,LA,979986572,3,1,8,16.0
la,LA,979986572,3,1,9,16.0
la,LA,979986572,3,1,10,16.0
la,LA,979986572,3,1,11,16.0
la,LA,979986572,3,1,12,16.0
la,LA,979986572,3,1,13,16.0
la,LA,979986572,3,1,14,16.0
la,LA,979986572,3,1,15,16.0
la,LA,979986572,3,1,16,16.0
la,LA,979986572,3,1,17,16.0
la,LA,979986572,3,1,18,16.0
la,LA,979986572,3,1,19,16.0
la,LA,979986572,3,1,20,16.0
la,LA,979986572,3,1,21,16.0
la,LA,979986572,3,1,22,16.0
la,LA,979986572,3,1,23,16.0
la,LA,979986572,3,1,24,16.0
la,LA,979986572,3,1,25,16.0
la,LA,979986572,3,1,26,16.0
la,LA,979986572,3,1,27,16.0
la,LA,979986572,3,1,28,15.0
la,LA,979986572,3,1,29,15.0
la,LA,979986572,3,1,30,15.0
la,LA,979986572,3,1,31,15.0
la,LA,979986572,3,1,32,11.0
la,LA,979986572,3,1,33,11.0
la,LA,979986572,3,1,34,11.0
la,LA,979986572,3,1,35,11.0
la,LA,979986572,3,1,36,11.0
la,LA,979986572,3,1,37,11.0
la,LA,979986572,3,1,38,11.0
la,LA,979986572,3,1,39,11.0
la,LA,979986572,3,1,40,11.0
la,LA,979986572,3,1,41,11.0
la,LA,979986572,3,1,42,11.0
la,LA,979986572,3,1,43,11.0
la,LA,979986572,3,1,44,11.0
la,LA,979986572,3,1,45,11.0
la,LA,979986572,3,1,46,11.0
la,LA,979986572,3,1,47,11.0
la,LA,979986572,3,1,48,11.0
la,LA,979986572,3,1,49,11.0
la,LA,979986572,3,1,50,11.0
la,LA,979986572,3,1,51,11.0
la,LA,979986572,3,1,52,11.0
la,LA,979986572,3,1,53,11.0
la,LA,979986572,3,1,54,11.0
la,LA,979986572,3,1,55,11.0
la,LA,979986572,3,1,56,11.0
la,LA,979986572,3,1,57,11.0
la,LA,979986572,3,1,58,11.0
la,LA,979986572,3,1,59,11.0
la,LA,979986572,3,1,60,11.0
la,LA,979986572,3,1,61,11.0
la,LA,979986572,3,1,62,11.0
la,LA,979986572,3,1,63,11.0
la,LA,979986572,3,1,64,11.0
la,LA,979986572,3,1,65,11.0
la,LA,979986572,3,1,66,11.0
la,LA,979986572,3,1,67,11.0
la,LA,979986572,3,1,68,11.0
la,LA,979986572,3,1,69,11.0
la,LA,979986572,3,1,70,11.0
la,LA,979986572,3,1,71,11.0
la,LA,979986572,3,1,72,11.0
la,LA,979986572,3,1,73,11.0
la,LA,979986572,3,1,74,11.0
la,LA,979986572,3,1,75,11.0
la,LA,979986572,3,1,76,11.0
la,LA,979986572,3,1,77,11.0
la,LA,979986572,3,1,78,11.0
la,LA,979986572,3,1,79,11.0
la,LA,979986572,3,1,80,11.0
la,LA,979986572,3,1,81,11.0
la,LA,979986572,3,1,82,11.0
la,LA,979986572,3,1,83,11.0
la,LA,979986572,3,1,84,11.0
la,LA,979986572,3,1,85,11.0
la,LA,979986572,3,1,86,11.0
la,LA,979986572,3,1,87,11.0
la,LA,979986572,3,1,88,11.0
la,LA,979986572,3,1,89,11.0
la,LA,979986572,3,1,90,11.0
la,LA,979986572,3,1,91,11.0
la,LA,979986572,3,1,92,11.0
la,LA,979986572,3,1,93,11.0
la,LA,979986572,3,1,94,11.0
la,LA,979986572,3,1,95,11.0
la,LA,979986572,3,1,96,11.0
la,LA,979986572,3,1,97,11.0
la,LA,979986572,3,1,98,11.0
la,LA,979986572,3,1,99,11.0
la,LA,979986572,3,1,100,10.0
la,LA,979986572,3,1,101,10.0
la,LA,979986572,3,1,102,10.0
la,LA,979986572,3,1,103,10.0
la,LA,979986572,3,1,104,10.0
la,LA,979986572,3,1,105,10.0
la,LA,979986572,3,1,106,10.0
la,LA,979986572,3,1,107,10.0
la,LA,979986572,3,1,108,10.0
la,LA,979986572,3,1,109,10.0
la,LA,979986572,3,1,110,10.0
la,LA,979986572,3,1,111,10.0
la,LA,979986572,3,1,112,10.0
la,LA,979986572,3,1,113,10.0
la,LA,979986572,3,1,114,10.0
la,LA,979986572,3,1,115,10.0
la,LA,979986572,3,1,116,10.0
la,LA,979986572,3,1,117,10.0
la,LA,979986572,3,1,118,10.0
la,LA,979986572,3,1,119,10.0
la,LA,979986572,3,1,120,10.0
la,LA,979986572,3,1,121,10.0
la,LA,979986572,3,1,122,10.0
la,LA,979986572,3,1,123,10.0
la,LA,979986572,3,1,124,10.0
la,LA,979986572,3,1,125,10.0
la,LA,979986572,3,1,126,10.0
la,LA,979986572,3,1,127,10.0
la,LA,979986572,3,1,128,10.0
la,LA,979986572,3,1,129,10.0
la,LA,979986572,3,1,130,10.0
la,LA,979986572,3,1,131,10.0
la,LA,979986572,3,1,132,10.0
la,LA,979986572,3,1,133,10.0
la,LA,979986572,3,1,134,10.0
la,LA,979986572,3,1,135,10.0
la,LA,979986572,3,1,136,10.0
la,LA,979986572,3,1,137,10.0
la,LA,979986572,3,1,138,10.0
la,LA,979986572,3,1,139,10.0
la,LA,979986572,3,1,140,9.0
la,LA,979986572,3,1,141,9.0
la,LA,979986572,3,1,142,9.0
la,LA,979986572,3,1,143,9.0
la,LA,979986572,3,1,144,9.0
la,LA,979986572,3,1,145,9.0
la,LA,979986572,3,1,146,9.0
la,LA,979986572,3,1,147,9.0
la,LA,979986572,3,1,148,9.0
la,LA,979986572,3,1,149,9.0
la,LA,979986572,3,1,150,9.0
la,LA,979986572,3,1,151,9.0
la,LA,979986572,3,1,152,9.0
la,LA,979986572,3,1,153,9.0
la,LA,979986572,3,1,154,9.0
la,LA,979986572,3,1,155,9.0
la,LA,979986572,3,1,156,9.0
la,LA,979986572,3,1,157,9.0
la,LA,979986572,3,1,158,9.0
la,LA,979986572,3,1,159,9.0
la,LA,979986572,3,1,160,9.0
la,LA,979986572,3,1,161,9.0
la,LA,979986572,3,1,162,9.0
la,LA,979986572,3,1,163,9.0
la,LA,979986572,3,1,164,9.0
la,LA,979986572,3,1,165,9.0
la,LA,979986572,3,1,166,9.0
la,LA,979986572,3,1,167,9.0
la,LA,979986572,3,1,168,9.0
la,LA,979986572,3,1,169,9.0
la,LA,979986572,3,1,170,9.0
la,LA,979986572,3,1,171,9.0
la,LA,979986572,3,1,172,8.0
la,LA,979986572,3,1,173,8.0
la,LA,979986572,3,1,174,8.0
la,LA,979986572,3,1,175,8.0
la,LA,979986572,3,1,176,8.0
la,LA,979986572,3,1,177,8.0
la,LA,979986572,3,1,178,8.0
la,LA,979986572,3,1,179,8.0
la,LA,979986572,3,1,180,8.0
la,LA,979986572,3,1,181,8.0
la,LA,979986572,3,1,182,8.0
la,LA,979986572,3,1,183,8.0
la,LA,979986572,3,1,184,8.0
la,LA,979986572,3,1,185,8.0
la,LA,979986572,3,1,186,8.0
la,LA,979986572,3,1,187,8.0
la,LA,979986572,3,1,188,8.0
la,LA,979986572,3,1,189,8.0
la,LA,979986572,3,1,190,8.0
la,LA,979986572,3,1,191,8.0
la,LA,979986572,3,1,192,8.0
la,LA,979986572,3,1,193,8.0
la,LA,979986572,3,1,194,8.0
la,LA,979986572,3,1,195,8.0
la,LA,979986572,3,1,196,8.0
la,LA,979986572,3,1,197,8.0
la,LA,979986572,3,1,198,8.0
la,LA,979986572,3,1,199,8.0
la,LA,979986572,3,1,200,8.0
la,LA,979986572,3,1,201,8.0
la,LA,979986572,3,1,202,8.0
la,LA,979986572,3,1,203,8.0
la,LA,979986572,3,1,204,8.0
la,LA,979986572,3,1,205,8.0
la,LA,979986572,3,1,206,8.0
la,LA,979986572,3,1,207,8.0
la,LA,979986572,3,1,208,8.0
la,LA,979986572,3,1,209,8.0
la,LA,979986572,3,1,210,8.0
la,LA,979986572,3,1,211,8.0
la,LA,979986572,3,1,212,8.0
la,LA,979986572,3,1,213,8.0
la,LA,979986572,3,1,214,8.0
la,LA,979986572,3,1,215,8.0
la,LA,979986572,3,1,216,8.0
la,LA,979986572,3,1,217,8.0
la,LA,979986572,3,1,218,8.0
la,LA,979986572,3,1,219,8.0
la,LA,979986572,3,1,220,8.0
la,LA,979986572,3,1,221,8.0
la,LA,979986572,3,1,222,8.0
la,LA,979986572,3,1,223,8.0
la,LA,979986572,3,1,224,8.0
la,LA,979986572,3,1,225,8.0
la,LA,979986572,3,1,226,8.0
la,LA,979986572,3,1,227,8.0
la,LA,979986572,3,1,228,8.0
la,LA,979986572,3,1,229,8.0
la,LA,979986572,3,1,230,8.0
la,LA,979986572,3,1,231,8.0
la,LA,979986572,3,1,232,8.0
la,LA,979986572,3,1,233,8.0
la,LA,979986572,3,1,234,8.0
la,LA,979986572,3,1,235,8.0
la,LA,979986572,3,1,236,8.0
la,LA,979986572,3,1,237,8.0
la,LA,979986572,3,1,238,8.0
la,LA,979986572,3,1,239,8.0
la,LA,979986572,3,1,240,8.0
la,LA,979986572,3,1,241,8.0
la,LA,979986572,3,1,242,8.0
la,LA,979986572,3,1,243,8.0
la,LA,979986572,3,1,244,8.0
la,LA,979986572,3,1,245,8.0
la,LA,979986572,3,1,246,8.0
la,LA,979986572,3,1,247,8.0
la,LA,979986572,3,1,248,8.0
la,LA,979986572,3,1,249,8.0
la,LA,979986572,3,1,250,8.0
la,LA,979986572,3,1,251,8.0
la,LA,979986572,3,1,252,8.0
la,LA,979986572,3,1,253,8.0
la,LA,979986572,3,1,254,8.0
la,LA,979986572,3,1,255,8.0
la,LA,979986572,3,1,256,8.0
la,LA,979986572,3,1,257,8.0
la,LA,979986572,3,1,258,8.0
la,LA,979986572,3,1,259,8.0
la,LA,979986572,3,1,260,8.0
la,LA,979986572,3,1,261,8.0
la,LA,979986572,3,1,262,8.0
la,LA,979986572,3,1,263,8.0
la,LA,979986572,3,1,264,8.0
la,LA,979986572,3,1,265,8.0
la,LA,979986572,3,1,266,8.0
la,LA,979986572,3,1,267,8.0
la,LA,979986572,3,1,268,8.0
la,LA,979986572,3,1,269,8.0
la,LA,979986572,3,1,270,8.0
la,LA,979986572,3,1,271,8.0
la,LA,979986572,3,1,272,7.0
la,LA,979986572,3,1,273,7.0
la,LA,979986572,3,1,274,7.0
la,LA,979986572,3,1,275,7.0
la,LA,979986572,3,1,276,7.0
la,LA,979986572,3,1,277,7.0
la,LA,979986572,3,1,278,7.0
la,LA,979986572,3,1,279,7.0
la,LA,979986572,3,1,280,7.0
la,LA,979986572,3,1,281,7.0
la,LA,979986572,3,1,282,7.0
la,LA,979986572,3,1,283,7.0
la,LA,979986572,3,1,284,7.0
la,LA,979986572,3,1,285,7.0
la,LA,979986572,3,1,286,7.0
la,LA,979986572,3,1,287,7.0
la,LA,979986572,3,1,288,6.0
la,LA,979986572,3,1,289,6.0
la,LA,979986572,3,1,290,6.0
la,LA,979986572,3,1,291,6.0
la,LA,979986572,3,1,292,6.0
la,LA,979986572,3,1,293,6.0
la,LA,979986572,3,1,294,6.0
la,LA,979986572,3,1,295,6.0
la,LA,979986572,3,1,296,6.0
la,LA,979986572,3,1,297,6.0
la,LA,979986572,3,1,298,6.0
la,LA,979986572,3,1,299,6.0
la,LA,979986572,3,1,300,6.0
la,LA,979986572,3,1,301,6.0
la,LA,979986572,3,1,302,6.0
la,LA,979986572,3,1,303,6.0
la,LA,979986572,3,1,304,6.0
la,LA,979986572,3,1,305,6.0
la,LA,979986572,3,1,306,6.0
la,LA,979986572,3,1,307,6.0
la,LA,979986572,3,1,308,6.0
la,LA,979986572,3,1,309,6.0
la,LA,979986572,3,1,310,6.0
la,LA,979986572,3,1,311,6.0
la,LA,979986572,3,1,312,5.0
la,LA,979986572,3,1,313,5.0
la,LA,979986572,3,1,314,5.0
la,LA,979986572,3,1,315,5.0
la,LA,979986572,3,1,316,5.0
la,LA,979986572,3,1,317,5.0
la,LA,979986572,3,1,318,5.0
la,LA,979986572,3,1,319,5.0
la,LA,979986572,3,1,320,4.0
la,LA,979986572,3,1,321,4.0
la,LA,979986572,3,1,322,4.0
la,LA,979986572,3,1,323,4.0
la,LA,979986572,3,1,324,4.0
la,LA,979986572,3,1,325,4.0
la,LA,979986572,3,1,326,4.0
la,LA,979986572,3,1,327,4.0
la,LA,979986572,3,1,328,3.0
la,LA,979986572,3,1,329,3.0
la,LA,979986572,3,1,330,3.0
la,LA,979986572,3,1,331,3.0
la,LA,979986572,3,1,332,3.0
la,LA,979986572,3,1,333,3.0
la,LA,979986572,3,1,334,3.0
la,LA,979986572,3,1,335,3.0
la,LA,979986572,3,1,336,2.0
la,LA,979986572,3,1,337,2.0
la,LA,979986572,3,1,338,2.0
la,LA,979986572,3,1,339,2.0
la,LA,979986572,3,1,340,2.0
la,LA,979986572,3,1,341,2.0
la,LA,979986572,3,1,342,2.0
la,LA,979986572,3,1,343,2.0
la,LA,979986572,3,1,344,2.0
la,LA,979986572,3,1,345,2.0
la,LA,979986572,3,1,346,2.0
la,LA,979986572,3,1,347,2.0
la,LA,979986572,3,1,348,1.0
la,LA,979986572,3,1,349,1.0
la,LA,979986572,3,1,350,1.0
la,LA,979986572,3,1,351,1.0
la,LA,979986572,3,1,352,1.0
la,LA,979986572,3,1,353,1.0
la,LA,979986572,3,1,354,1.0
la,LA,979986572,3,1,355,1.0
la,LA,979986572,3,2,0,16.0
la,LA,979986572,3,2,1,16.0
la,LA,979986572,3,2,2,16.0
la,LA,979986572,3,2,3,16.0
la,LA,979986572,3,2,4,16.0
la,LA,979986572,3,2,5,16.0
la,LA,979986572,3,2,6,16.0
la,LA,979986572,3,2,7,16.0
la,LA,979986572,3,2,8,16.0
la,LA,979986572,3,2,9,16.0
la,LA,979986572,3,2,10,16.0
la,LA,979986572,3,2,11,16.0
la,LA,979986572,3,2,12,16.0
la,LA,979986572,3,2,13,16.0
la,LA,979986572,3,2,14,16.0
la,LA,979986572,3,2,15,16.0
la,LA,979986572,3,2,16,16.0
la,LA,979986572,3,2,17,16.0
la,LA,979986572,3,2,18,16.0
la,LA,979986572,3,2,19,16.0
la,LA,979986572,3,2,20,16.0
la,LA,979986572,3,2,21,16.0
la,LA,979986572,3,2,22,16.0
la,LA,979986572,3,2,23,16.0
la,LA,979986572,3,2,24,16.0
la,LA,979986572,3,2,25,16.0
la,LA,979986572,3,2,26,16.0
la,LA,979986572,3,2,27,16.0
la,LA,979986572,3,2,28,15.0
la,LA,979986572,3,2,29,15.0
la,LA,979986572,3,2,30,15.0
la,LA,979986572,3,2,31,15.0
la,LA,979986572,3,2,32,11.0
la,LA,979986572,3,2,33,11.0
la,LA,979986572,3,2,34,11.0
la,LA,979986572,3,2,35,11.0
la,LA,979986572,3,2,36,11.0
la,LA,979986572,3,2,37,11.0
la,LA,979986572,3,2,38,11.0
la,LA,979986572,3,2,39,11.0
la,LA,979986572,3,2,40,11.0
la,LA,979986572,3,2,41,11.0
la,LA,979986572,3,2,42,11.0
la,LA,979986572,3,2,43,11.0
la,LA,979986572,3,2,44,11.0
la,LA,979986572,3,2,45,11.0
la,LA,979986572,3,2,46,11.0
la,LA,979986572,3,2,47,11.0
la,LA,979986572,3,2,48,11.0
la,LA,979986572,3,2,49,11.0
la,LA,979986572,3,2,50,11.0
la,LA,979986572,3,2,51,11.0
la,LA,979986572,3,2,52,11.0
la,LA,979986572,3,2,53,11.0
la,LA,979986572,3,2,54,11.0
la,LA,979986572,3,2,55,11.0
la,LA,979986572,3,2,56,11.0
la,LA,979986572,3,2,57,11.0
la,LA,979986572,3,2,58,11.0
la,LA,979986572,3,2,59,11.0
la,LA,979986572,3,2,60,11.0
la,LA,979986572,3,2,61,11.0
la,LA,979986572,3,2,62,11.0
la,LA,979986572,3,2,63,11.0
la,LA,979986572,3,2,64,11.0
la,LA,979986572,3,2,65,11.0
la,LA,979986572,3,2,66,11.0
la,LA,979986572,3,2,67,11.0
la,LA,979986572,3,2,68,11.0
la,LA,979986572,3,2,69,11.0
la,LA,979986572,3,2,70,11.0
la,LA,979986572,3,2,71,11.0
la,LA,979986572,3,2,72,11.0
la,LA,979986572,3,2,73,11.0
la,LA,979986572,3,2,74,11.0
la,LA,979986572,3,2,75,11.0
la,LA,979986572,3,2,76,11.0
la,LA,979986572,3,2,77,11.0
la,LA,979986572,3,2,78,11.0
la,LA,979986572,3,2,79,11.0
la,LA,979986572,3,2,80,11.0
la,LA,979986572,3,2,81,11.0
la,LA,979986572,3,2,82,11.0
la,LA,979986572,3,2,83,11.0
la,LA,979986572,3,2,84,11.0
la,LA,979986572,3,2,85,11.0
la,LA,979986572,3,2,86,11.0
la,LA,979986572,3,2,87,11.0
la,LA,979986572,3,2,88,11.0
la,LA,979986572,3,2,89,11.0
la,LA,979986572,3,2,90,11.0
la,LA,979986572,3,2,91,11.0
la,LA,979986572,3,2,92,11.0
la,LA,979986572,3,2,93,11.0
la,LA,979986572,3,2,94,11.0
la,LA,979986572,3,2,95,11.0
la,LA,979986572,3,2,96,11.0
la,LA,979986572,3,2,97,11.0
la,LA,979986572,3,2,98,11.0
la,LA,979986572,3,2,99,11.0
la,LA,979986572,3,2,100,10.0
la,LA,979986572,3,2,101,10.0
la,LA,979986572,3,2,102,10.0
la,LA,979986572,3,2,103,10.0
la,LA,979986572,3,2,104,10.0
la,LA,979986572,3,2,105,10.0
la,LA,979986572,3,2,106,10.0
la,LA,979986572,3,2,107,10.0
la,LA,979986572,3,2,108,10.0
la,LA,979986572,3,2,109,10.0
la,LA,979986572,3,2,110,10.0
la,LA,979986572,3,2,111,10.0
la,LA,979986572,3,2,112,10.0
la,LA,979986572,3,2,113,10.0
la,LA,979986572,3,2,114,10.0
la,LA,979986572,3,2,115,10.0
la,LA,979986572,3,2,116,10.0
la,LA,979986572,3,2,117,10.0
la,LA,979986572,3,2,118,10.0
la,LA,979986572,3,2,119,10.0
la,LA,979986572,3,2,120,10.0
la,LA,979986572,3,2,121,10.0
la,LA,979986572,3,2,122,10.0
la,LA,979986572,3,2,123,10.0
la,LA,979986572,3,2,124,10.0
la,LA,979986572,3,2,125,10.0
la,LA,979986572,3,2,126,10.0
la,LA,979986572,3,2,127,10.0
la,LA,979986572,3,2,128,10.0
la,LA,979986572,3,2,129,10.0
la,LA,979986572,3,2,130,10.0
la,LA,979986572,3,2,131,10.0
la,LA,979986572,3,2,132,10.0
la,LA,979986572,3,2,133,10.0
la,LA,979986572,3,2,134,10.0
la,LA,979986572,3,2,135,10.0
la,LA,979986572,3,2,136,10.0
la,LA,979986572,3,2,137,10.0
la,LA,979986572,3,2,138,10.0
la,LA,979986572,3,2,139,10.0
la,LA,979986572,3,2,140,9.0
la,LA,979986572,3,2,141,9.0
la,LA,979986572,3,2,142,9.0
la,LA,979986572,3,2,143,9.0
la,LA,979986572,3,2,144,9.0
la,LA,979986572,3,2,145,9.0
la,LA,979986572,3,2,146,9.0
la,LA,979986572,3,2,147,9.0
la,LA,979986572,3,2,148,9.0
la,LA,979986572,3,2,149,9.0
la,LA,979986572,3,2,150,9.0
la,LA,979986572,3,2,151,9.0
la,LA,979986572,3,2,152,9.0
la,LA,979986572,3,2,153,9.0
la,LA,979986572,3,2,154,9.0
la,LA,979986572,3,2,155,9.0
la,LA,979986572,3,2,156,9.0
la,LA,979986572,3,2,157,9.0
la,LA,979986572,3,2,158,9.0
la,LA,979986572,3,2,159,9.0
la,LA,979986572,3,2,160,9.0
la,LA,979986572,3,2,161,9.0
la,LA,979986572,3,2,162,9.0
la,LA,979986572,3,2,163,9.0
la,LA,979986572,3,2,164,9.0
la,LA,979986572,3,2,165,9.0
la,LA,979986572,3,2,166,9.0
la,LA,979986572,3,2,167,9.0
la,LA,979986572,3,2,168,9.0
la,LA,979986572,3,2,169,9.0
la,LA,979986572,3,2,170,9.0
la,LA,979986572,3,2,171,9.0
la,LA,979986572,3,2,172,8.0
la,LA,979986572,3,2,173,8.0
la,LA,979986572,3,2,174,8.0
la,LA,979986572,3,2,175,8.0
la,LA,979986572,3,2,176,8.0
la,LA,979986572,3,2,177,8.0
la,LA,979986572,3,2,178,8.0
la,LA,979986572,3,2,179,8.0
la,LA,979986572,3,2,180,8.0
la,LA,979986572,3,2,181,8.0
la,LA,979986572,3,2,182,8.0
la,LA,979986572,3,2,183,8.0
la,LA,979986572,3,2,184,8.0
la,LA,979986572,3,2,185,8.0
la,LA,979986572,3,2,186,8.0
la,LA,979986572,3,2,187,8.0
la,LA,979986572,3,2,188,8.0
la,LA,979986572,3,2,189,8.0
la,LA,979986572,3,2,190,8.0
la,LA,979986572,3,2,191,8.0
la,LA,979986572,3,2,192,8.0
la,LA,979986572,3,2,193,8.0
la,LA,979986572,3,2,194,8.0
la,LA,979986572,3,2,195,8.0
la,LA,979986572,3,2,196,8.0
la,LA,979986572,3,2,197,8.0
la,LA,979986572,3,2,198,8.0
la,LA,979986572,3,2,199,8.0
la,LA,979986572,3,2,200,8.0
la,LA,979986572,3,2,201,8.0
la,LA,979986572,3,2,202,8.0
la,LA,979986572,3,2,203,8.0
la,LA,979986572,3,2,204,8.0
la,LA,979986572,3,2,205,8.0
la,LA,979986572,3,2,206,8.0
la,LA,979986572,3,2,207,8.0
la,LA,979986572,3,2,208,8.0
la,LA,979986572,3,2,209,8.0
la,LA,979986572,3,2,210,8.0
la,LA,979986572,3,2,211,8.0
la,LA,979986572,3,2,212,8.0
la,LA,979986572,3,2,213,8.0
la,LA,979986572,3,2,214,8.0
la,LA,979986572,3,2,215,8.0
la,LA,979986572,3,2,216,8.0
la,LA,979986572,3,2,217,8.0
la,LA,979986572,3,2,218,8.0
la,LA,979986572,3,2,219,8.0
la,LA,979986572,3,2,220,8.0
la,LA,979986572,3,2,221,8.0
la,LA,979986572,3,2,222,8.0
la,LA,979986572,3,2,223,8.0
la,LA,979986572,3,2,224,8.0
la,LA,979986572,3,2,225,8.0
la,LA,979986572,3,2,226,8.0
la,LA,979986572,3,2,227,8.0
la,LA,979986572,3,2,228,8.0
la,LA,979986572,3,2,229,8.0
la,LA,979986572,3,2,230,8.0
la,LA,979986572,3,2,231,8.0
la,LA,979986572,3,2,232,8.0
la,LA,979986572,3,2,233,8.0
la,LA,979986572,3,2,234,8.0
la,LA,979986572,3,2,235,8.0
la,LA,979986572,3,2,236,8.0
la,LA,979986572,3,2,237,8.0
la,LA,979986572,3,2,238,8.0
la,LA,979986572,3,2,239,8.0
la,LA,979986572,3,2,240,8.0
la,LA,979986572,3,2,241,8.0
la,LA,979986572,3,2,242,8.0
la,LA,979986572,3,2,243,8.0
la,LA,979986572,3,2,244,8.0
la,LA,979986572,3,2,245,8.0
la,LA,979986572,3,2,246,8.0
la,LA,979986572,3,2,247,8.0
la,LA,979986572,3,2,248,8.0
la,LA,979986572,3,2,249,8.0
la,LA,979986572,3,2,250,8.0
la,LA,979986572,3,2,251,8.0
la,LA,979986572,3,2,252,8.0
la,LA,979986572,3,2,253,8.0
la,LA,979986572,3,2,254,8.0
la,LA,979986572,3,2,255,8.0
la,LA,979986572,3,2,256,8.0
la,LA,979986572,3,2,257,8.0
la,LA,979986572,3,2,258,8.0
la,LA,979986572,3,2,259,8.0
la,LA,979986572,3,2,260,8.0
la,LA,979986572,3,2,261,8.0
la,LA,979986572,3,2,262,8.0
la,LA,979986572,3,2,263,8.0
la,LA,979986572,3,2,264,8.0
la,LA,979986572,3,2,265,8.0
la,LA,979986572,3,2,266,8.0
la,LA,979986572,3,2,267,8.0
la,LA,979986572,3,2,268,8.0
la,LA,979986572,3,2,269,8.0
la,LA,979986572,3,2,270,8.0
la,LA,979986572,3,2,271,8.0
la,LA,979986572,3,2,272,7.0
la,LA,979986572,3,2,273,7.0
la,LA,979986572,3,2,274,7.0
la,LA,979986572,3,2,275,7.0
la,LA,979986572,3,2,276,7.0
la,LA,979986572,3,2,277,7.0
la,LA,979986572,3,2,278,7.0
la,LA,979986572,3,2,279,7.0
la,LA,979986572,3,2,280,7.0
la,LA,979986572,3,2,281,7.0
la,LA,979986572,3,2,282,7.0
la,LA,979986572,3,2,283,7.0
la,LA,979986572,3,2,284,7.0
la,LA,979986572,3,2,285,7.0
la,LA,979986572,3,2,286,7.0
la,LA,979986572,3,2,287,7.0
la,LA,979986572,3,2,288,6.0
la,LA,979986572,3,2,289,6.0
la,LA,979986572,3,2,290,6.0
la,LA,979986572,3,2,291,6.0
la,LA,979986572,3,2,292,6.0
la,LA,979986572,3,2,293,6.0
la,LA,979986572,3,2,294,6.0
la,LA,979986572,3,2,295,6.0
la,LA,979986572,3,2,296,6.0
la,LA,979986572,3,2,297,6.0
la,LA,979986572,3,2,298,6.0
la,LA,979986572,3,2,299,6.0
la,LA,979986572,3,2,300,6.0
la,LA,979986572,3,2,301,6.0
la,LA,979986572,3,2,302,6.0
la,LA,979986572,3,2,303,6.0
la,LA,979986572,3,2,304,6.0
la,LA,979986572,3,2,305,6.0
la,LA,979986572,3,2,306,6.0
la,LA,979986572,3,2,307,6.0
la,LA,979986572,3,2,308,6.0
la,LA,979986572,3,2,309,6.0
la,LA,979986572,3,2,310,6.0
la,LA,979986572,3,2,311,6.0
la,LA,979986572,3,2,312,5.0
la,LA,979986572,3,2,313,5.0
la,LA,979986572,3,2,314,5.0
la,LA,979986572,3,2,315,5.0
la,LA,979986572,3,2,316,5.0
la,LA,979986572,3,2,317,5.0
la,LA,979986572,3,2,318,5.0
la,LA,979986572,3,2,319,5.0
la,LA,979986572,3,2,320,4.0
la,LA,979986572,3,2,321,4.0
la,LA,979986572,3,2,322,4.0
la,LA,979986572,3,2,323,4.0
la,LA,979986572,3,2,324,4.0
la,LA,979986572,3,2,325,4.0
la,LA,979986572,3,2,326,4.0
la,LA,979986572,3,2,327,4.0
la,LA,979986572,3,2,328,3.0
la,LA,979986572,3,2,329,3.0
la,LA,979986572,3,2,330,3.0
la,LA,979986572,3,2,331,3.0
la,LA,979986572,3,2,332,3.0
la,LA,979986572,3,2,333,3.0
la,LA,979986572,3,2,334,3.0
la,LA,979986572,3,2,335,3.0
la,LA,979986572,3,2,336,2.0
la,LA,979986572,3,2,337,2.0
la,LA,979986572,3,2,338,2.0
la,LA,979986572,3,2,339,2.0
la,LA,979986572,3,2,340,2.0
la,LA,979986572,3,2,341,2.0
la,LA,979986572,3,2,342,2.0
la,LA,979986572,3,2,343,2.0
la,LA,979986572,3,2,344,2.0
la,LA,979986572,3,2,345,2.0
la,LA,979986572,3,2,346,2.0
la,LA,979986572,3,2,347,2.0
la,LA,979986572,3,2,348,1.0
la,LA,979986572,3,2,349,1.0
la,LA,979986572,3,2,350,1.0
la,LA,979986572,3,2,351,1.0
la,LA,979986572,3,2,352,1.0
la,LA,979986572,3,2,353,1.0
la,LA,979986572,3,2,354,1.0
la,LA,979986572,3,2,355,1.0
ca,CA,1884470933,0,0,0,16.0
ca,CA,1884470933,0,0,1,16.0
ca,CA,1884470933,0,0,2,16.0
ca,CA,1884470933,0,0,3,16.0
ca,CA,1884470933,0,0,4,16.0
ca,CA,1884470933,0,0,5,16.0
ca,CA,1884470933,0,0,6,16.0
ca,CA,1884470933,0,0,7,16.0
ca,CA,1884470933,0,0,8,16.0
ca,CA,1884470933,0,0,9,16.0
ca,CA,1884470933,0,0,10,16.0
ca,CA,1884470933,0,0,11,16.0
ca,CA,1884470933,0,0,12,16.0
ca,CA,1884470933,0,0,13,16.0
ca,CA,1884470933,0,0,14,16.0
ca,CA,1884470933,0,0,15,16.0
ca,CA,1884470933,0,0,16,16.0
ca,CA,1884470933,0,0,17,16.0
ca,CA,1884470933,0,0,18,16.0
ca,CA,1884470933,0,0,19,16.0
ca,CA,1884470933,0,0,20,16.0
ca,CA,1884470933,0,0,21,16.0
ca,CA,1884470933,0,0,22,16.0
ca,CA,1884470933,0,0,23,16.0
ca,CA,1884470933,0,0,24,16.0
ca,CA,1884470933,0,0,25,16.0
ca,CA,1884470933,0,0,26,16.0
ca,CA,1884470933,0,0,27,16.0
ca,CA,1884470933,0,0,28,15.0
ca,CA,1884470933,0,0,29,15.0
ca,CA,1884470933,0,0,30,15.0
ca,CA,1884470933,0,0,31,15.0
ca,CA,1884470933,0,0,32,11.0
ca,CA,1884470933,0,0,33,11.0
ca,CA,1884470933,0,0,34,11.0
ca,CA,1884470933,0,0,35,11.0
ca,CA,1884470933,0,0,36,11.0
ca,CA,1884470933,0,0,37,11.0
ca,CA,1884470933,0,0,38,11.0
ca,CA,1884470933,0,0,39,11.0
ca,CA,1884470933,0,0,40,11.0
ca,CA,1884470933,0,0,41,11.0
ca,CA,1884470933,0,0,42,11.0
ca,CA,1884470933,0,0,43,11.0
ca,CA,1884470933,0,0,44,11.0
ca,CA,1884470933,0,0,45,11.0
ca,CA,1884470933,0,0,46,11.0
ca,CA,1884470933,0,0,47,11.0
ca,CA,1884470933,0,0,48,11.0
ca,CA,1884470933,0,0,49,11.0
ca,CA,1884470933,0,0,50,11.0
ca,CA,1884470933,0,0,51,11.0
ca,CA,1884470933,0,0,52,11.0
ca,CA,1884470933,0,0,53,11.0
ca,CA,1884470933,0,0,54,11.0
ca,CA,1884470933,0,0,55,11.0
ca,CA,1884470933,0,0,56,11.0
ca,CA,1884470933,0,0,57,11.0
ca,CA,1884470933,0,0,58,11.0
ca,CA,1884470933,0,0,59,11.0
ca,CA,1884470933,0,0,60,11.0
ca,CA,1884470933,0,0,61,11.0
ca,CA,1884470933,0,0,62,11.0
ca,CA,1884470933,0,0,63,11.0
ca,CA,1884470933,0,0,64,11.0
ca,CA,1884470933,0,0,65,11.0
ca,CA,1884470933,0,0,66,11.0
ca,CA,1884470933,0,0,67,11.0
ca,CA,1884470933,0,0,68,11.0
ca,CA,1884470933,0,0,69,11.0
ca,CA,1884470933,0,0,70,11.0
ca,CA,1884470933,0,0,71,11.0
ca,CA,1884470933,0,0,72,11.0
ca,CA,1884470933,0,0,73,11.0
ca,CA,1884470933,0,0,74,11.0
ca,CA,1884470933,0,0,75,11.0
ca,CA,1884470933,0,0,76,11.0
ca,CA,1884470933,0,0,77,11.0
ca,CA,1884470933,0,0,78,11.0
ca,CA,1884470933,0,0,79,11.0
ca,CA,1884470933,0,0,80,11.0
ca,CA,1884470933,0,0,81,11.0
ca,CA,1884470933,0,0,82,11.0
ca,CA,1884470933,0,0,83,11.0
ca,CA,1884470933,0,0,84,11.0
ca,CA,1884470933,0,0,85,11.0
ca,CA,1884470933,0,0,86,11.0
ca,CA,1884470933,0,0,87,11.0
ca,CA,1884470933,0,0,88,11.0
ca,CA,1884470933,0,0,89,11.0
ca,CA,1884470933,0,0,90,11.0
ca,CA,1884470933,0,0,91,11.0
ca,CA,1884470933,0,0,92,11.0
ca,CA,1884470933,0,0,93,11.0
ca,CA,1884470933,0,0,94,11.0
ca,CA,1884470933,0,0,95,11.0
ca,CA,1884470933,0,0,96,11.0
ca,CA,1884470933,0,0,97,11.0
ca,CA,1884470933,0,0,98,11.0
ca,CA,1884470933,0,0,99,11.0
ca,CA,1884470933,0,0,100,10.0
ca,CA,1884470933,0,0,101,10.0
ca,CA,1884470933,0,0,102,10.0
ca,CA,1884470933,0,0,103,10.0
ca,CA,1884470933,0,0,104,10.0
ca,CA,1884470933,0,0,105,10.0
ca,CA,1884470933,0,0,106,10.0
ca,CA,1884470933,0,0,107,10.0
ca,CA,1884470933,0,0,108,10.0
ca,CA,1884470933,0,0,109,10.0
ca,CA,1884470933,0,0,110,10.0
ca,CA,1884470933,0,0,111,10.0
ca,CA,1884470933,0,0,112,10.0
ca,CA,1884470933,0,0,113,10.0
ca,CA,1884470933,0,0,114,10.0
ca,CA,1884470933,0,0,115,10.0
ca,CA,1884470933,0,0,116,10.0
ca,CA,1884470933,0,0,117,10.0
ca,CA,1884470933,0,0,118,10.0
ca,CA,1884470933,0,0,119,10.0
ca,CA,1884470933,0,0,120,10.0
ca,CA,1884470933,0,0,121,10.0
ca,CA,1884470933,0,0,122,10.0
ca,CA,1884470933,0,0,123,10.0
ca,CA,1884470933,0,0,124,10.0
ca,CA,1884470933,0,0,125,10.0
ca,CA,1884470933,0,0,126,10.0
ca,CA,1884470933,0,0,127,10.0
ca,CA,1884470933,0,0,128,10.0
ca,CA,1884470933,0,0,129,10.0
ca,CA,1884470933,0,0,130,10.0
ca,CA,1884470933,0,0,131,10.0
ca,CA,1884470933,0,0,132,10.0
ca,CA,1884470933,0,0,133,10.0
ca,CA,1884470933,0,0,134,10.0
ca,CA,1884470933,0,0,135,10.0
ca,CA,1884470933,0,0,136,10.0
ca,CA,1884470933,0,0,137,10.0
ca,CA,1884470933,0,0,138,10.0
ca,CA,1884470933,0,0,139,10.0
ca,CA,1884470933,0,0,140,9.0
ca,CA,1884470933,0,0,141,9.0
ca,CA,1884470933,0,0,142,9.0
ca,CA,1884470933,0,0,143,9.0
ca,CA,1884470933,0,0,144,9.0
ca,CA,1884470933,0,0,145,9.0
ca,CA,1884470933,0,0,146,9.0
ca,CA,1884470933,0,0,147,9.0
ca,CA,1884470933,0,0,148,9.0
ca,CA,1884470933,0,0,149,9.0
ca,CA,1884470933,0,0,150,9.0
ca,CA,1884470933,0,0,151,9.0
ca,CA,1884470933,0,0,152,9.0
ca,CA,1884470933,0,0,153,9.0
ca,CA,1884470933,0,0,154,9.0
ca,CA,1884470933,0,0,155,9.0
ca,CA,1884470933,0,0,156,9.0
ca,CA,1884470933,0,0,157,9.0
ca,CA,1884470933,0,0,158,9.0
ca,CA,1884470933,0,0,159,9.0
ca,CA,1884470933,0,0,160,9.0
ca,CA,1884470933,0,0,161,9.0
ca,CA,1884470933,0,0,162,9.0
ca,CA,1884470933,0,0,163,9.0
ca,CA,1884470933,0,0,164,9.0
ca,CA,1884470933,0,0,165,9.0
ca,CA,1884470933,0,0,166,9.0
ca,CA,1884470933,0,0,167,9.0
ca,CA,1884470933,0,0,168,9.0
ca,CA,1884470933,0,0,169,9.0
ca,CA,1884470933,0,0,170,9.0
ca,CA,1884470933,0,0,171,9.0
ca,CA,1884470933,0,0,172,8.0
ca,CA,1884470933,0,0,173,8.0
ca,CA,1884470933,0,0,174,8.0
ca,CA,1884470933,0,0,175,8.0
ca,CA,1884470933,0,0,176,8.0
ca,CA,1884470933,0,0,177,8.0
ca,CA,1884470933,0,0,178,8.0
ca,CA,1884470933,0,0,179,8.0
ca,CA,1884470933,0,0,180,8.0
ca,CA,1884470933,0,0,181,8.0
ca,CA,1884470933,0,0,182,8.0
ca,CA,1884470933,0,0,183,8.0
ca,CA,1884470933,0,0,184,8.0
ca,CA,1884470933,0,0,185,8.0
ca,CA,1884470933,0,0,186,8.0
ca,CA,1884470933,0,0,187,8.0
ca,CA,1884470933,0,0,188,8.0
ca,CA,1884470933,0,0,189,8.0
ca,CA,1884470933,0,0,190,8.0
ca,CA,1884470933,0,0,191,8.0
ca,CA,1884470933,0,0,192,8.0
ca,CA,1884470933,0,0,193,8.0
ca,CA,1884470933,0,0,194,8.0
ca,CA,1884470933,0,0,195,8.0
ca,CA,1884470933,0,0,196,8.0
ca,CA,1884470933,0,0,197,8.0
ca,CA,1884470933,0,0,198,8.0
ca,CA,1884470933,0,0,199,8.0
ca,CA,1884470933,0,0,200,8.0
ca,CA,1884470933,0,0,201,8.0
ca,CA,1884470933,0,0,202,8.0
ca,CA,1884470933,0,0,203,8.0
ca,CA,1884470933,0,0,204,8.0
ca,CA,1884470933,0,0,205,8.0
ca,CA,1884470933,0,0,206,8.0
ca,CA,1884470933,0,0,207,8.0
ca,CA,1884470933,0,0,208,8.0
ca,CA,1884470933,0,0,209,8.0
ca,CA,1884470933,0,0,210,8.0
ca,CA,1884470933,0,0,211,8.0
ca,CA,1884470933,0,0,212,8.0
ca,CA,1884470933,0,0,213,8.0
ca,CA,1884470933,0,0,214,8.0
ca,CA,1884470933,0,0,215,8.0
ca,CA,1884470933,0,0,216,8.0
ca,CA,1884470933,0,0,217,8.0
ca,CA,1884470933,0,0,218,8.0
ca,CA,1884470933,0,0,219,8.0
ca,CA,1884470933,0,0,220,8.0
ca,CA,1884470933,0,0,221,8.0
ca,CA,1884470933,0,0,222,8.0
ca,CA,1884470933,0,0,223,8.0
ca,CA,1884470933,0,0,224,8.0
ca,CA,1884470933,0,0,225,8.0
ca,CA,1884470933,0,0,226,8.0
ca,CA,1884470933,0,0,227,8.0
ca,CA,1884470933,0,0,228,8.0
ca,CA,1884470933,0,0,229,8.0
ca,CA,1884470933,0,0,230,8.0
ca,CA,1884470933,0,0,231,8.0
ca,CA,1884470933,0,0,232,8.0
ca,CA,1884470933,0,0,233,8.0
ca,CA,1884470933,0,0,234,8.0
ca,CA,1884470933,0,0,235,8.0
ca,CA,1884470933,0,0,236,8.0
ca,CA,1884470933,0,0,237,8.0
ca,CA,1884470933,0,0,238,8.0
ca,CA,1884470933,0,0,239,8.0
ca,CA,1884470933,0,0,240,8.0
ca,CA,1884470933,0,0,241,8.0
ca,CA,1884470933,0,0,242,8.0
ca,CA,1884470933,0,0,243,8.0
ca,CA,1884470933,0,0,244,8.0
ca,CA,1884470933,0,0,245,8.0
ca,CA,1884470933,0,0,246,8.0
ca,CA,1884470933,0,0,247,8.0
ca,CA,1884470933,0,0,248,8.0
ca,CA,1884470933,0,0,249,8.0
ca,CA,1884470933,0,0,250,8.0
ca,CA,1884470933,0,0,251,8.0
ca,CA,1884470933,0,0,252,8.0
ca,CA,1884470933,0,0,253,8.0
ca,CA,1884470933,0,0,254,8.0
ca,CA,1884470933,0,0,255,8.0
ca,CA,1884470933,0,0,256,8.0
ca,CA,1884470933,0,0,257,8.0
ca,CA,1884470933,0,0,258,8.0
ca,CA,1884470933,0,0,259,8.0
ca,CA,1884470933,0,0,260,8.0
ca,CA,1884470933,0,0,261,8.0
ca,CA,1884470933,0,0,262,8.0
ca,CA,1884470933,0,0,263,8.0
ca,CA,1884470933,0,0,264,8.0
ca,CA,1884470933,0,0,265,8.0
ca,CA,1884470933,0,0,266,8.0
ca,CA,1884470933,0,0,267,8.0
ca,CA,1884470933,0,0,268,8.0
ca,CA,1884470933,0,0,269,8.0
ca,CA,1884470933,0,0,270,8.0
ca,CA,1884470933,0,0,271,8.0
ca,CA,1884470933,0,0,272,7.0
ca,CA,1884470933,0,0,273,7.0
ca,CA,1884470933,0,0,274,7.0
ca,CA,1884470933,0,0,275,7.0
ca,CA,1884470933,0,0,276,7.0
ca,CA,1884470933,0,0,277,7.0
ca,CA,1884470933,0,0,278,7.0
ca,CA,1884470933,0,0,279,7.0
ca,CA,1884470933,0,0,280,7.0
ca,CA,1884470933,0,0,281,7.0
ca,CA,1884470933,0,0,282,7.0
ca,CA,1884470933,0,0,283,7.0
ca,CA,1884470933,0,0,284,7.0
ca,CA,1884470933,0,0,285,7.0
ca,CA,1884470933,0,0,286,7.0
ca,CA,1884470933,0,0,287,7.0
ca,CA,1884470933,0,0,288,6.0
ca,CA,1884470933,0,0,289,6.0
ca,CA,1884470933,0,0,290,6.0
ca,CA,1884470933,0,0,291,6.0
ca,CA,1884470933,0,0,292,6.0
ca,CA,1884470933,0,0,293,6.0
ca,CA,1884470933,0,0,294,6.0
ca,CA,1884470933,0,0,295,6.0
ca,CA,1884470933,0,0,296,6.0
ca,CA,1884470933,0,0,297,6.0
ca,CA,1884470933,0,0,298,6.0
ca,CA,1884470933,0,0,299,6.0
ca,CA,1884470933,0,0,300,6.0
ca,CA,1884470933,0,0,301,6.0
ca,CA,1884470933,0,0,302,6.0
ca,CA,1884470933,0,0,303,6.0
ca,CA,1884470933,0,0,304,6.0
ca,CA,1884470933,0,0,305,6.0
ca,CA,1884470933,0,0,306,6.0
ca,CA,1884470933,0,0,307,6.0
ca,CA,1884470933,0,0,308,6.0
ca,CA,1884470933,0,0,309,6.0
ca,CA,1884470933,0,0,310,6.0
ca,CA,1884470933,0,0,311,6.0
ca,CA,1884470933,0,0,312,5.0
ca,CA,1884470933,0,0,313,5.0
ca,CA,1884470933,0,0,314,5.0
ca,CA,1884470933,0,0,315,5.0
ca,CA,1884470933,0,0,316,5.0
ca,CA,1884470933,0,0,317,5.0
ca,CA,1884470933,0,0,318,5.0
ca,CA,1884470933,0,0,319,5.0
ca,CA,1884470933,0,0,320,4.0
ca,CA,1884470933,0,0,321,4.0
ca,CA,1884470933,0,0,322,4.0
ca,CA,1884470933,0,0,323,4.0
ca,CA,1884470933,0,0,324,4.0
ca,CA,1884470933,0,0,325,4.0
ca,CA,1884470933,0,0,326,4.0
ca,CA,1884470933,0,0,327,4.0
ca,CA,1884470933,0,0,328,3.0
ca,CA,1884470933,0,0,329,3.0
ca,CA,1884470933,0,0,330,3.0
ca,CA,1884470933,0,0,331,3.0
ca,CA,1884470933,0,0,332,3.0
ca,CA,1884470933,0,0,333,3.0
ca,CA,1884470933,0,0,334,3.0
ca,CA,1884470933,0,0,335,3.0
ca,CA,1884470933,0,0,336,2.0
ca,CA,1884470933,0,0,337,2.0
ca,CA,1884470933,0,0,338,2.0
ca,CA,1884470933,0,0,339,2.0
ca,CA,1884470933,0,0,340,2.0
ca,CA,1884470933,0,0,341,2.0
ca,CA,1884470933,0,0,342,2.0
ca,CA,1884470933,0,0,343,2.0
ca,CA,1884470933,0,0,344,2.0
ca,CA,1884470933,0,0,345,2.0
ca,CA,1884470933,0,0,346,2.0
ca,CA,1884470933,0,0,347,2.0
ca,CA,1884470933,0,0,348,1.0
ca,CA,1884470933,0,0,349,1.0
ca,CA,1884470933,0,0,350,1.0
ca,CA,1884470933,0,0,351,1.0
ca,CA,1884470933,0,0,352,1.0
ca,CA,1884470933,0,0,353,1.0
ca,CA,1884470933,0,0,354,1.0
ca,CA,1884470933,0,0,355,1.0
ca,CA,1884470933,0,1,0,16.0
ca,CA,1884470933,0,1,1,16.0
ca,CA,1884470933,0,1,2,16.0
ca,CA,1884470933,0,1,3,16.0
ca,CA,1884470933,0,1,4,16.0
ca,CA,1884470933,0,1,5,16.0
ca,CA,1884470933,0,1,6,16.0
ca,CA,1884470933,0,1,7,16.0
ca,CA,1884470933,0,1,8,16.0
ca,CA,1884470933,0,1,9,16.0
ca,CA,1884470933,0,1,10,16.0
ca,CA,1884470933,0,1,11,16.0
ca,CA,1884470933,0,1,12,16.0
ca,CA,1884470933,0,1,13,16.0
ca,CA,1884470933,0,1,14,16.0
ca,CA,1884470933,0,1,15,16.0
ca,CA,1884470933,0,1,16,16.0
ca,CA,1884470933,0,1,17,16.0
ca,CA,1884470933,0,1,18,16.0
ca,CA,1884470933,0,1,19,16.0
ca,CA,1884470933,0,1,20,16.0
ca,CA,1884470933,0,1,21,16.0
ca,CA,1884470933,0,1,22,16.0
ca,CA,1884470933,0,1,23,16.0
ca,CA,1884470933,0,1,24,16.0
ca,CA,1884470933,0,1,25,16.0
ca,CA,1884470933,0,1,26,16.0
ca,CA,1884470933,0,1,27,16.0
ca,CA,1884470933,0,1,28,15.0
ca,CA,1884470933,0,1,29,15.0
ca,CA,1884470933,0,1,30,15.0
ca,CA,1884470933,0,1,31,15.0
ca,CA,1884470933,0,1,32,11.0
ca,CA,1884470933,0,1,33,11.0
ca,CA,1884470933,0,1,34,11.0
ca,CA,1884470933,0,1,35,11.0
ca,CA,1884470933,0,1,36,11.0
ca,CA,1884470933,0,1,37,11.0
ca,CA,1884470933,0,1,38,11.0
ca,CA,1884470933,0,1,39,11.0
ca,CA,1884470933,0,1,40,11.0
ca,CA,1884470933,0,1,41,11.0
ca,CA,1884470933,0,1,42,11.0
ca,CA,1884470933,0,1,43,11.0
ca,CA,1884470933,0,1,44,11.0
ca,CA,1884470933,0,1,45,11.0
ca,CA,1884470933,0,1,46,11.0
ca,CA,1884470933,0,1,47,11.0
ca,CA,1884470933,0,1,48,11.0
ca,CA,1884470933,0,1,49,11.0
ca,CA,1884470933,0,1,50,11.0
ca,CA,1884470933,0,1,51,11.0
ca,CA,1884470933,0,1,52,11.0
ca,CA,1884470933,0,1,53,11.0
ca,CA,1884470933,0,1,54,11.0
ca,CA,1884470933,0,1,55,11.0
ca,CA,1884470933,0,1,56,11.0
ca,CA,1884470933,0,1,57,11.0
ca,CA,1884470933,0,1,58,11.0
ca,CA,1884470933,0,1,59,11.0
ca,CA,1884470933,0,1,60,11.0
ca,CA,1884470933,0,1,61,11.0
ca,CA,1884470933,0,1,62,11.0
ca,CA,1884470933,0,1,63,11.0
ca,CA,1884470933,0,1,64,11.0
ca,CA,1884470933,0,1,65,11.0
ca,CA,1884470933,0,1,66,11.0
ca,CA,1884470933,0,1,67,11.0
ca,CA,1884470933,0,1,68,11.0
ca,CA,1884470933,0,1,69,11.0
ca,CA,1884470933,0,1,70,11.0
ca,CA,1884470933,0,1,71,11.0
ca,CA,1884470933,0,1,72,11.0
ca,CA,1884470933,0,1,73,11.0
ca,CA,1884470933,0,1,74,11.0
ca,CA,1884470933,0,1,75,11.0
ca,CA,1884470933,0,1,76,11.0
ca,CA,1884470933,0,1,77,11.0
ca,CA,1884470933,0,1,78,11.0
ca,CA,1884470933,0,1,79,11.0
ca,CA,1884470933,0,1,80,11.0
ca,CA,1884470933,0,1,81,11.0
ca,CA,1884470933,0,1,82,11.0
ca,CA,1884470933,0,1,83,11.0
ca,CA,1884470933,0,1,84,11.0
ca,CA,1884470933,0,1,85,11.0
ca,CA,1884470933,0,1,86,11.0
ca,CA,1884470933,0,1,87,11.0
ca,CA,1884470933,0,1,88,11.0
ca,CA,1884470933,0,1,89,11.0
ca,CA,1884470933,0,1,90,11.0
ca,CA,1884470933,0,1,91,11.0
ca,CA,1884470933,0,1,92,11.0
ca,CA,1884470933,0,1,93,11.0
ca,CA,1884470933,0,1,94,11.0
ca,CA,1884470933,0,1,95,11.0
ca,CA,1884470933,0,1,96,11.0
ca,CA,1884470933,0,1,97,11.0
ca,CA,1884470933,0,1,98,11.0
ca,CA,1884470933,0,1,99,11.0
ca,CA,1884470933,0,1,100,10.0
ca,CA,1884470933,0,1,101,10.0
ca,CA,1884470933,0,1,102,10.0
ca,CA,1884470933,0,1,103,10.0
ca,CA,1884470933,0,1,104,10.0
ca,CA,1884470933,0,1,105,10.0
ca,CA,1884470933,0,1,106,10.0
ca,CA,1884470933,0,1,107,10.0
ca,CA,1884470933,0,1,108,10.0
ca,CA,1884470933,0,1,109,10.0
ca,CA,1884470933,0,1,110,10.0
ca,CA,1884470933,0,1,111,10.0
ca,CA,1884470933,0,1,112,10.0
ca,CA,1884470933,0,1,113,10.0
ca,CA,1884470933,0,1,114,10.0
ca,CA,1884470933,0,1,115,10.0
ca,CA,1884470933,0,1,116,10.0
ca,CA,1884470933,0,1,117,10.0
ca,CA,1884470933,0,1,118,10.0
ca,CA,1884470933,0,1,119,10.0
ca,CA,1884470933,0,1,120,10.0
ca,CA,1884470933,0,1,121,10.0
ca,CA,1884470933,0,1,122,10.0
ca,CA,1884470933,0,1,123,10.0
ca,CA,1884470933,0,1,124,10.0
ca,CA,1884470933,0,1,125,10.0
ca,CA,1884470933,0,1,126,10.0
ca,CA,1884470933,0,1,127,10.0
ca,CA,1884470933,0,1,128,10.0
ca,CA,1884470933,0,1,129,10.0
ca,CA,1884470933,0,1,130,10.0
ca,CA,1884470933,0,1,131,10.0
ca,CA,1884470933,0,1,132,10.0
ca,CA,1884470933,0,1,133,10.0
ca,CA,1884470933,0,1,134,10.0
ca,CA,1884470933,0,1,135,10.0
ca,CA,1884470933,0,1,136,10.0
ca,CA,1884470933,0,1,137,10.0
ca,CA,1884470933,0,1,138,10.0
ca,CA,1884470933,0,1,139,10.0
ca,CA,1884470933,0,1,140,9.0
ca,CA,1884470933,0,1,141,9.0
ca,CA,1884470933,0,1,142,9.0
ca,CA,1884470933,0,1,143,9.0
ca,CA,1884470933,0,1,144,9.0
ca,CA,1884470933,0,1,145,9.0
ca,CA,1884470933,0,1,146,9.0
ca,CA,1884470933,0,1,147,9.0
ca,CA,1884470933,0,1,148,9.0
ca,CA,1884470933,0,1,149,9.0
ca,CA,1884470933,0,1,150,9.0
ca,CA,1884470933,0,1,151,9.0
ca,CA,1884470933,0,1,152,9.0
ca,CA,1884470933,0,1,153,9.0
ca,CA,1884470933,0,1,154,9.0
ca,CA,1884470933,0,1,155,9.0
ca,CA,1884470933,0,1,156,9.0
ca,CA,1884470933,0,1,157,9.0
ca,CA,1884470933,0,1,158,9.0
ca,CA,1884470933,0,1,159,9.0
ca,CA,1884470933,0,1,160,9.0
ca,CA,1884470933,0,1,161,9.0
ca,CA,1884470933,0,1,162,9.0
ca,CA,1884470933,0,1,163,9.0
ca,CA,1884470933,0,1,164,9.0
ca,CA,1884470933,0,1,165,9.0
ca,CA,1884470933,0,1,166,9.0
ca,CA,1884470933,0,1,167,9.0
ca,CA,1884470933,0,1,168,9.0
ca,CA,1884470933,0,1,169,9.0
ca,CA,1884470933,0,1,170,9.0
ca,CA,1884470933,0,1,171,9.0
ca,CA,1884470933,0,1,172,8.0
ca,CA,1884470933,0,1,173,8.0
ca,CA,1884470933,0,1,174,8.0
ca,CA,1884470933,0,1,175,8.0
ca,CA,1884470933,0,1,176,8.0
ca,CA,1884470933,0,1,177,8.0
ca,CA,1884470933,0,1,178,8.0
ca,CA,1884470933,0,1,179,8.0
ca,CA,1884470933,0,1,180,8.0
ca,CA,1884470933,0,1,181,8.0
ca,CA,1884470933,0,1,182,8.0
ca,CA,1884470933,0,1,183,8.0
ca,CA,1884470933,0,1,184,8.0
ca,CA,1884470933,0,1,185,8.0
ca,CA,1884470933,0,1,186,8.0
ca,CA,1884470933,0,1,187,8.0
ca,CA,1884470933,0,1,188,8.0
ca,CA,1884470933,0,1,189,8.0
ca,CA,1884470933,0,1,190,8.0
ca,CA,1884470933,0,1,191,8.0
ca,CA,1884470933,0,1,192,8.0
ca,CA,1884470933,0,1,193,8.0
ca,CA,1884470933,0,1,194,8.0
ca,CA,1884470933,0,1,195,8.0
ca,CA,1884470933,0,1,196,8.0
ca,CA,1884470933,0,1,197,8.0
ca,CA,1884470933,0,1,198,8.0
ca,CA,1884470933,0,1,199,8.0
ca,CA,1884470933,0,1,200,8.0
ca,CA,1884470933,0,1,201,8.0
ca,CA,1884470933,0,1,202,8.0
ca,CA,1884470933,0,1,203,8.0
ca,CA,1884470933,0,1,204,8.0
ca,CA,1884470933,0,1,205,8.0
ca,CA,1884470933,0,1,206,8.0
ca,CA,1884470933,0,1,207,8.0
ca,CA,1884470933,0,1,208,8.0
ca,CA,1884470933,0,1,209,8.0
ca,CA,1884470933,0,1,210,8.0
ca,CA,1884470933,0,1,211,8.0
ca,CA,1884470933,0,1,212,8.0
ca,CA,1884470933,0,1,213,8.0
ca,CA,1884470933,0,1,214,8.0
ca,CA,1884470933,0,1,215,8.0
ca,CA,1884470933,0,1,216,8.0
ca,CA,1884470933,0,1,217,8.0
ca,CA,1884470933,0,1,218,8.0
ca,CA,1884470933,0,1,219,8.0
ca,CA,1884470933,0,1,220,8.0
ca,CA,1884470933,0,1,221,8.0
ca,CA,1884470933,0,1,222,8.0
ca,CA,1884470933,0,1,223,8.0
ca,CA,1884470933,0,1,224,8.0
ca,CA,1884470933,0,1,225,8.0
ca,CA,1884470933,0,1,226,8.0
ca,CA,1884470933,0,1,227,8.0
ca,CA,1884470933,0,1,228,8.0
ca,CA,1884470933,0,1,229,8.0
ca,CA,1884470933,0,1,230,8.0
ca,CA,1884470933,0,1,231,8.0
ca,CA,1884470933,0,1,232,8.0
ca,CA,1884470933,0,1,233,8.0
ca,CA,1884470933,0,1,234,8.0
ca,CA,1884470933,0,1,235,8.0
ca,CA,1884470933,0,1,236,8.0
ca,CA,1884470933,0,1,237,8.0
ca,CA,1884470933,0,1,238,8.0
ca,CA,1884470933,0,1,239,8.0
ca,CA,1884470933,0,1,240,8.0
ca,CA,1884470933,0,1,241,8.0
ca,CA,1884470933,0,1,242,8.0
ca,CA,1884470933,0,1,243,8.0
ca,CA,1884470933,0,1,244,8.0
ca,CA,1884470933,0,1,245,8.0
ca,CA,1884470933,0,1,246,8.0
ca,CA,1884470933,0,1,247,8.0
ca,CA,1884470933,0,1,248,8.0
ca,CA,1884470933,0,1,249,8.0
ca,CA,1884470933,0,1,250,8.0
ca,CA,1884470933,0,1,251,8.0
ca,CA,1884470933,0,1,252,8.0
ca,CA,1884470933,0,1,253,8.0
ca,CA,1884470933,0,1,254,8.0
ca,CA,1884470933,0,1,255,8.0
ca,CA,1884470933,0,1,256,8.0
ca,CA,1884470933,0,1,257,8.0
ca,CA,1884470933,0,1,258,8.0
ca,CA,1884470933,0,1,259,8.0
ca,CA,1884470933,0,1,260,8.0
ca,CA,1884470933,0,1,261,8.0
ca,CA,1884470933,0,1,262,8.0
ca,CA,1884470933,0,1,263,8.0
ca,CA,1884470933,0,1,264,8.0
ca,CA,1884470933,0,1,265,8.0
ca,CA,1884470933,0,1,266,8.0
ca,CA,1884470933,0,1,267,8.0
ca,CA,1884470933,0,1,268,8.0
ca,CA,1884470933,0,1,269,8.0
ca,CA,1884470933,0,1,270,8.0
ca,CA,1884470933,0,1,271,8.0
ca,CA,1884470933,0,1,272,7.0
ca,CA,1884470933,0,1,273,7.0
ca,CA,1884470933,0,1,274,7.0
ca,CA,1884470933,0,1,275,7.0
ca,CA,1884470933,0,1,276,7.0
ca,CA,1884470933,0,1,277,7.0
ca,CA,1884470933,0,1,278,7.0
ca,CA,1884470933,0,1,279,7.0
ca,CA,1884470933,0,1,280,7.0
ca,CA,1884470933,0,1,281,7.0
ca,CA,1884470933,0,1,282,7.0
ca,CA,1884470933,0,1,283,7.0
ca,CA,1884470933,0,1,284,7.0
ca,CA,1884470933,0,1,285,7.0
ca,CA,1884470933,0,1,286,7.0
ca,CA,1884470933,0,1,287,7.0
ca,CA,1884470933,0,1,288,6.0
ca,CA,1884470933,0,1,289,6.0
ca,CA,1884470933,0,1,290,6.0
ca,CA,1884470933,0,1,291,6.0
ca,CA,1884470933,0,1,292,6.0
ca,CA,1884470933,0,1,293,6.0
ca,CA,1884470933,0,1,294,6.0
ca,CA,1884470933,0,1,295,6.0
ca,CA,1884470933,0,1,296,6.0
ca,CA,1884470933,0,1,297,6.0
ca,CA,1884470933,0,1,298,6.0
ca,CA,1884470933,0,1,299,6.0
ca,CA,1884470933,0,1,300,6.0
ca,CA,1884470933,0,1,301,6.0
ca,CA,1884470933,0,1,302,6.0
ca,CA,1884470933,0,1,303,6.0
ca,CA,1884470933,0,1,304,6.0
ca,CA,1884470933,0,1,305,6.0
ca,CA,1884470933,0,1,306,6.0
ca,CA,1884470933,0,1,307,6.0
ca,CA,1884470933,0,1,308,6.0
ca,CA,1884470933,0,1,309,6.0
ca,CA,1884470933,0,1,310,6.0
ca,CA,1884470933,0,1,311,6.0
ca,CA,1884470933,0,1,312,5.0
ca,CA,1884470933,0,1,313,5.0
ca,CA,1884470933,0,1,314,5.0
ca,CA,1884470933,0,1,315,5.0
ca,CA,1884470933,0,1,316,5.0
ca,CA,1884470933,0,1,317,5.0
ca,CA,1884470933,0,1,318,5.0
ca,CA,1884470933,0,1,319,5.0
ca,CA,1884470933,0,1,320,4.0
ca,CA,1884470933,0,1,321,4.0
ca,CA,1884470933,0,1,322,4.0
ca,CA,1884470933,0,1,323,4.0
ca,CA,1884470933,0,1,324,4.0
ca,CA,1884470933,0,1,325,4.0
ca,CA,1884470933,0,1,326,4.0
ca,CA,1884470933,0,1,327,4.0
ca,CA,1884470933,0,1,328,3.0
ca,CA,1884470933,0,1,329,3.0
ca,CA,1884470933,0,1,330,3.0
ca,CA,1884470933,0,1,331,3.0
ca,CA,1884470933,0,1,332,3.0
ca,CA,1884470933,0,1,333,3.0
ca,CA,1884470933,0,1,334,3.0
ca,CA,1884470933,0,1,335,3.0
ca,CA,1884470933,0,1,336,2.0
ca,CA,1884470933,0,1,337,2.0
ca,CA,1884470933,0,1,338,2.0
ca,CA,1884470933,0,1,339,2.0
ca,CA,1884470933,0,1,340,2.0
ca,CA,1884470933,0,1,341,2.0
ca,CA,1884470933,0,1,342,2.0
ca,CA,1884470933,0,1,343,2.0
ca,CA,1884470933,0,1,344,2.0
ca,CA,1884470933,0,1,345,2.0
ca,CA,1884470933,0,1,346,2.0
ca,CA,1884470933,0,1,347,2.0
ca,CA,1884470933,0,1,348,1.0
ca,CA,1884470933,0,1,349,1.0
ca,CA,1884470933,0,1,350,1.0
ca,CA,1884470933,0,1,351,1.0
ca,CA,1884470933,0,1,352,1.0
ca,CA,1884470933,0,1,353,1.0
ca,CA,1884470933,0,1,354,1.0
ca,CA,1884470933,0,1,355,1.0
ca,CA,1884470933,0,2,0,16.0
ca,CA,1884470933,0,2,1,16.0
ca,CA,1884470933,0,2,2,16.0
ca,CA,1884470933,0,2,3,16.0
ca,CA,1884470933,0,2,4,16.0
ca,CA,1884470933,0,2,5,16.0
ca,CA,1884470933,0,2,6,16.0
ca,CA,1884470933,0,2,7,16.0
ca,CA,1884470933,0,2,8,16.0
ca,CA,1884470933,0,2,9,16.0
ca,CA,1884470933,0,2,10,16.0
ca,CA,1884470933,0,2,11,16.0
ca,CA,1884470933,0,2,12,16.0
ca,CA,1884470933,0,2,13,16.0
ca,CA,1884470933,0,2,14,16.0
ca,CA,1884470933,0,2,15,16.0
ca,CA,1884470933,0,2,16,16.0
ca,CA,1884470933,0,2,17,16.0
ca,CA,1884470933,0,2,18,16.0
ca,CA,1884470933,0,2,19,16.0
ca,CA,1884470933,0,2,20,16.0
ca,CA,1884470933,0,2,21,16.0
ca,CA,1884470933,0,2,22,16.0
ca,CA,1884470933,0,2,23,16.0
ca,CA,1884470933,0,2,24,16.0
ca,CA,1884470933,0,2,25,16.0
ca,CA,1884470933,0,2,26,16.0
ca,CA,1884470933,0,2,27,16.0
ca,CA,1884470933,0,2,28,15.0
ca,CA,1884470933,0,2,29,15.0
ca,CA,1884470933,0,2,30,15.0
ca,CA,1884470933,0,2,31,15.0
ca,CA,1884470933,0,2,32,11.0
ca,CA,1884470933,0,2,33,11.0
ca,CA,1884470933,0,2,34,11.0
ca,CA,1884470933,0,2,35,11.0
ca,CA,1884470933,0,2,36,11.0
ca,CA,1884470933,0,2,37,11.0
ca,CA,1884470933,0,2,38,11.0
ca,CA,1884470933,0,2,39,11.0
ca,CA,1884470933,0,2,40,11.0
ca,CA,1884470933,0,2,41,11.0
ca,CA,1884470933,0,2,42,11.0
ca,CA,1884470933,0,2,43,11.0
ca,CA,1884470933,0,2,44,11.0
ca,CA,1884470933,0,2,45,11.0
ca,CA,1884470933,0,2,46,11.0
ca,CA,1884470933,0,2,47,11.0
ca,CA,1884470933,0,2,48,11.0
ca,CA,1884470933,0,2,49,11.0
ca,CA,1884470933,0,2,50,11.0
ca,CA,1884470933,0,2,51,11.0
ca,CA,1884470933,0,2,52,11.0
ca,CA,1884470933,0,2,53,11.0
ca,CA,1884470933,0,2,54,11.0
ca,CA,1884470933,0,2,55,11.0
ca,CA,1884470933,0,2,56,11.0
ca,CA,1884470933,0,2,57,11.0
ca,CA,1884470933,0,2,58,11.0
ca,CA,1884470933,0,2,59,11.0
ca,CA,1884470933,0,2,60,11.0
ca,CA,1884470933,0,2,61,11.0
ca,CA,1884470933,0,2,62,11.0
ca,CA,1884470933,0,2,63,11.0
ca,CA,1884470933,0,2,64,11.0
ca,CA,1884470933,0,2,65,11.0
ca,CA,1884470933,0,2,66,11.0
ca,CA,1884470933,0,2,67,11.0
ca,CA,1884470933,0,2,68,11.0
ca,CA,1884470933,0,2,69,11.0
ca,CA,1884470933,0,2,70,11.0
ca,CA,1884470933,0,2,71,11.0
ca,CA,1884470933,0,2,72,11.0
ca,CA,1884470933,0,2,73,11.0
ca,CA,1884470933,0,2,74,11.0
ca,CA,1884470933,0,2,75,11.0
ca,CA,1884470933,0,2,76,11.0
ca,CA,1884470933,0,2,77,11.0
ca,CA,1884470933,0,2,78,11.0
ca,CA,1884470933,0,2,79,11.0
ca,CA,1884470933,0,2,80,11.0
ca,CA,1884470933,0,2,81,11.0
ca,CA,1884470933,0,2,82,11.0
ca,CA,1884470933,0,2,83,11.0
ca,CA,1884470933,0,2,84,11.0
ca,CA,1884470933,0,2,85,11.0
ca,CA,1884470933,0,2,86,11.0
ca,CA,1884470933,0,2,87,11.0
ca,CA,1884470933,0,2,88,11.0
ca,CA,1884470933,0,2,89,11.0
ca,CA,1884470933,0,2,90,11.0
ca,CA,1884470933,0,2,91,11.0
ca,CA,1884470933,0,2,92,11.0
ca,CA,1884470933,0,2,93,11.0
ca,CA,1884470933,0,2,94,11.0
ca,CA,1884470933,0,2,95,11.0
ca,CA,1884470933,0,2,96,11.0
ca,CA,1884470933,0,2,97,11.0
ca,CA,1884470933,0,2,98,11.0
ca,CA,1884470933,0,2,99,11.0
ca,CA,1884470933,0,2,100,10.0
ca,CA,1884470933,0,2,101,10.0
ca,CA,1884470933,0,2,102,10.0
ca,CA,1884470933,0,2,103,10.0
ca,CA,1884470933,0,2,104,10.0
ca,CA,1884470933,0,2,105,10.0
ca,CA,1884470933,0,2,106,10.0
ca,CA,1884470933,0,2,107,10.0
ca,CA,1884470933,0,2,108,10.0
ca,CA,1884470933,0,2,109,10.0
ca,CA,1884470933,0,2,110,10.0
ca,CA,1884470933,0,2,111,10.0
ca,CA,1884470933,0,2,112,10.0
ca,CA,1884470933,0,2,113,10.0
ca,CA,1884470933,0,2,114,10.0
ca,CA,1884470933,0,2,115,10.0
ca,CA,1884470933,0,2,116,10.0
ca,CA,1884470933,0,2,117,10.0
ca,CA,1884470933,0,2,118,10.0
ca,CA,1884470933,0,2,119,10.0
ca,CA,1884470933,0,2,120,10.0
ca,CA,1884470933,0,2,121,10.0
ca,CA,1884470933,0,2,122,10.0
ca,CA,1884470933,0,2,123,10.0
ca,CA,1884470933,0,2,124,10.0
ca,CA,1884470933,0,2,125,10.0
ca,CA,1884470933,0,2,126,10.0
ca,CA,1884470933,0,2,127,10.0
ca,CA,1884470933,0,2,128,10.0
ca,CA,1884470933,0,2,129,10.0
ca,CA,1884470933,0,2,130,10.0
ca,CA,1884470933,0,2,131,10.0
ca,CA,1884470933,0,2,132,10.0
ca,CA,1884470933,0,2,133,10.0
ca,CA,1884470933,0,2,134,10.0
ca,CA,1884470933,0,2,135,10.0
ca,CA,1884470933,0,2,136,10.0
ca,CA,1884470933,0,2,137,10.0
ca,CA,1884470933,0,2,138,10.0
ca,CA,1884470933,0,2,139,10.0
ca,CA,1884470933,0,2,140,9.0
ca,CA,1884470933,0,2,141,9.0
ca,CA,1884470933,0,2,142,9.0
ca,CA,1884470933,0,2,143,9.0
ca,CA,1884470933,0,2,144,9.0
ca,CA,1884470933,0,2,145,9.0
ca,CA,1884470933,0,2,146,9.0
ca,CA,1884470933,0,2,147,9.0
ca,CA,1884470933,0,2,148,9.0
ca,CA,1884470933,0,2,149,9.0
ca,CA,1884470933,0,2,150,9.0
ca,CA,1884470933,0,2,151,9.0
ca,CA,1884470933,0,2,152,9.0
ca,CA,1884470933,0,2,153,9.0
ca,CA,1884470933,0,2,154,9.0
ca,CA,1884470933,0,2,155,9.0
ca,CA,1884470933,0,2,156,9.0
ca,CA,1884470933,0,2,157,9.0
ca,CA,1884470933,0,2,158,9.0
ca,CA,1884470933,0,2,159,9.0
ca,CA,1884470933,0,2,160,9.0
ca,CA,1884470933,0,2,161,9.0
ca,CA,1884470933,0,2,162,9.0
ca,CA,1884470933,0,2,163,9.0
ca,CA,1884470933,0,2,164,9.0
ca,CA,1884470933,0,2,165,9.0
ca,CA,1884470933,0,2,166,9.0
ca,CA,1884470933,0,2,167,9.0
ca,CA,1884470933,0,2,168,9.0
ca,CA,1884470933,0,2,169,9.0
ca,CA,1884470933,0,2,170,9.0
ca,CA,1884470933,0,2,171,9.0
ca,CA,1884470933,0,2,172,8.0
ca,CA,1884470933,0,2,173,8.0
ca,CA,1884470933,0,2,174,8.0
ca,CA,1884470933,0,2,175,8.0
ca,CA,1884470933,0,2,176,8.0
ca,CA,1884470933,0,2,177,8.0
ca,CA,1884470933,0,2,178,8.0
ca,CA,1884470933,0,2,179,8.0
ca,CA,1884470933,0,2,180,8.0
ca,CA,1884470933,0,2,181,8.0
ca,CA,1884470933,0,2,182,8.0
ca,CA,1884470933,0,2,183,8.0
ca,CA,1884470933,0,2,184,8.0
ca,CA,1884470933,0,2,185,8.0
ca,CA,1884470933,0,2,186,8.0
ca,CA,1884470933,0,2,187,8.0
ca,CA,1884470933,0,2,188,8.0
ca,CA,1884470933,0,2,189,8.0
ca,CA,1884470933,0,2,190,8.0
ca,CA,1884470933,0,2,191,8.0
ca,CA,1884470933,0,2,192,8.0
ca,CA,1884470933,0,2,193,8.0
ca,CA,1884470933,0,2,194,8.0
ca,CA,1884470933,0,2,195,8.0
ca,CA,1884470933,0,2,196,8.0
ca,CA,1884470933,0,2,197,8.0
ca,CA,1884470933,0,2,198,8.0
ca,CA,1884470933,0,2,199,8.0
ca,CA,1884470933,0,2,200,8.0
ca,CA,1884470933,0,2,201,8.0
ca,CA,1884470933,0,2,202,8.0
ca,CA,1884470933,0,2,203,8.0
ca,CA,1884470933,0,2,204,8.0
ca,CA,1884470933,0,2,205,8.0
ca,CA,1884470933,0,2,206,8.0
ca,CA,1884470933,0,2,207,8.0
ca,CA,1884470933,0,2,208,8.0
ca,CA,1884470933,0,2,209,8.0
ca,CA,1884470933,0,2,210,8.0
ca,CA,1884470933,0,2,211,8.0
ca,CA,1884470933,0,2,212,8.0
ca,CA,1884470933,0,2,213,8.0
ca,CA,1884470933,0,2,214,8.0
ca,CA,1884470933,0,2,215,8.0
ca,CA,1884470933,0,2,216,8.0
ca,CA,1884470933,0,2,217,8.0
ca,CA,1884470933,0,2,218,8.0
ca,CA,1884470933,0,2,219,8.0
ca,CA,1884470933,0,2,220,8.0
ca,CA,1884470933,0,2,221,8.0
ca,CA,1884470933,0,2,222,8.0
ca,CA,1884470933,0,2,223,8.0
ca,CA,1884470933,0,2,224,8.0
ca,CA,1884470933,0,2,225,8.0
ca,CA,1884470933,0,2,226,8.0
ca,CA,1884470933,0,2,227,8.0
ca,CA,1884470933,0,2,228,8.0
ca,CA,1884470933,0,2,229,8.0
ca,CA,1884470933,0,2,230,8.0
ca,CA,1884470933,0,2,231,8.0
ca,CA,1884470933,0,2,232,8.0
ca,CA,1884470933,0,2,233,8.0
ca,CA,1884470933,0,2,234,8.0
ca,CA,1884470933,0,2,235,8.0
ca,CA,1884470933,0,2,236,8.0
ca,CA,1884470933,0,2,237,8.0
ca,CA,1884470933,0,2,238,8.0
ca,CA,1884470933,0,2,239,8.0
ca,CA,1884470933,0,2,240,8.0
ca,CA,1884470933,0,2,241,8.0
ca,CA,1884470933,0,2,242,8.0
ca,CA,1884470933,0,2,243,8.0
ca,CA,1884470933,0,2,244,8.0
ca,CA,1884470933,0,2,245,8.0
ca,CA,1884470933,0,2,246,8.0
ca,CA,1884470933,0,2,247,8.0
ca,CA,1884470933,0,2,248,8.0
ca,CA,1884470933,0,2,249,8.0
ca,CA,1884470933,0,2,250,8.0
ca,CA,1884470933,0,2,251,8.0
ca,CA,1884470933,0,2,252,8.0
ca,CA,1884470933,0,2,253,8.0
ca,CA,1884470933,0,2,254,8.0
ca,CA,1884470933,0,2,255,8.0
ca,CA,1884470933,0,2,256,8.0
ca,CA,1884470933,0,2,257,8.0
ca,CA,1884470933,0,2,258,8.0
ca,CA,1884470933,0,2,259,8.0
ca,CA,1884470933,0,2,260,8.0
ca,CA,1884470933,0,2,261,8.0
ca,CA,1884470933,0,2,262,8.0
ca,CA,1884470933,0,2,263,8.0
ca,CA,1884470933,0,2,264,8.0
ca,CA,1884470933,0,2,265,8.0
ca,CA,1884470933,0,2,266,8.0
ca,CA,1884470933,0,2,267,8.0
ca,CA,1884470933,0,2,268,8.0
ca,CA,1884470933,0,2,269,8.0
ca,CA,1884470933,0,2,270,8.0
ca,CA,1884470933,0,2,271,8.0
ca,CA,1884470933,0,2,272,7.0
ca,CA,1884470933,0,2,273,7.0
ca,CA,1884470933,0,2,274,7.0
ca,CA,1884470933,0,2,275,7.0
ca,CA,1884470933,0,2,276,7.0
ca,CA,1884470933,0,2,277,7.0
ca,CA,1884470933,0,2,278,7.0
ca,CA,1884470933,0,2,279,7.0
ca,CA,1884470933,0,2,280,7.0
ca,CA,1884470933,0,2,281,7.0
ca,CA,1884470933,0,2,282,7.0
ca,CA,1884470933,0,2,283,7.0
ca,CA,1884470933,0,2,284,7.0
ca,CA,1884470933,0,2,285,7.0
ca,CA,1884470933,0,2,286,7.0
ca,CA,1884470933,0,2,287,7.0
ca,CA,1884470933,0,2,288,6.0
ca,CA,1884470933,0,2,289,6.0
ca,CA,1884470933,0,2,290,6.0
ca,CA,1884470933,0,2,291,6.0
ca,CA,1884470933,0,2,292,6.0
ca,CA,1884470933,0,2,293,6.0
ca,CA,1884470933,0,2,294,6.0
ca,CA,1884470933,0,2,295,6.0
ca,CA,1884470933,0,2,296,6.0
ca,CA,1884470933,0,2,297,6.0
ca,CA,1884470933,0,2,298,6.0
ca,CA,1884470933,0,2,299,6.0
ca,CA,1884470933,0,2,300,6.0
ca,CA,1884470933,0,2,301,6.0
ca,CA,1884470933,0,2,302,6.0
ca,CA,1884470933,0,2,303,6.0
ca,CA,1884470933,0,2,304,6.0
ca,CA,1884470933,0,2,305,6.0
ca,CA,1884470933,0,2,306,6.0
ca,CA,1884470933,0,2,307,6.0
ca,CA,1884470933,0,2,308,6.0
ca,CA,1884470933,0,2,309,6.0
ca,CA,1884470933,0,2,310,6.0
ca,CA,1884470933,0,2,311,6.0
ca,CA,1884470933,0,2,312,5.0
ca,CA,1884470933,0,2,313,5.0
ca,CA,1884470933,0,2,314,5.0
ca,CA,1884470933,0,2,315,5.0
ca,CA,1884470933,0,2,316,5.0
ca,CA,1884470933,0,2,317,5.0
ca,CA,1884470933,0,2,318,5.0
ca,CA,1884470933,0,2,319,5.0
ca,CA,1884470933,0,2,320,4.0
ca,CA,1884470933,0,2,321,4.0
ca,CA,1884470933,0,2,322,4.0
ca,CA,1884470933,0,2,323,4.0
ca,CA,1884470933,0,2,324,4.0
ca,CA,1884470933,0,2,325,4.0
ca,CA,1884470933,0,2,326,4.0
ca,CA,1884470933,0,2,327,4.0
ca,CA,1884470933,0,2,328,3.0
ca,CA,1884470933,0,2,329,3.0
ca,CA,1884470933,0,2,330,3.0
ca,CA,1884470933,0,2,331,3.0
ca,CA,1884470933,0,2,332,3.0
ca,CA,1884470933,0,2,333,3.0
ca,CA,1884470933,0,2,334,3.0
ca,CA,1884470933,0,2,335,3.0
ca,CA,1884470933,0,2,336,2.0
ca,CA,1884470933,0,2,337,2.0
ca,CA,1884470933,0,2,338,2.0
ca,CA,1884470933,0,2,339,2.0
ca,CA,1884470933,0,2,340,2.0
ca,CA,1884470933,0,2,341,2.0
ca,CA,1884470933,0,2,342,2.0
ca,CA,1884470933,0,2,343,2.0
ca,CA,1884470933,0,2,344,2.0
ca,CA,1884470933,0,2,345,2.0
ca,CA,1884470933,0,2,346,2.0
ca,CA,1884470933,0,2,347,2.0
ca,CA,1884470933,0,2,348,1.0
ca,CA,1884470933,0,2,349,1.0
ca,CA,1884470933,0,2,350,1.0
ca,CA,1884470933,0,2,351,1.0
ca,CA,1884470933,0,2,352,1.0
ca,CA,1884470933,0,2,353,1.0
ca,CA,1884470933,0,2,354,1.0
ca,CA,1884470933,0,2,355,1.0
ca,CA,1884470933,1,0,0,16.0
ca,CA,1884470933,1,0,1,16.0
ca,CA,1884470933,1,0,2,16.0
ca,CA,1884470933,1,0,3,16.0
ca,CA,1884470933,1,0,4,16.0
ca,CA,1884470933,1,0,5,16.0
ca,CA,1884470933,1,0,6,16.0
ca,CA,1884470933,1,0,7,16.0
ca,CA,1884470933,1,0,8,16.0
ca,CA,1884470933,1,0,9,16.0
ca,CA,1884470933,1,0,10,16.0
ca,CA,1884470933,1,0,11,16.0
ca,CA,1884470933,1,0,12,16.0
ca,CA,1884470933,1,0,13,16.0
ca,CA,1884470933,1,0,14,16.0
ca,CA,1884470933,1,0,15,16.0
ca,CA,1884470933,1,0,16,16.0
ca,CA,1884470933,1,0,17,16.0
ca,CA,1884470933,1,0,18,16.0
ca,CA,1884470933,1,0,19,16.0
ca,CA,1884470933,1,0,20,16.0
ca,CA,1884470933,1,0,21,16.0
ca,CA,1884470933,1,0,22,16.0
ca,CA,1884470933,1,0,23,16.0
ca,CA,1884470933,1,0,24,16.0
ca,CA,1884470933,1,0,25,16.0
ca,CA,1884470933,1,0,26,16.0
ca,CA,1884470933,1,0,27,16.0
ca,CA,1884470933,1,0,28,15.0
ca,CA,1884470933,1,0,29,15.0
ca,CA,1884470933,1,0,30,15.0
ca,CA,1884470933,1,0,31,15.0
ca,CA,1884470933,1,0,32,11.0
ca,CA,1884470933,1,0,33,11.0
ca,CA,1884470933,1,0,34,11.0
ca,CA,1884470933,1,0,35,11.0
ca,CA,1884470933,1,0,36,11.0
ca,CA,1884470933,1,0,37,11.0
ca,CA,1884470933,1,0,38,11.0
ca,CA,1884470933,1,0,39,11.0
ca,CA,1884470933,1,0,40,11.0
ca,CA,1884470933,1,0,41,11.0
ca,CA,1884470933,1,0,42,11.0
ca,CA,1884470933,1,0,43,11.0
ca,CA,1884470933,1,0,44,11.0
ca,CA,1884470933,1,0,45,11.0
ca,CA,1884470933,1,0,46,11.0
ca,CA,1884470933,1,0,47,11.0
ca,CA,1884470933,1,0,48,11.0
ca,CA,1884470933,1,0,49,11.0
ca,CA,1884470933,1,0,50,11.0
ca,CA,1884470933,1,0,51,11.0
ca,CA,1884470933,1,0,52,11.0
ca,CA,1884470933,1,0,53,11.0
ca,CA,1884470933,1,0,54,11.0
ca,CA,1884470933,1,0,55,11.0
ca,CA,1884470933,1,0,56,11.0
ca,CA,1884470933,1,0,57,11.0
ca,CA,1884470933,1,0,58,11.0
ca,CA,1884470933,1,0,59,11.0
ca,CA,1884470933,1,0,60,11.0
ca,CA,1884470933,1,0,61,11.0
ca,CA,1884470933,1,0,62,11.0
ca,CA,1884470933,1,0,63,11.0
ca,CA,1884470933,1,0,64,11.0
ca,CA,1884470933,1,0,65,11.0
ca,CA,1884470933,1,0,66,11.0
ca,CA,1884470933,1,0,67,11.0
ca,CA,1884470933,1,0,68,11.0
ca,CA,1884470933,1,0,69,11.0
ca,CA,1884470933,1,0,70,11.0
ca,CA,1884470933,1,0,71,11.0
ca,CA,1884470933,1,0,72,11.0
ca,CA,1884470933,1,0,73,11.0
ca,CA,1884470933,1,0,74,11.0
ca,CA,1884470933,1,0,75,11.0
ca,CA,1884470933,1,0,76,11.0
ca,CA,1884470933,1,0,77,11.0
ca,CA,1884470933,1,0,78,11.0
ca,CA,1884470933,1,0,79,11.0
ca,CA,1884470933,1,0,80,11.0
ca,CA,1884470933,1,0,81,11.0
ca,CA,1884470933,1,0,82,11.0
ca,CA,1884470933,1,0,83,11.0
ca,CA,1884470933,1,0,84,11.0
ca,CA,1884470933,1,0,85,11.0
ca,CA,1884470933,1,0,86,11.0
ca,CA,1884470933,1,0,87,11.0
ca,CA,1884470933,1,0,88,11.0
ca,CA,1884470933,1,0,89,11.0
ca,CA,1884470933,1,0,90,11.0
ca,CA,1884470933,1,0,91,11.0
ca,CA,1884470933,1,0,92,11.0
ca,CA,1884470933,1,0,93,11.0
ca,CA,1884470933,1,0,94,11.0
ca,CA,1884470933,1,0,95,11.0
ca,CA,1884470933,1,0,96,11.0
ca,CA,1884470933,1,0,97,11.0
ca,CA,1884470933,1,0,98,11.0
ca,CA,1884470933,1,0,99,11.0
ca,CA,1884470933,1,0,100,10.0
ca,CA,1884470933,1,0,101,10.0
ca,CA,1884470933,1,0,102,10.0
ca,CA,1884470933,1,0,103,10.0
ca,CA,1884470933,1,0,104,10.0
ca,CA,1884470933,1,0,105,10.0
ca,CA,1884470933,1,0,106,10.0
ca,CA,1884470933,1,0,107,10.0
ca,CA,1884470933,1,0,108,10.0
ca,CA,1884470933,1,0,109,10.0
ca,CA,1884470933,1,0,110,10.0
ca,CA,1884470933,1,0,111,10.0
ca,CA,1884470933,1,0,112,10.0
ca,CA,1884470933,1,0,113,10.0
ca,CA,1884470933,1,0,114,10.0
ca,CA,1884470933,1,0,115,10.0
ca,CA,1884470933,1,0,116,10.0
ca,CA,1884470933,1,0,117,10.0
ca,CA,1884470933,1,0,118,10.0
ca,CA,1884470933,1,0,119,10.0
ca,CA,1884470933,1,0,120,10.0
ca,CA,1884470933,1,0,121,10.0
ca,CA,1884470933,1,0,122,10.0
ca,CA,1884470933,1,0,123,10.0
ca,CA,1884470933,1,0,124,10.0
ca,CA,1884470933,1,0,125,10.0
ca,CA,1884470933,1,0,126,10.0
ca,CA,1884470933,1,0,127,10.0
ca,CA,1884470933,1,0,128,10.0
ca,CA,1884470933,1,0,129,10.0
ca,CA,1884470933,1,0,130,10.0
ca,CA,1884470933,1,0,131,10.0
ca,CA,1884470933,1,0,132,10.0
ca,CA,1884470933,1,0,133,10.0
ca,CA,1884470933,1,0,134,10.0
ca,CA,1884470933,1,0,135,10.0
ca,CA,1884470933,1,0,136,10.0
ca,CA,1884470933,1,0,137,10.0
ca,CA,1884470933,1,0,138,10.0
ca,CA,1884470933,1,0,139,10.0
ca,CA,1884470933,1,0,140,9.0
ca,CA,1884470933,1,0,141,9.0
ca,CA,1884470933,1,0,142,9.0
ca,CA,1884470933,1,0,143,9.0
ca,CA,1884470933,1,0,144,9.0
ca,CA,1884470933,1,0,145,9.0
ca,CA,1884470933,1,0,146,9.0
ca,CA,1884470933,1,0,147,9.0
ca,CA,1884470933,1,0,148,9.0
ca,CA,1884470933,1,0,149,9.0
ca,CA,1884470933,1,0,150,9.0
ca,CA,1884470933,1,0,151,9.0
ca,CA,1884470933,1,0,152,9.0
ca,CA,1884470933,1,0,153,9.0
ca,CA,1884470933,1,0,154,9.0
ca,CA,1884470933,1,0,155,9.0
ca,CA,1884470933,1,0,156,9.0
ca,CA,1884470933,1,0,157,9.0
ca,CA,1884470933,1,0,158,9.0
ca,CA,1884470933,1,0,159,9.0
ca,CA,1884470933,1,0,160,9.0
ca,CA,1884470933,1,0,161,9.0
ca,CA,1884470933,1,0,162,9.0
ca,CA,1884470933,1,0,163,9.0
ca,CA,1884470933,1,0,164,9.0
ca,CA,1884470933,1,0,165,9.0
ca,CA,1884470933,1,0,166,9.0
ca,CA,1884470933,1,0,167,9.0
ca,CA,1884470933,1,0,168,9.0
ca,CA,1884470933,1,0,169,9.0
ca,CA,1884470933,1,0,170,9.0
ca,CA,1884470933,1,0,171,9.0
ca,CA,1884470933,1,0,172,8.0
ca,CA,1884470933,1,0,173,8.0
ca,CA,1884470933,1,0,174,8.0
ca,CA,1884470933,1,0,175,8.0
ca,CA,1884470933,1,0,176,8.0
ca,CA,1884470933,1,0,177,8.0
ca,CA,1884470933,1,0,178,8.0
ca,CA,1884470933,1,0,179,8.0
ca,CA,1884470933,1,0,180,8.0
ca,CA,1884470933,1,0,181,8.0
ca,CA,1884470933,1,0,182,8.0
ca,CA,1884470933,1,0,183,8.0
ca,CA,1884470933,1,0,184,8.0
ca,CA,1884470933,1,0,185,8.0
ca,CA,1884470933,1,0,186,8.0
ca,CA,1884470933,1,0,187,8.0
ca,CA,1884470933,1,0,188,8.0
ca,CA,1884470933,1,0,189,8.0
ca,CA,1884470933,1,0,190,8.0
ca,CA,1884470933,1,0,191,8.0
ca,CA,1884470933,1,0,192,8.0
ca,CA,1884470933,1,0,193,8.0
ca,CA,1884470933,1,0,194,8.0
ca,CA,1884470933,1,0,195,8.0
ca,CA,1884470933,1,0,196,8.0
ca,CA,1884470933,1,0,197,8.0
ca,CA,1884470933,1,0,198,8.0
ca,CA,1884470933,1,0,199,8.0
ca,CA,1884470933,1,0,200,8.0
ca,CA,1884470933,1,0,201,8.0
ca,CA,1884470933,1,0,202,8.0
ca,CA,1884470933,1,0,203,8.0
ca,CA,1884470933,1,0,204,8.0
ca,CA,1884470933,1,0,205,8.0
ca,CA,1884470933,1,0,206,8.0
ca,CA,1884470933,1,0,207,8.0
ca,CA,1884470933,1,0,208,8.0
ca,CA,1884470933,1,0,209,8.0
ca,CA,1884470933,1,0,210,8.0
ca,CA,1884470933,1,0,211,8.0
ca,CA,1884470933,1,0,212,8.0
ca,CA,1884470933,1,0,213,8.0
ca,CA,1884470933,1,0,214,8.0
ca,CA,1884470933,1,0,215,8.0
ca,CA,1884470933,1,0,216,8.0
ca,CA,1884470933,1,0,217,8.0
ca,CA,1884470933,1,0,218,8.0
ca,CA,1884470933,1,0,219,8.0
ca,CA,1884470933,1,0,220,8.0
ca,CA,1884470933,1,0,221,8.0
ca,CA,1884470933,1,0,222,8.0
ca,CA,1884470933,1,0,223,8.0
ca,CA,1884470933,1,0,224,8.0
ca,CA,1884470933,1,0,225,8.0
ca,CA,1884470933,1,0,226,8.0
ca,CA,1884470933,1,0,227,8.0
ca,CA,1884470933,1,0,228,8.0
ca,CA,1884470933,1,0,229,8.0
ca,CA,1884470933,1,0,230,8.0
ca,CA,1884470933,1,0,231,8.0
ca,CA,1884470933,1,0,232,8.0
ca,CA,1884470933,1,0,233,8.0
ca,CA,1884470933,1,0,234,8.0
ca,CA,1884470933,1,0,235,8.0
ca,CA,1884470933,1,0,236,8.0
ca,CA,1884470933,1,0,237,8.0
ca,CA,1884470933,1,0,238,8.0
ca,CA,1884470933,1,0,239,8.0
ca,CA,1884470933,1,0,240,8.0
ca,CA,1884470933,1,0,241,8.0
ca,CA,1884470933,1,0,242,8.0
ca,CA,1884470933,1,0,243,8.0
ca,CA,1884470933,1,0,244,8.0
ca,CA,1884470933,1,0,245,8.0
ca,CA,1884470933,1,0,246,8.0
ca,CA,1884470933,1,0,247,8.0
ca,CA,1884470933,1,0,248,8.0
ca,CA,1884470933,1,0,249,8.0
ca,CA,1884470933,1,0,250,8.0
ca,CA,1884470933,1,0,251,8.0
ca,CA,1884470933,1,0,252,8.0
ca,CA,1884470933,1,0,253,8.0
ca,CA,1884470933,1,0,254,8.0
ca,CA,1884470933,1,0,255,8.0
ca,CA,1884470933,1,0,256,8.0
ca,CA,1884470933,1,0,257,8.0
ca,CA,1884470933,1,0,258,8.0
ca,CA,1884470933,1,0,259,8.0
ca,CA,1884470933,1,0,260,8.0
ca,CA,1884470933,1,0,261,8.0
ca,CA,1884470933,1,0,262,8.0
ca,CA,1884470933,1,0,263,8.0
ca,CA,1884470933,1,0,264,8.0
ca,CA,1884470933,1,0,265,8.0
ca,CA,1884470933,1,0,266,8.0
ca,CA,1884470933,1,0,267,8.0
ca,CA,1884470933,1,0,268,8.0
ca,CA,1884470933,1,0,269,8.0
ca,CA,1884470933,1,0,270,8.0
ca,CA,1884470933,1,0,271,8.0
ca,CA,1884470933,1,0,272,7.0
ca,CA,1884470933,1,0,273,7.0
ca,CA,1884470933,1,0,274,7.0
ca,CA,1884470933,1,0,275,7.0
ca,CA,1884470933,1,0,276,7.0
ca,CA,1884470933,1,0,277,7.0
ca,CA,1884470933,1,0,278,7.0
ca,CA,1884470933,1,0,279,7.0
ca,CA,1884470933,1,0,280,7.0
ca,CA,1884470933,1,0,281,7.0
ca,CA,1884470933,1,0,282,7.0
ca,CA,1884470933,1,0,283,7.0
ca,CA,1884470933,1,0,284,7.0
ca,CA,1884470933,1,0,285,7.0
ca,CA,1884470933,1,0,286,7.0
ca,CA,1884470933,1,0,287,7.0
ca,CA,1884470933,1,0,288,6.0
ca,CA,1884470933,1,0,289,6.0
ca,CA,1884470933,1,0,290,6.0
ca,CA,1884470933,1,0,291,6.0
ca,CA,1884470933,1,0,292,6.0
ca,CA,1884470933,1,0,293,6.0
ca,CA,1884470933,1,0,294,6.0
ca,CA,1884470933,1,0,295,6.0
ca,CA,1884470933,1,0,296,6.0
ca,CA,1884470933,1,0,297,6.0
ca,CA,1884470933,1,0,298,6.0
ca,CA,1884470933,1,0,299,6.0
ca,CA,1884470933,1,0,300,6.0
ca,CA,1884470933,1,0,301,6.0
ca,CA,1884470933,1,0,302,6.0
ca,CA,1884470933,1,0,303,6.0
ca,CA,1884470933,1,0,304,6.0
ca,CA,1884470933,1,0,305,6.0
ca,CA,1884470933,1,0,306,6.0
ca,CA,1884470933,1,0,307,6.0
ca,CA,1884470933,1,0,308,6.0
ca,CA,1884470933,1,0,309,6.0
ca,CA,1884470933,1,0,310,6.0
ca,CA,1884470933,1,0,311,6.0
ca,CA,1884470933,1,0,312,5.0
ca,CA,1884470933,1,0,313,5.0
ca,CA,1884470933,1,0,314,5.0
ca,CA,1884470933,1,0,315,5.0
ca,CA,1884470933,1,0,316,5.0
ca,CA,1884470933,1,0,317,5.0
ca,CA,1884470933,1,0,318,5.0
ca,CA,1884470933,1,0,319,5.0
ca,CA,1884470933,1,0,320,4.0
ca,CA,1884470933,1,0,321,4.0
ca,CA,1884470933,1,0,322,4.0
ca,CA,1884470933,1,0,323,4.0
ca,CA,1884470933,1,0,324,4.0
ca,CA,1884470933,1,0,325,4.0
ca,CA,1884470933,1,0,326,4.0
ca,CA,1884470933,1,0,327,4.0
ca,CA,1884470933,1,0,328,3.0
ca,CA,1884470933,1,0,329,3.0
ca,CA,1884470933,1,0,330,3.0
ca,CA,1884470933,1,0,331,3.0
ca,CA,1884470933,1,0,332,3.0
ca,CA,1884470933,1,0,333,3.0
ca,CA,1884470933,1,0,334,3.0
ca,CA,1884470933,1,0,335,3.0
ca,CA,1884470933,1,0,336,2.0
ca,CA,1884470933,1,0,337,2.0
ca,CA,1884470933,1,0,338,2.0
ca,CA,1884470933,1,0,339,2.0
ca,CA,1884470933,1,0,340,2.0
ca,CA,1884470933,1,0,341,2.0
ca,CA,1884470933,1,0,342,2.0
ca,CA,1884470933,1,0,343,2.0
ca,CA,1884470933,1,0,344,2.0
ca,CA,1884470933,1,0,345,2.0
ca,CA,1884470933,1,0,346,2.0
ca,CA,1884470933,1,0,347,2.0
ca,CA,1884470933,1,0,348,1.0
ca,CA,1884470933,1,0,349,1.0
ca,CA,1884470933,1,0,350,1.0
ca,CA,1884470933,1,0,351,1.0
ca,CA,1884470933,1,0,352,1.0
ca,CA,1884470933,1,0,353,1.0
ca,CA,1884470933,1,0,354,1.0
ca,CA,1884470933,1,0,355,1.0
ca,CA,1884470933,1,1,0,16.0
ca,CA,1884470933,1,1,1,16.0
ca,CA,1884470933,1,1,2,16.0
ca,CA,1884470933,1,1,3,16.0
ca,CA,1884470933,1,1,4,16.0
ca,CA,1884470933,1,1,5,16.0
ca,CA,1884470933,1,1,6,16.0
ca,CA,1884470933,1,1,7,16.0
ca,CA,1884470933,1,1,8,16.0
ca,CA,1884470933,1,1,9,16.0
ca,CA,1884470933,1,1,10,16.0
ca,CA,1884470933,1,1,11,16.0
ca,CA,1884470933,1,1,12,16.0
ca,CA,1884470933,1,1,13,16.0
ca,CA,1884470933,1,1,14,16.0
ca,CA,1884470933,1,1,15,16.0
ca,CA,1884470933,1,1,16,16.0
ca,CA,1884470933,1,1,17,16.0
ca,CA,1884470933,1,1,18,16.0
ca,CA,1884470933,1,1,19,16.0
ca,CA,1884470933,1,1,20,16.0
ca,CA,1884470933,1,1,21,16.0
ca,CA,1884470933,1,1,22,16.0
ca,CA,1884470933,1,1,23,16.0
ca,CA,1884470933,1,1,24,16.0
ca,CA,1884470933,1,1,25,16.0
ca,CA,1884470933,1,1,26,16.0
ca,CA,1884470933,1,1,27,16.0
ca,CA,1884470933,1,1,28,15.0
ca,CA,1884470933,1,1,29,15.0
ca,CA,1884470933,1,1,30,15.0
ca,CA,1884470933,1,1,31,15.0
ca,CA,1884470933,1,1,32,11.0
ca,CA,1884470933,1,1,33,11.0
ca,CA,1884470933,1,1,34,11.0
ca,CA,1884470933,1,1,35,11.0
ca,CA,1884470933,1,1,36,11.0
ca,CA,1884470933,1,1,37,11.0
ca,CA,1884470933,1,1,38,11.0
ca,CA,1884470933,1,1,39,11.0
ca,CA,1884470933,1,1,40,11.0
ca,CA,1884470933,1,1,41,11.0
ca,CA,1884470933,1,1,42,11.0
ca,CA,1884470933,1,1,43,11.0
ca,CA,1884470933,1,1,44,11.0
ca,CA,1884470933,1,1,45,11.0
ca,CA,1884470933,1,1,46,11.0
ca,CA,1884470933,1,1,47,11.0
ca,CA,1884470933,1,1,48,11.0
ca,CA,1884470933,1,1,49,11.0
ca,CA,1884470933,1,1,50,11.0
ca,CA,1884470933,1,1,51,11.0
ca,CA,1884470933,1,1,52,11.0
ca,CA,1884470933,1,1,53,11.0
ca,CA,1884470933,1,1,54,11.0
ca,CA,1884470933,1,1,55,11.0
ca,CA,1884470933,1,1,56,11.0
ca,CA,1884470933,1,1,57,11.0
ca,CA,1884470933,1,1,58,11.0
ca,CA,1884470933,1,1,59,11.0
ca,CA,1884470933,1,1,60,11.0
ca,CA,1884470933,1,1,61,11.0
ca,CA,1884470933,1,1,62,11.0
ca,CA,1884470933,1,1,63,11.0
ca,CA,1884470933,1,1,64,11.0
ca,CA,1884470933,1,1,65,11.0
ca,CA,1884470933,1,1,66,11.0
ca,CA,1884470933,1,1,67,11.0
ca,CA,1884470933,1,1,68,11.0
ca,CA,1884470933,1,1,69,11.0
ca,CA,1884470933,1,1,70,11.0
ca,CA,1884470933,1,1,71,11.0
ca,CA,1884470933,1,1,72,11.0
ca,CA,1884470933,1,1,73,11.0
ca,CA,1884470933,1,1,74,11.0
ca,CA,1884470933,1,1,75,11.0
ca,CA,1884470933,1,1,76,11.0
ca,CA,1884470933,1,1,77,11.0
ca,CA,1884470933,1,1,78,11.0
ca,CA,1884470933,1,1,79,11.0
ca,CA,1884470933,1,1,80,11.0
ca,CA,1884470933,1,1,81,11.0
ca,CA,1884470933,1,1,82,11.0
ca,CA,1884470933,1,1,83,11.0
ca,CA,1884470933,1,1,84,11.0
ca,CA,1884470933,1,1,85,11.0
ca,CA,1884470933,1,1,86,11.0
ca,CA,1884470933,1,1,87,11.0
ca,CA,1884470933,1,1,88,11.0
ca,CA,1884470933,1,1,89,11.0
ca,CA,1884470933,1,1,90,11.0
ca,CA,1884470933,1,1,91,11.0
ca,CA,1884470933,1,1,92,11.0
ca,CA,1884470933,1,1,93,11.0
ca,CA,1884470933,1,1,94,11.0
ca,CA,1884470933,1,1,95,11.0
ca,CA,1884470933,1,1,96,11.0
ca,CA,1884470933,1,1,97,11.0
ca,CA,1884470933,1,1,98,11.0
ca,CA,1884470933,1,1,99,11.0
ca,CA,1884470933,1,1,100,10.0
ca,CA,1884470933,1,1,101,10.0
ca,CA,1884470933,1,1,102,10.0
ca,CA,1884470933,1,1,103,10.0
ca,CA,1884470933,1,1,104,10.0
ca,CA,1884470933,1,1,105,10.0
ca,CA,1884470933,1,1,106,10.0
ca,CA,1884470933,1,1,107,10.0
ca,CA,1884470933,1,1,108,10.0
ca,CA,1884470933,1,1,109,10.0
ca,CA,1884470933,1,1,110,10.0
ca,CA,1884470933,1,1,111,10.0
ca,CA,1884470933,1,1,112,10.0
ca,CA,1884470933,1,1,113,10.0
ca,CA,1884470933,1,1,114,10.0
ca,CA,1884470933,1,1,115,10.0
ca,CA,1884470933,1,1,116,10.0
ca,CA,1884470933,1,1,117,10.0
ca,CA,1884470933,1,1,118,10.0
ca,CA,1884470933,1,1,119,10.0
ca,CA,1884470933,1,1,120,10.0
ca,CA,1884470933,1,1,121,10.0
ca,CA,1884470933,1,1,122,10.0
ca,CA,1884470933,1,1,123,10.0
ca,CA,1884470933,1,1,124,10.0
ca,CA,1884470933,1,1,125,10.0
ca,CA,1884470933,1,1,126,10.0
ca,CA,1884470933,1,1,127,10.0
ca,CA,1884470933,1,1,128,10.0
ca,CA,1884470933,1,1,129,10.0
ca,CA,1884470933,1,1,130,10.0
ca,CA,1884470933,1,1,131,10.0
ca,CA,1884470933,1,1,132,10.0
ca,CA,1884470933,1,1,133,10.0
ca,CA,1884470933,1,1,134,10.0
ca,CA,1884470933,1,1,135,10.0
ca,CA,1884470933,1,1,136,10.0
ca,CA,1884470933,1,1,137,10.0
ca,CA,1884470933,1,1,138,10.0
ca,CA,1884470933,1,1,139,10.0
ca,CA,1884470933,1,1,140,9.0
ca,CA,1884470933,1,1,141,9.0
ca,CA,1884470933,1,1,142,9.0
ca,CA,1884470933,1,1,143,9.0
ca,CA,1884470933,1,1,144,9.0
ca,CA,1884470933,1,1,145,9.0
ca,CA,1884470933,1,1,146,9.0
ca,CA,1884470933,1,1,147,9.0
ca,CA,1884470933,1,1,148,9.0
ca,CA,1884470933,1,1,149,9.0
ca,CA,1884470933,1,1,150,9.0
ca,CA,1884470933,1,1,151,9.0
ca,CA,1884470933,1,1,152,9.0
ca,CA,1884470933,1,1,153,9.0
ca,CA,1884470933,1,1,154,9.0
ca,CA,1884470933,1,1,155,9.0
ca,CA,1884470933,1,1,156,9.0
ca,CA,1884470933,1,1,157,9.0
ca,CA,1884470933,1,1,158,9.0
ca,CA,1884470933,1,1,159,9.0
ca,CA,1884470933,1,1,160,9.0
ca,CA,1884470933,1,1,161,9.0
ca,CA,1884470933,1,1,162,9.0
ca,CA,1884470933,1,1,163,9.0
ca,CA,1884470933,1,1,164,9.0
ca,CA,1884470933,1,1,165,9.0
ca,CA,1884470933,1,1,166,9.0
ca,CA,1884470933,1,1,167,9.0
ca,CA,1884470933,1,1,168,9.0
ca,CA,1884470933,1,1,169,9.0
ca,CA,1884470933,1,1,170,9.0
ca,CA,1884470933,1,1,171,9.0
ca,CA,1884470933,1,1,172,8.0
ca,CA,1884470933,1,1,173,8.0
ca,CA,1884470933,1,1,174,8.0
ca,CA,1884470933,1,1,175,8.0
ca,CA,1884470933,1,1,176,8.0
ca,CA,1884470933,1,1,177,8.0
ca,CA,1884470933,1,1,178,8.0
ca,CA,1884470933,1,1,179,8.0
ca,CA,1884470933,1,1,180,8.0
ca,CA,1884470933,1,1,181,8.0
ca,CA,1884470933,1,1,182,8.0
ca,CA,1884470933,1,1,183,8.0
ca,CA,1884470933,1,1,184,8.0
ca,CA,1884470933,1,1,185,8.0
ca,CA,1884470933,1,1,186,8.0
ca,CA,1884470933,1,1,187,8.0
ca,CA,1884470933,1,1,188,8.0
ca,CA,1884470933,1,1,189,8.0
ca,CA,1884470933,1,1,190,8.0
ca,CA,1884470933,1,1,191,8.0
ca,CA,1884470933,1,1,192,8.0
ca,CA,1884470933,1,1,193,8.0
ca,CA,1884470933,1,1,194,8.0
ca,CA,1884470933,1,1,195,8.0
ca,CA,1884470933,1,1,196,8.0
ca,CA,1884470933,1,1,197,8.0
ca,CA,1884470933,1,1,198,8.0
ca,CA,1884470933,1,1,199,8.0
ca,CA,1884470933,1,1,200,8.0
ca,CA,1884470933,1,1,201,8.0
ca,CA,1884470933,1,1,202,8.0
ca,CA,1884470933,1,1,203,8.0
ca,CA,1884470933,1,1,204,8.0
ca,CA,1884470933,1,1,205,8.0
ca,CA,1884470933,1,1,206,8.0
ca,CA,1884470933,1,1,207,8.0
ca,CA,1884470933,1,1,208,8.0
ca,CA,1884470933,1,1,209,8.0
ca,CA,1884470933,1,1,210,8.0
ca,CA,1884470933,1,1,211,8.0
ca,CA,1884470933,1,1,212,8.0
ca,CA,1884470933,1,1,213,8.0
ca,CA,1884470933,1,1,214,8.0
ca,CA,1884470933,1,1,215,8.0
ca,CA,1884470933,1,1,216,8.0
ca,CA,1884470933,1,1,217,8.0
ca,CA,1884470933,1,1,218,8.0
ca,CA,1884470933,1,1,219,8.0
ca,CA,1884470933,1,1,220,8.0
ca,CA,1884470933,1,1,221,8.0
ca,CA,1884470933,1,1,222,8.0
ca,CA,1884470933,1,1,223,8.0
ca,CA,1884470933,1,1,224,8.0
ca,CA,1884470933,1,1,225,8.0
ca,CA,1884470933,1,1,226,8.0
ca,CA,1884470933,1,1,227,8.0
ca,CA,1884470933,1,1,228,8.0
ca,CA,1884470933,1,1,229,8.0
ca,CA,1884470933,1,1,230,8.0
ca,CA,1884470933,1,1,231,8.0
ca,CA,1884470933,1,1,232,8.0
ca,CA,1884470933,1,1,233,8.0
ca,CA,1884470933,1,1,234,8.0
ca,CA,1884470933,1,1,235,8.0
ca,CA,1884470933,1,1,236,8.0
ca,CA,1884470933,1,1,237,8.0
ca,CA,1884470933,1,1,238,8.0
ca,CA,1884470933,1,1,239,8.0
ca,CA,1884470933,1,1,240,8.0
ca,CA,1884470933,1,1,241,8.0
ca,CA,1884470933,1,1,242,8.0
ca,CA,1884470933,1,1,243,8.0
ca,CA,1884470933,1,1,244,8.0
ca,CA,1884470933,1,1,245,8.0
ca,CA,1884470933,1,1,246,8.0
ca,CA,1884470933,1,1,247,8.0
ca,CA,1884470933,1,1,248,8.0
ca,CA,1884470933,1,1,249,8.0
ca,CA,1884470933,1,1,250,8.0
ca,CA,1884470933,1,1,251,8.0
ca,CA,1884470933,1,1,252,8.0
ca,CA,1884470933,1,1,253,8.0
ca,CA,1884470933,1,1,254,8.0
ca,CA,1884470933,1,1,255,8.0
ca,CA,1884470933,1,1,256,8.0
ca,CA,1884470933,1,1,257,8.0
ca,CA,1884470933,1,1,258,8.0
ca,CA,1884470933,1,1,259,8.0
ca,CA,1884470933,1,1,260,8.0
ca,CA,1884470933,1,1,261,8.0
ca,CA,1884470933,1,1,262,8.0
ca,CA,1884470933,1,1,263,8.0
ca,CA,1884470933,1,1,264,8.0
ca,CA,1884470933,1,1,265,8.0
ca,CA,1884470933,1,1,266,8.0
ca,CA,1884470933,1,1,267,8.0
ca,CA,1884470933,1,1,268,8.0
ca,CA,1884470933,1,1,269,8.0
ca,CA,1884470933,1,1,270,8.0
ca,CA,1884470933,1,1,271,8.0
ca,CA,1884470933,1,1,272,7.0
ca,CA,1884470933,1,1,273,7.0
ca,CA,1884470933,1,1,274,7.0
ca,CA,1884470933,1,1,275,7.0
ca,CA,1884470933,1,1,276,7.0
ca,CA,1884470933,1,1,277,7.0
ca,CA,1884470933,1,1,278,7.0
ca,CA,1884470933,1,1,279,7.0
ca,CA,1884470933,1,1,280,7.0
ca,CA,1884470933,1,1,281,7.0
ca,CA,1884470933,1,1,282,7.0
ca,CA,1884470933,1,1,283,7.0
ca,CA,1884470933,1,1,284,7.0
ca,CA,1884470933,1,1,285,7.0
ca,CA,1884470933,1,1,286,7.0
ca,CA,1884470933,1,1,287,7.0
ca,CA,1884470933,1,1,288,6.0
ca,CA,1884470933,1,1,289,6.0
ca,CA,1884470933,1,1,290,6.0
ca,CA,1884470933,1,1,291,6.0
ca,CA,1884470933,1,1,292,6.0
ca,CA,1884470933,1,1,293,6.0
ca,CA,1884470933,1,1,294,6.0
ca,CA,1884470933,1,1,295,6.0
ca,CA,1884470933,1,1,296,6.0
ca,CA,1884470933,1,1,297,6.0
ca,CA,1884470933,1,1,298,6.0
ca,CA,1884470933,1,1,299,6.0
ca,CA,1884470933,1,1,300,6.0
ca,CA,1884470933,1,1,301,6.0
ca,CA,1884470933,1,1,302,6.0
ca,CA,1884470933,1,1,303,6.0
ca,CA,1884470933,1,1,304,6.0
ca,CA,1884470933,1,1,305,6.0
ca,CA,1884470933,1,1,306,6.0
ca,CA,1884470933,1,1,307,6.0
ca,CA,1884470933,1,1,308,6.0
ca,CA,1884470933,1,1,309,6.0
ca,CA,1884470933,1,1,310,6.0
ca,CA,1884470933,1,1,311,6.0
ca,CA,1884470933,1,1,312,5.0
ca,CA,1884470933,1,1,313,5.0
ca,CA,1884470933,1,1,314,5.0
ca,CA,1884470933,1,1,315,5.0
ca,CA,1884470933,1,1,316,5.0
ca,CA,1884470933,1,1,317,5.0
ca,CA,1884470933,1,1,318,5.0
ca,CA,1884470933,1,1,319,5.0
ca,CA,1884470933,1,1,320,4.0
ca,CA,1884470933,1,1,321,4.0
ca,CA,1884470933,1,1,322,4.0
ca,CA,1884470933,1,1,323,4.0
ca,CA,1884470933,1,1,324,4.0
ca,CA,1884470933,1,1,325,4.0
ca,CA,1884470933,1,1,326,4.0
ca,CA,1884470933,1,1,327,4.0
ca,CA,1884470933,1,1,328,3.0
ca,CA,1884470933,1,1,329,3.0
ca,CA,1884470933,1,1,330,3.0
ca,CA,1884470933,1,1,331,3.0
ca,CA,1884470933,1,1,332,3.0
ca,CA,1884470933,1,1,333,3.0
ca,CA,1884470933,1,1,334,3.0
ca,CA,1884470933,1,1,335,3.0
ca,CA,1884470933,1,1,336,2.0
ca,CA,1884470933,1,1,337,2.0
ca,CA,1884470933,1,1,338,2.0
ca,CA,1884470933,1,1,339,2.0
ca,CA,1884470933,1,1,340,2.0
ca,CA,1884470933,1,1,341,2.0
ca,CA,1884470933,1,1,342,2.0
ca,CA,1884470933,1,1,343,2.0
ca,CA,1884470933,1,1,344,2.0
ca,CA,1884470933,1,1,345,2.0
ca,CA,1884470933,1,1,346,2.0
ca,CA,1884470933,1,1,347,2.0
ca,CA,1884470933,1,1,348,1.0
ca,CA,1884470933,1,1,349,1.0
ca,CA,1884470933,1,1,350,1.0
ca,CA,1884470933,1,1,351,1.0
ca,CA,1884470933,1,1,352,1.0
ca,CA,1884470933,1,1,353,1.0
ca,CA,1884470933,1,1,354,1.0
ca,CA,1884470933,1,1,355,1.0
ca,CA,1884470933,1,2,0,16.0
ca,CA,1884470933,1,2,1,16.0
ca,CA,1884470933,1,2,2,16.0
ca,CA,1884470933,1,2,3,16.0
ca,CA,1884470933,1,2,4,16.0
ca,CA,1884470933,1,2,5,16.0
ca,CA,1884470933,1,2,6,16.0
ca,CA,1884470933,1,2,7,16.0
ca,CA,1884470933,1,2,8,16.0
ca,CA,1884470933,1,2,9,16.0
ca,CA,1884470933,1,2,10,16.0
ca,CA,1884470933,1,2,11,16.0
ca,CA,1884470933,1,2,12,16.0
ca,CA,1884470933,1,2,13,16.0
ca,CA,1884470933,1,2,14,16.0
ca,CA,1884470933,1,2,15,16.0
ca,CA,1884470933,1,2,16,16.0
ca,CA,1884470933,1,2,17,16.0
ca,CA,1884470933,1,2,18,16.0
ca,CA,1884470933,1,2,19,16.0
ca,CA,1884470933,1,2,20,16.0
ca,CA,1884470933,1,2,21,16.0
ca,CA,1884470933,1,2,22,16.0
ca,CA,1884470933,1,2,23,16.0
ca,CA,1884470933,1,2,24,16.0
ca,CA,1884470933,1,2,25,16.0
ca,CA,1884470933,1,2,26,16.0
ca,CA,1884470933,1,2,27,16.0
ca,CA,1884470933,1,2,28,15.0
ca,CA,1884470933,1,2,29,15.0
ca,CA,1884470933,1,2,30,15.0
ca,CA,1884470933,1,2,31,15.0
ca,CA,1884470933,1,2,32,11.0
ca,CA,1884470933,1,2,33,11.0
ca,CA,1884470933,1,2,34,11.0
ca,CA,1884470933,1,2,35,11.0
ca,CA,1884470933,1,2,36,11.0
ca,CA,1884470933,1,2,37,11.0
ca,CA,1884470933,1,2,38,11.0
ca,CA,1884470933,1,2,39,11.0
ca,CA,1884470933,1,2,40,11.0
ca,CA,1884470933,1,2,41,11.0
ca,CA,1884470933,1,2,42,11.0
ca,CA,1884470933,1,2,43,11.0
ca,CA,1884470933,1,2,44,11.0
ca,CA,1884470933,1,2,45,11.0
ca,CA,1884470933,1,2,46,11.0
ca,CA,1884470933,1,2,47,11.0
ca,CA,1884470933,1,2,48,11.0
ca,CA,1884470933,1,2,49,11.0
ca,CA,1884470933,1,2,50,11.0
ca,CA,1884470933,1,2,51,11.0
ca,CA,1884470933,1,2,52,11.0
ca,CA,1884470933,1,2,53,11.0
ca,CA,1884470933,1,2,54,11.0
ca,CA,1884470933,1,2,55,11.0
ca,CA,1884470933,1,2,56,11.0
ca,CA,1884470933,1,2,57,11.0
ca,CA,1884470933,1,2,58,11.0
ca,CA,1884470933,1,2,59,11.0
ca,CA,1884470933,1,2,60,11.0
ca,CA,1884470933,1,2,61,11.0
ca,CA,1884470933,1,2,62,11.0
ca,CA,1884470933,1,2,63,11.0
ca,CA,1884470933,1,2,64,11.0
ca,CA,1884470933,1,2,65,11.0
ca,CA,1884470933,1,2,66,11.0
ca,CA,1884470933,1,2,67,11.0
ca,CA,1884470933,1,2,68,11.0
ca,CA,1884470933,1,2,69,11.0
ca,CA,1884470933,1,2,70,11.0
ca,CA,1884470933,1,2,71,11.0
ca,CA,1884470933,1,2,72,11.0
ca,CA,1884470933,1,2,73,11.0
ca,CA,1884470933,1,2,74,11.0
ca,CA,1884470933,1,2,75,11.0
ca,CA,1884470933,1,2,76,11.0
ca,CA,1884470933,1,2,77,11.0
ca,CA,1884470933,1,2,78,11.0
ca,CA,1884470933,1,2,79,11.0
ca,CA,1884470933,1,2,80,11.0
ca,CA,1884470933,1,2,81,11.0
ca,CA,1884470933,1,2,82,11.0
ca,CA,1884470933,1,2,83,11.0
ca,CA,1884470933,1,2,84,11.0
ca,CA,1884470933,1,2,85,11.0
ca,CA,1884470933,1,2,86,11.0
ca,CA,1884470933,1,2,87,11.0
ca,CA,1884470933,1,2,88,11.0
ca,CA,1884470933,1,2,89,11.0
ca,CA,1884470933,1,2,90,11.0
ca,CA,1884470933,1,2,91,11.0
ca,CA,1884470933,1,2,92,11.0
ca,CA,1884470933,1,2,93,11.0
ca,CA,1884470933,1,2,94,11.0
ca,CA,1884470933,1,2,95,11.0
ca,CA,1884470933,1,2,96,11.0
ca,CA,1884470933,1,2,97,11.0
ca,CA,1884470933,1,2,98,11.0
ca,CA,1884470933,1,2,99,11.0
ca,CA,1884470933,1,2,100,10.0
ca,CA,1884470933,1,2,101,10.0
ca,CA,1884470933,1,2,102,10.0
ca,CA,1884470933,1,2,103,10.0
ca,CA,1884470933,1,2,104,10.0
ca,CA,1884470933,1,2,105,10.0
ca,CA,1884470933,1,2,106,10.0
ca,CA,1884470933,1,2,107,10.0
ca,CA,1884470933,1,2,108,10.0
ca,CA,1884470933,1,2,109,10.0
ca,CA,1884470933,1,2,110,10.0
ca,CA,1884470933,1,2,111,10.0
ca,CA,1884470933,1,2,112,10.0
ca,CA,1884470933,1,2,113,10.0
ca,CA,1884470933,1,2,114,10.0
ca,CA,1884470933,1,2,115,10.0
ca,CA,1884470933,1,2,116,10.0
ca,CA,1884470933,1,2,117,10.0
ca,CA,1884470933,1,2,118,10.0
ca,CA,1884470933,1,2,119,10.0
ca,CA,1884470933,1,2,120,10.0
ca,CA,1884470933,1,2,121,10.0
ca,CA,1884470933,1,2,122,10.0
ca,CA,1884470933,1,2,123,10.0
ca,CA,1884470933,1,2,124,10.0
ca,CA,1884470933,1,2,125,10.0
ca,CA,1884470933,1,2,126,10.0
ca,CA,1884470933,1,2,127,10.0
ca,CA,1884470933,1,2,128,10.0
ca,CA,1884470933,1,2,129,10.0
ca,CA,1884470933,1,2,130,10.0
ca,CA,1884470933,1,2,131,10.0
ca,CA,1884470933,1,2,132,10.0
ca,CA,1884470933,1,2,133,10.0
ca,CA,1884470933,1,2,134,10.0
ca,CA,1884470933,1,2,135,10.0
ca,CA,1884470933,1,2,136,10.0
ca,CA,1884470933,1,2,137,10.0
ca,CA,1884470933,1,2,138,10.0
ca,CA,1884470933,1,2,139,10.0
ca,CA,1884470933,1,2,140,9.0
ca,CA,1884470933,1,2,141,9.0
ca,CA,1884470933,1,2,142,9.0
ca,CA,1884470933,1,2,143,9.0
ca,CA,1884470933,1,2,144,9.0
ca,CA,1884470933,1,2,145,9.0
ca,CA,1884470933,1,2,146,9.0
ca,CA,1884470933,1,2,147,9.0
ca,CA,1884470933,1,2,148,9.0
ca,CA,1884470933,1,2,149,9.0
ca,CA,1884470933,1,2,150,9.0
ca,CA,1884470933,1,2,151,9.0
ca,CA,1884470933,1,2,152,9.0
ca,CA,1884470933,1,2,153,9.0
ca,CA,1884470933,1,2,154,9.0
ca,CA,1884470933,1,2,155,9.0
ca,CA,1884470933,1,2,156,9.0
ca,CA,1884470933,1,2,157,9.0
ca,CA,1884470933,1,2,158,9.0
ca,CA,1884470933,1,2,159,9.0
ca,CA,1884470933,1,2,160,9.0
ca,CA,1884470933,1,2,161,9.0
ca,CA,1884470933,1,2,162,9.0
ca,CA,1884470933,1,2,163,9.0
ca,CA,1884470933,1,2,164,9.0
ca,CA,1884470933,1,2,165,9.0
ca,CA,1884470933,1,2,166,9.0
ca,CA,1884470933,1,2,167,9.0
ca,CA,1884470933,1,2,168,9.0
ca,CA,1884470933,1,2,169,9.0
ca,CA,1884470933,1,2,170,9.0
ca,CA,1884470933,1,2,171,9.0
ca,CA,1884470933,1,2,172,8.0
ca,CA,1884470933,1,2,173,8.0
ca,CA,1884470933,1,2,174,8.0
ca,CA,1884470933,1,2,175,8.0
ca,CA,1884470933,1,2,176,8.0
ca,CA,1884470933,1,2,177,8.0
ca,CA,1884470933,1,2,178,8.0
ca,CA,1884470933,1,2,179,8.0
ca,CA,1884470933,1,2,180,8.0
ca,CA,1884470933,1,2,181,8.0
ca,CA,1884470933,1,2,182,8.0
ca,CA,1884470933,1,2,183,8.0
ca,CA,1884470933,1,2,184,8.0
ca,CA,1884470933,1,2,185,8.0
ca,CA,1884470933,1,2,186,8.0
ca,CA,1884470933,1,2,187,8.0
ca,CA,1884470933,1,2,188,8.0
ca,CA,1884470933,1,2,189,8.0
ca,CA,1884470933,1,2,190,8.0
ca,CA,1884470933,1,2,191,8.0
ca,CA,1884470933,1,2,192,8.0
ca,CA,1884470933,1,2,193,8.0
ca,CA,1884470933,1,2,194,8.0
ca,CA,1884470933,1,2,195,8.0
ca,CA,1884470933,1,2,196,8.0
ca,CA,1884470933,1,2,197,8.0
ca,CA,1884470933,1,2,198,8.0
ca,CA,1884470933,1,2,199,8.0
ca,CA,1884470933,1,2,200,8.0
ca,CA,1884470933,1,2,201,8.0
ca,CA,1884470933,1,2,202,8.0
ca,CA,1884470933,1,2,203,8.0
ca,CA,1884470933,1,2,204,8.0
ca,CA,1884470933,1,2,205,8.0
ca,CA,1884470933,1,2,206,8.0
ca,CA,1884470933,1,2,207,8.0
ca,CA,1884470933,1,2,208,8.0
ca,CA,1884470933,1,2,209,8.0
ca,CA,1884470933,1,2,210,8.0
ca,CA,1884470933,1,2,211,8.0
ca,CA,1884470933,1,2,212,8.0
ca,CA,1884470933,1,2,213,8.0
ca,CA,1884470933,1,2,214,8.0
ca,CA,1884470933,1,2,215,8.0
ca,CA,1884470933,1,2,216,8.0
ca,CA,1884470933,1,2,217,8.0
ca,CA,1884470933,1,2,218,8.0
ca,CA,1884470933,1,2,219,8.0
ca,CA,1884470933,1,2,220,8.0
ca,CA,1884470933,1,2,221,8.0
ca,CA,1884470933,1,2,222,8.0
ca,CA,1884470933,1,2,223,8.0
ca,CA,1884470933,1,2,224,8.0
ca,CA,1884470933,1,2,225,8.0
ca,CA,1884470933,1,2,226,8.0
ca,CA,1884470933,1,2,227,8.0
ca,CA,1884470933,1,2,228,8.0
ca,CA,1884470933,1,2,229,8.0
ca,CA,1884470933,1,2,230,8.0
ca,CA,1884470933,1,2,231,8.0
ca,CA,1884470933,1,2,232,8.0
ca,CA,1884470933,1,2,233,8.0
ca,CA,1884470933,1,2,234,8.0
ca,CA,1884470933,1,2,235,8.0
ca,CA,1884470933,1,2,236,8.0
ca,CA,1884470933,1,2,237,8.0
ca,CA,1884470933,1,2,238,8.0
ca,CA,1884470933,1,2,239,8.0
ca,CA,1884470933,1,2,240,8.0
ca,CA,1884470933,1,2,241,8.0
ca,CA,1884470933,1,2,242,8.0
ca,CA,1884470933,1,2,243,8.0
ca,CA,1884470933,1,2,244,8.0
ca,CA,1884470933,1,2,245,8.0
ca,CA,1884470933,1,2,246,8.0
ca,CA,1884470933,1,2,247,8.0
ca,CA,1884470933,1,2,248,8.0
ca,CA,1884470933,1,2,249,8.0
ca,CA,1884470933,1,2,250,8.0
ca,CA,1884470933,1,2,251,8.0
ca,CA,1884470933,1,2,252,8.0
ca,CA,1884470933,1,2,253,8.0
ca,CA,1884470933,1,2,254,8.0
ca,CA,1884470933,1,2,255,8.0
ca,CA,1884470933,1,2,256,8.0
ca,CA,1884470933,1,2,257,8.0
ca,CA,1884470933,1,2,258,8.0
ca,CA,1884470933,1,2,259,8.0
ca,CA,1884470933,1,2,260,8.0
ca,CA,1884470933,1,2,261,8.0
ca,CA,1884470933,1,2,262,8.0
ca,CA,1884470933,1,2,263,8.0
ca,CA,1884470933,1,2,264,8.0
ca,CA,1884470933,1,2,265,8.0
ca,CA,1884470933,1,2,266,8.0
ca,CA,1884470933,1,2,267,8.0
ca,CA,1884470933,1,2,268,8.0
ca,CA,1884470933,1,2,269,8.0
ca,CA,1884470933,1,2,270,8.0
ca,CA,1884470933,1,2,271,8.0
ca,CA,1884470933,1,2,272,7.0
ca,CA,1884470933,1,2,273,7.0
ca,CA,1884470933,1,2,274,7.0
ca,CA,1884470933,1,2,275,7.0
ca,CA,1884470933,1,2,276,7.0
ca,CA,1884470933,1,2,277,7.0
ca,CA,1884470933,1,2,278,7.0
ca,CA,1884470933,1,2,279,7.0
ca,CA,1884470933,1,2,280,7.0
ca,CA,1884470933,1,2,281,7.0
ca,CA,1884470933,1,2,282,7.0
ca,CA,1884470933,1,2,283,7.0
ca,CA,1884470933,1,2,284,7.0
ca,CA,1884470933,1,2,285,7.0
ca,CA,1884470933,1,2,286,7.0
ca,CA,1884470933,1,2,287,7.0
ca,CA,1884470933,1,2,288,6.0
ca,CA,1884470933,1,2,289,6.0
ca,CA,1884470933,1,2,290,6.0
ca,CA,1884470933,1,2,291,6.0
ca,CA,1884470933,1,2,292,6.0
ca,CA,1884470933,1,2,293,6.0
ca,CA,1884470933,1,2,294,6.0
ca,CA,1884470933,1,2,295,6.0
ca,CA,1884470933,1,2,296,6.0
ca,CA,1884470933,1,2,297,6.0
ca,CA,1884470933,1,2,298,6.0
ca,CA,1884470933,1,2,299,6.0
ca,CA,1884470933,1,2,300,6.0
ca,CA,1884470933,1,2,301,6.0
ca,CA,1884470933,1,2,302,6.0
ca,CA,1884470933,1,2,303,6.0
ca,CA,1884470933,1,2,304,6.0
ca,CA,1884470933,1,2,305,6.0
ca,CA,1884470933,1,2,306,6.0
ca,CA,1884470933,1,2,307,6.0
ca,CA,1884470933,1,2,308,6.0
ca,CA,1884470933,1,2,309,6.0
ca,CA,1884470933,1,2,310,6.0
ca,CA,1884470933,1,2,311,6.0
ca,CA,1884470933,1,2,312,5.0
ca,CA,1884470933,1,2,313,5.0
ca,CA,1884470933,1,2,314,5.0
ca,CA,1884470933,1,2,315,5.0
ca,CA,1884470933,1,2,316,5.0
ca,CA,1884470933,1,2,317,5.0
ca,CA,1884470933,1,2,318,5.0
ca,CA,1884470933,1,2,319,5.0
ca,CA,1884470933,1,2,320,4.0
ca,CA,1884470933,1,2,321,4.0
ca,CA,1884470933,1,2,322,4.0
ca,CA,1884470933,1,2,323,4.0
ca,CA,1884470933,1,2,324,4.0
ca,CA,1884470933,1,2,325,4.0
ca,CA,1884470933,1,2,326,4.0
ca,CA,1884470933,1,2,327,4.0
ca,CA,1884470933,1,2,328,3.0
ca,CA,1884470933,1,2,329,3.0
ca,CA,1884470933,1,2,330,3.0
ca,CA,1884470933,1,2,331,3.0
ca,CA,1884470933,1,2,332,3.0
ca,CA,1884470933,1,2,333,3.0
ca,CA,1884470933,1,2,334,3.0
ca,CA,1884470933,1,2,335,3.0
ca,CA,1884470933,1,2,336,2.0
ca,CA,1884470933,1,2,337,2.0
ca,CA,1884470933,1,2,338,2.0
ca,CA,1884470933,1,2,339,2.0
ca,CA,1884470933,1,2,340,2.0
ca,CA,1884470933,1,2,341,2.0
ca,CA,1884470933,1,2,342,2.0
ca,CA,1884470933,1,2,343,2.0
ca,CA,1884470933,1,2,344,2.0
ca,CA,1884470933,1,2,345,2.0
ca,CA,1884470933,1,2,346,2.0
ca,CA,1884470933,1,2,347,2.0
ca,CA,1884470933,1,2,348,1.0
ca,CA,1884470933,1,2,349,1.0
ca,CA,1884470933,1,2,350,1.0
ca,CA,1884470933,1,2,351,1.0
ca,CA,1884470933,1,2,352,1.0
ca,CA,1884470933,1,2,353,1.0
ca,CA,1884470933,1,2,354,1.0
ca,CA,1884470933,1,2,355,1.0
ca,CA,1884470933,2,0,0,16.0
ca,CA,1884470933,2,0,1,16.0
ca,CA,1884470933,2,0,2,16.0
ca,CA,1884470933,2,0,3,16.0
ca,CA,1884470933,2,0,4,16.0
ca,CA,1884470933,2,0,5,16.0
ca,CA,1884470933,2,0,6,16.0
ca,CA,1884470933,2,0,7,16.0
ca,CA,1884470933,2,0,8,16.0
ca,CA,1884470933,2,0,9,16.0
ca,CA,1884470933,2,0,10,16.0
ca,CA,1884470933,2,0,11,16.0
ca,CA,1884470933,2,0,12,16.0
ca,CA,1884470933,2,0,13,16.0
ca,CA,1884470933,2,0,14,16.0
ca,CA,1884470933,2,0,15,16.0
ca,CA,1884470933,2,0,16,16.0
ca,CA,1884470933,2,0,17,16.0
ca,CA,1884470933,2,0,18,16.0
ca,CA,1884470933,2,0,19,16.0
ca,CA,1884470933,2,0,20,16.0
ca,CA,1884470933,2,0,21,16.0
ca,CA,1884470933,2,0,22,16.0
ca,CA,1884470933,2,0,23,16.0
ca,CA,1884470933,2,0,24,16.0
ca,CA,1884470933,2,0,25,16.0
ca,CA,1884470933,2,0,26,16.0
ca,CA,1884470933,2,0,27,16.0
ca,CA,1884470933,2,0,28,15.0
ca,CA,1884470933,2,0,29,15.0
ca,CA,1884470933,2,0,30,15.0
ca,CA,1884470933,2,0,31,15.0
ca,CA,1884470933,2,0,32,11.0
ca,CA,1884470933,2,0,33,11.0
ca,CA,1884470933,2,0,34,11.0
ca,CA,1884470933,2,0,35,11.0
ca,CA,1884470933,2,0,36,11.0
ca,CA,1884470933,2,0,37,11.0
ca,CA,1884470933,2,0,38,11.0
ca,CA,1884470933,2,0,39,11.0
ca,CA,1884470933,2,0,40,11.0
ca,CA,1884470933,2,0,41,11.0
ca,CA,1884470933,2,0,42,11.0
ca,CA,1884470933,2,0,43,11.0
ca,CA,1884470933,2,0,44,11.0
ca,CA,1884470933,2,0,45,11.0
ca,CA,1884470933,2,0,46,11.0
ca,CA,1884470933,2,0,47,11.0
ca,CA,1884470933,2,0,48,11.0
ca,CA,1884470933,2,0,49,11.0
ca,CA,1884470933,2,0,50,11.0
ca,CA,1884470933,2,0,51,11.0
ca,CA,1884470933,2,0,52,11.0
ca,CA,1884470933,2,0,53,11.0
ca,CA,1884470933,2,0,54,11.0
ca,CA,1884470933,2,0,55,11.0
ca,CA,1884470933,2,0,56,11.0
ca,CA,1884470933,2,0,57,11.0
ca,CA,1884470933,2,0,58,11.0
ca,CA,1884470933,2,0,59,11.0
ca,CA,1884470933,2,0,60,11.0
ca,CA,1884470933,2,0,61,11.0
ca,CA,1884470933,2,0,62,11.0
ca,CA,1884470933,2,0,63,11.0
ca,CA,1884470933,2,0,64,11.0
ca,CA,1884470933,2,0,65,11.0
ca,CA,1884470933,2,0,66,11.0
ca,CA,1884470933,2,0,67,11.0
ca,CA,1884470933,2,0,68,11.0
ca,CA,1884470933,2,0,69,11.0
ca,CA,1884470933,2,0,70,11.0
ca,CA,1884470933,2,0,71,11.0
ca,CA,1884470933,2,0,72,11.0
ca,CA,1884470933,2,0,73,11.0
ca,CA,1884470933,2,0,74,11.0
ca,CA,1884470933,2,0,75,11.0
ca,CA,1884470933,2,0,76,11.0
ca,CA,1884470933,2,0,77,11.0
ca,CA,1884470933,2,0,78,11.0
ca,CA,1884470933,2,0,79,11.0
ca,CA,1884470933,2,0,80,11.0
ca,CA,1884470933,2,0,81,11.0
ca,CA,1884470933,2,0,82,11.0
ca,CA,1884470933,2,0,83,11.0
ca,CA,1884470933,2,0,84,11.0
ca,CA,1884470933,2,0,85,11.0
ca,CA,1884470933,2,0,86,11.0
ca,CA,1884470933,2,0,87,11.0
ca,CA,1884470933,2,0,88,11.0
ca,CA,1884470933,2,0,89,11.0
ca,CA,1884470933,2,0,90,11.0
ca,CA,1884470933,2,0,91,11.0
ca,CA,1884470933,2,0,92,11.0
ca,CA,1884470933,2,0,93,11.0
ca,CA,1884470933,2,0,94,11.0
ca,CA,1884470933,2,0,95,11.0
ca,CA,1884470933,2,0,96,11.0
ca,CA,1884470933,2,0,97,11.0
ca,CA,1884470933,2,0,98,11.0
ca,CA,1884470933,2,0,99,11.0
ca,CA,1884470933,2,0,100,10.0
ca,CA,1884470933,2,0,101,10.0
ca,CA,1884470933,2,0,102,10.0
ca,CA,1884470933,2,0,103,10.0
ca,CA,1884470933,2,0,104,10.0
ca,CA,1884470933,2,0,105,10.0
ca,CA,1884470933,2,0,106,10.0
ca,CA,1884470933,2,0,107,10.0
ca,CA,1884470933,2,0,108,10.0
ca,CA,1884470933,2,0,109,10.0
ca,CA,1884470933,2,0,110,10.0
ca,CA,1884470933,2,0,111,10.0
ca,CA,1884470933,2,0,112,10.0
ca,CA,1884470933,2,0,113,10.0
ca,CA,1884470933,2,0,114,10.0
ca,CA,1884470933,2,0,115,10.0
ca,CA,1884470933,2,0,116,10.0
ca,CA,1884470933,2,0,117,10.0
ca,CA,1884470933,2,0,118,10.0
ca,CA,1884470933,2,0,119,10.0
ca,CA,1884470933,2,0,120,10.0
ca,CA,1884470933,2,0,121,10.0
ca,CA,1884470933,2,0,122,10.0
ca,CA,1884470933,2,0,123,10.0
ca,CA,1884470933,2,0,124,10.0
ca,CA,1884470933,2,0,125,10.0
ca,CA,1884470933,2,0,126,10.0
ca,CA,1884470933,2,0,127,10.0
ca,CA,1884470933,2,0,128,10.0
ca,CA,1884470933,2,0,129,10.0
ca,CA,1884470933,2,0,130,10.0
ca,CA,1884470933,2,0,131,10.0
ca,CA,1884470933,2,0,132,10.0
ca,CA,1884470933,2,0,133,10.0
ca,CA,1884470933,2,0,134,10.0
ca,CA,1884470933,2,0,135,10.0
ca,CA,1884470933,2,0,136,10.0
ca,CA,1884470933,2,0,137,10.0
ca,CA,1884470933,2,0,138,10.0
ca,CA,1884470933,2,0,139,10.0
ca,CA,1884470933,2,0,140,9.0
ca,CA,1884470933,2,0,141,9.0
ca,CA,1884470933,2,0,142,9.0
ca,CA,1884470933,2,0,143,9.0
ca,CA,1884470933,2,0,144,9.0
ca,CA,1884470933,2,0,145,9.0
ca,CA,1884470933,2,0,146,9.0
ca,CA,1884470933,2,0,147,9.0
ca,CA,1884470933,2,0,148,9.0
ca,CA,1884470933,2,0,149,9.0
ca,CA,1884470933,2,0,150,9.0
ca,CA,1884470933,2,0,151,9.0
ca,CA,1884470933,2,0,152,9.0
ca,CA,1884470933,2,0,153,9.0
ca,CA,1884470933,2,0,154,9.0
ca,CA,1884470933,2,0,155,9.0
ca,CA,1884470933,2,0,156,9.0
ca,CA,1884470933,2,0,157,9.0
ca,CA,1884470933,2,0,158,9.0
ca,CA,1884470933,2,0,159,9.0
ca,CA,1884470933,2,0,160,9.0
ca,CA,1884470933,2,0,161,9.0
ca,CA,1884470933,2,0,162,9.0
ca,CA,1884470933,2,0,163,9.0
ca,CA,1884470933,2,0,164,9.0
ca,CA,1884470933,2,0,165,9.0
ca,CA,1884470933,2,0,166,9.0
ca,CA,1884470933,2,0,167,9.0
ca,CA,1884470933,2,0,168,9.0
ca,CA,1884470933,2,0,169,9.0
ca,CA,1884470933,2,0,170,9.0
ca,CA,1884470933,2,0,171,9.0
ca,CA,1884470933,2,0,172,8.0
ca,CA,1884470933,2,0,173,8.0
ca,CA,1884470933,2,0,174,8.0
ca,CA,1884470933,2,0,175,8.0
ca,CA,1884470933,2,0,176,8.0
ca,CA,1884470933,2,0,177,8.0
ca,CA,1884470933,2,0,178,8.0
ca,CA,1884470933,2,0,179,8.0
ca,CA,1884470933,2,0,180,8.0
ca,CA,1884470933,2,0,181,8.0
ca,CA,1884470933,2,0,182,8.0
ca,CA,1884470933,2,0,183,8.0
ca,CA,1884470933,2,0,184,8.0
ca,CA,1884470933,2,0,185,8.0
ca,CA,1884470933,2,0,186,8.0
ca,CA,1884470933,2,0,187,8.0
ca,CA,1884470933,2,0,188,8.0
ca,CA,1884470933,2,0,189,8.0
ca,CA,1884470933,2,0,190,8.0
ca,CA,1884470933,2,0,191,8.0
ca,CA,1884470933,2,0,192,8.0
ca,CA,1884470933,2,0,193,8.0
ca,CA,1884470933,2,0,194,8.0
ca,CA,1884470933,2,0,195,8.0
ca,CA,1884470933,2,0,196,8.0
ca,CA,1884470933,2,0,197,8.0
ca,CA,1884470933,2,0,198,8.0
ca,CA,1884470933,2,0,199,8.0
ca,CA,1884470933,2,0,200,8.0
ca,CA,1884470933,2,0,201,8.0
ca,CA,1884470933,2,0,202,8.0
ca,CA,1884470933,2,0,203,8.0
ca,CA,1884470933,2,0,204,8.0
ca,CA,1884470933,2,0,205,8.0
ca,CA,1884470933,2,0,206,8.0
ca,CA,1884470933,2,0,207,8.0
ca,CA,1884470933,2,0,208,8.0
ca,CA,1884470933,2,0,209,8.0
ca,CA,1884470933,2,0,210,8.0
ca,CA,1884470933,2,0,211,8.0
ca,CA,1884470933,2,0,212,8.0
ca,CA,1884470933,2,0,213,8.0
ca,CA,1884470933,2,0,214,8.0
ca,CA,1884470933,2,0,215,8.0
ca,CA,1884470933,2,0,216,8.0
ca,CA,1884470933,2,0,217,8.0
ca,CA,1884470933,2,0,218,8.0
ca,CA,1884470933,2,0,219,8.0
ca,CA,1884470933,2,0,220,8.0
ca,CA,1884470933,2,0,221,8.0
ca,CA,1884470933,2,0,222,8.0
ca,CA,1884470933,2,0,223,8.0
ca,CA,1884470933,2,0,224,8.0
ca,CA,1884470933,2,0,225,8.0
ca,CA,1884470933,2,0,226,8.0
ca,CA,1884470933,2,0,227,8.0
ca,CA,1884470933,2,0,228,8.0
ca,CA,1884470933,2,0,229,8.0
ca,CA,1884470933,2,0,230,8.0
ca,CA,1884470933,2,0,231,8.0
ca,CA,1884470933,2,0,232,8.0
ca,CA,1884470933,2,0,233,8.0
ca,CA,1884470933,2,0,234,8.0
ca,CA,1884470933,2,0,235,8.0
ca,CA,1884470933,2,0,236,8.0
ca,CA,1884470933,2,0,237,8.0
ca,CA,1884470933,2,0,238,8.0
ca,CA,1884470933,2,0,239,8.0
ca,CA,1884470933,2,0,240,8.0
ca,CA,1884470933,2,0,241,8.0
ca,CA,1884470933,2,0,242,8.0
ca,CA,1884470933,2,0,243,8.0
ca,CA,1884470933,2,0,244,8.0
ca,CA,1884470933,2,0,245,8.0
ca,CA,1884470933,2,0,246,8.0
ca,CA,1884470933,2,0,247,8.0
ca,CA,1884470933,2,0,248,8.0
ca,CA,1884470933,2,0,249,8.0
ca,CA,1884470933,2,0,250,8.0
ca,CA,1884470933,2,0,251,8.0
ca,CA,1884470933,2,0,252,8.0
ca,CA,1884470933,2,0,253,8.0
ca,CA,1884470933,2,0,254,8.0
ca,CA,1884470933,2,0,255,8.0
ca,CA,1884470933,2,0,256,8.0
ca,CA,1884470933,2,0,257,8.0
ca,CA,1884470933,2,0,258,8.0
ca,CA,1884470933,2,0,259,8.0
ca,CA,1884470933,2,0,260,8.0
ca,CA,1884470933,2,0,261,8.0
ca,CA,1884470933,2,0,262,8.0
ca,CA,1884470933,2,0,263,8.0
ca,CA,1884470933,2,0,264,8.0
ca,CA,1884470933,2,0,265,8.0
ca,CA,1884470933,2,0,266,8.0
ca,CA,1884470933,2,0,267,8.0
ca,CA,1884470933,2,0,268,8.0
ca,CA,1884470933,2,0,269,8.0
ca,CA,1884470933,2,0,270,8.0
ca,CA,1884470933,2,0,271,8.0
ca,CA,1884470933,2,0,272,7.0
ca,CA,1884470933,2,0,273,7.0
ca,CA,1884470933,2,0,274,7.0
ca,CA,1884470933,2,0,275,7.0
ca,CA,1884470933,2,0,276,7.0
ca,CA,1884470933,2,0,277,7.0
ca,CA,1884470933,2,0,278,7.0
ca,CA,1884470933,2,0,279,7.0
ca,CA,1884470933,2,0,280,7.0
ca,CA,1884470933,2,0,281,7.0
ca,CA,1884470933,2,0,282,7.0
ca,CA,1884470933,2,0,283,7.0
ca,CA,1884470933,2,0,284,7.0
ca,CA,1884470933,2,0,285,7.0
ca,CA,1884470933,2,0,286,7.0
ca,CA,1884470933,2,0,287,7.0
ca,CA,1884470933,2,0,288,6.0
ca,CA,1884470933,2,0,289,6.0
ca,CA,1884470933,2,0,290,6.0
ca,CA,1884470933,2,0,291,6.0
ca,CA,1884470933,2,0,292,6.0
ca,CA,1884470933,2,0,293,6.0
ca,CA,1884470933,2,0,294,6.0
ca,CA,1884470933,2,0,295,6.0
ca,CA,1884470933,2,0,296,6.0
ca,CA,1884470933,2,0,297,6.0
ca,CA,1884470933,2,0,298,6.0
ca,CA,1884470933,2,0,299,6.0
ca,CA,1884470933,2,0,300,6.0
ca,CA,1884470933,2,0,301,6.0
ca,CA,1884470933,2,0,302,6.0
ca,CA,1884470933,2,0,303,6.0
ca,CA,1884470933,2,0,304,6.0
ca,CA,1884470933,2,0,305,6.0
ca,CA,1884470933,2,0,306,6.0
ca,CA,1884470933,2,0,307,6.0
ca,CA,1884470933,2,0,308,6.0
ca,CA,1884470933,2,0,309,6.0
ca,CA,1884470933,2,0,310,6.0
ca,CA,1884470933,2,0,311,6.0
ca,CA,1884470933,2,0,312,5.0
ca,CA,1884470933,2,0,313,5.0
ca,CA,1884470933,2,0,314,5.0
ca,CA,1884470933,2,0,315,5.0
ca,CA,1884470933,2,0,316,5.0
ca,CA,1884470933,2,0,317,5.0
ca,CA,1884470933,2,0,318,5.0
ca,CA,1884470933,2,0,319,5.0
ca,CA,1884470933,2,0,320,4.0
ca,CA,1884470933,2,0,321,4.0
ca,CA,1884470933,2,0,322,4.0
ca,CA,1884470933,2,0,323,4.0
ca,CA,1884470933,2,0,324,4.0
ca,CA,1884470933,2,0,325,4.0
ca,CA,1884470933,2,0,326,4.0
ca,CA,1884470933,2,0,327,4.0
ca,CA,1884470933,2,0,328,3.0
ca,CA,1884470933,2,0,329,3.0
ca,CA,1884470933,2,0,330,3.0
ca,CA,1884470933,2,0,331,3.0
ca,CA,1884470933,2,0,332,3.0
ca,CA,1884470933,2,0,333,3.0
ca,CA,1884470933,2,0,334,3.0
ca,CA,1884470933,2,0,335,3.0
ca,CA,1884470933,2,0,336,2.0
ca,CA,1884470933,2,0,337,2.0
ca,CA,1884470933,2,0,338,2.0
ca,CA,1884470933,2,0,339,2.0
ca,CA,1884470933,2,0,340,2.0
ca,CA,1884470933,2,0,341,2.0
ca,CA,1884470933,2,0,342,2.0
ca,CA,1884470933,2,0,343,2.0
ca,CA,1884470933,2,0,344,2.0
ca,CA,1884470933,2,0,345,2.0
ca,CA,1884470933,2,0,346,2.0
ca,CA,1884470933,2,0,347,2.0
ca,CA,1884470933,2,0,348,1.0
ca,CA,1884470933,2,0,349,1.0
ca,CA,1884470933,2,0,350,1.0
ca,CA,1884470933,2,0,351,1.0
ca,CA,1884470933,2,0,352,1.0
ca,CA,1884470933,2,0,353,1.0
ca,CA,1884470933,2,0,354,1.0
ca,CA,1884470933,2,0,355,1.0
ca,CA,1884470933,2,1,0,16.0
ca,CA,1884470933,2,1,1,16.0
ca,CA,1884470933,2,1,2,16.0
ca,CA,1884470933,2,1,3,16.0
ca,CA,1884470933,2,1,4,16.0
ca,CA,1884470933,2,1,5,16.0
ca,CA,1884470933,2,1,6,16.0
ca,CA,1884470933,2,1,7,16.0
ca,CA,1884470933,2,1,8,16.0
ca,CA,1884470933,2,1,9,16.0
ca,CA,1884470933,2,1,10,16.0
ca,CA,1884470933,2,1,11,16.0
ca,CA,1884470933,2,1,12,16.0
ca,CA,1884470933,2,1,13,16.0
ca,CA,1884470933,2,1,14,16.0
ca,CA,1884470933,2,1,15,16.0
ca,CA,1884470933,2,1,16,16.0
ca,CA,1884470933,2,1,17,16.0
ca,CA,1884470933,2,1,18,16.0
ca,CA,1884470933,2,1,19,16.0
ca,CA,1884470933,2,1,20,16.0
ca,CA,1884470933,2,1,21,16.0
ca,CA,1884470933,2,1,22,16.0
ca,CA,1884470933,2,1,23,16.0
ca,CA,1884470933,2,1,24,16.0
ca,CA,1884470933,2,1,25,16.0
ca,CA,1884470933,2,1,26,16.0
ca,CA,1884470933,2,1,27,16.0
ca,CA,1884470933,2,1,28,15.0
ca,CA,1884470933,2,1,29,15.0
ca,CA,1884470933,2,1,30,15.0
ca,CA,1884470933,2,1,31,15.0
ca,CA,1884470933,2,1,32,11.0
ca,CA,1884470933,2,1,33,11.0
ca,CA,1884470933,2,1,34,11.0
ca,CA,1884470933,2,1,35,11.0
ca,CA,1884470933,2,1,36,11.0
ca,CA,1884470933,2,1,37,11.0
ca,CA,1884470933,2,1,38,11.0
ca,CA,1884470933,2,1,39,11.0
ca,CA,1884470933,2,1,40,11.0
ca,CA,1884470933,2,1,41,11.0
ca,CA,1884470933,2,1,42,11.0
ca,CA,1884470933,2,1,43,11.0
ca,CA,1884470933,2,1,44,11.0
ca,CA,1884470933,2,1,45,11.0
ca,CA,1884470933,2,1,46,11.0
ca,CA,1884470933,2,1,47,11.0
ca,CA,1884470933,2,1,48,11.0
ca,CA,1884470933,2,1,49,11.0
ca,CA,1884470933,2,1,50,11.0
ca,CA,1884470933,2,1,51,11.0
ca,CA,1884470933,2,1,52,11.0
ca,CA,1884470933,2,1,53,11.0
ca,CA,1884470933,2,1,54,11.0
ca,CA,1884470933,2,1,55,11.0
ca,CA,1884470933,2,1,56,11.0
ca,CA,1884470933,2,1,57,11.0
ca,CA,1884470933,2,1,58,11.0
ca,CA,1884470933,2,1,59,11.0
ca,CA,1884470933,2,1,60,11.0
ca,CA,1884470933,2,1,61,11.0
ca,CA,1884470933,2,1,62,11.0
ca,CA,1884470933,2,1,63,11.0
ca,CA,1884470933,2,1,64,11.0
ca,CA,1884470933,2,1,65,11.0
ca,CA,1884470933,2,1,66,11.0
ca,CA,1884470933,2,1,67,11.0
ca,CA,1884470933,2,1,68,11.0
ca,CA,1884470933,2,1,69,11.0
ca,CA,1884470933,2,1,70,11.0
ca,CA,1884470933,2,1,71,11.0
ca,CA,1884470933,2,1,72,11.0
ca,CA,1884470933,2,1,73,11.0
ca,CA,1884470933,2,1,74,11.0
ca,CA,1884470933,2,1,75,11.0
ca,CA,1884470933,2,1,76,11.0
ca,CA,1884470933,2,1,77,11.0
ca,CA,1884470933,2,1,78,11.0
ca,CA,1884470933,2,1,79,11.0
ca,CA,1884470933,2,1,80,11.0
ca,CA,1884470933,2,1,81,11.0
ca,CA,1884470933,2,1,82,11.0
ca,CA,1884470933,2,1,83,11.0
ca,CA,1884470933,2,1,84,11.0
ca,CA,1884470933,2,1,85,11.0
ca,CA,1884470933,2,1,86,11.0
ca,CA,1884470933,2,1,87,11.0
ca,CA,1884470933,2,1,88,11.0
ca,CA,1884470933,2,1,89,11.0
ca,CA,1884470933,2,1,90,11.0
ca,CA,1884470933,2,1,91,11.0
ca,CA,1884470933,2,1,92,11.0
ca,CA,1884470933,2,1,93,11.0
ca,CA,1884470933,2,1,94,11.0
ca,CA,1884470933,2,1,95,11.0
ca,CA,1884470933,2,1,96,11.0
ca,CA,1884470933,2,1,97,11.0
ca,CA,1884470933,2,1,98,11.0
ca,CA,1884470933,2,1,99,11.0
ca,CA,1884470933,2,1,100,10.0
ca,CA,1884470933,2,1,101,10.0
ca,CA,1884470933,2,1,102,10.0
ca,CA,1884470933,2,1,103,10.0
ca,CA,1884470933,2,1,104,10.0
ca,CA,1884470933,2,1,105,10.0
ca,CA,1884470933,2,1,106,10.0
ca,CA,1884470933,2,1,107,10.0
ca,CA,1884470933,2,1,108,10.0
ca,CA,1884470933,2,1,109,10.0
ca,CA,1884470933,2,1,110,10.0
ca,CA,1884470933,2,1,111,10.0
ca,CA,1884470933,2,1,112,10.0
ca,CA,1884470933,2,1,113,10.0
ca,CA,1884470933,2,1,114,10.0
ca,CA,1884470933,2,1,115,10.0
ca,CA,1884470933,2,1,116,10.0
ca,CA,1884470933,2,1,117,10.0
ca,CA,1884470933,2,1,118,10.0
ca,CA,1884470933,2,1,119,10.0
ca,CA,1884470933,2,1,120,10.0
ca,CA,1884470933,2,1,121,10.0
ca,CA,1884470933,2,1,122,10.0
ca,CA,1884470933,2,1,123,10.0
ca,CA,1884470933,2,1,124,10.0
ca,CA,1884470933,2,1,125,10.0
ca,CA,1884470933,2,1,126,10.0
ca,CA,1884470933,2,1,127,10.0
ca,CA,1884470933,2,1,128,10.0
ca,CA,1884470933,2,1,129,10.0
ca,CA,1884470933,2,1,130,10.0
ca,CA,1884470933,2,1,131,10.0
ca,CA,1884470933,2,1,132,10.0
ca,CA,1884470933,2,1,133,10.0
ca,CA,1884470933,2,1,134,10.0
ca,CA,1884470933,2,1,135,10.0
ca,CA,1884470933,2,1,136,10.0
ca,CA,1884470933,2,1,137,10.0
ca,CA,1884470933,2,1,138,10.0
ca,CA,1884470933,2,1,139,10.0
ca,CA,1884470933,2,1,140,9.0
ca,CA,1884470933,2,1,141,9.0
ca,CA,1884470933,2,1,142,9.0
ca,CA,1884470933,2,1,143,9.0
ca,CA,1884470933,2,1,144,9.0
ca,CA,1884470933,2,1,145,9.0
ca,CA,1884470933,2,1,146,9.0
ca,CA,1884470933,2,1,147,9.0
ca,CA,1884470933,2,1,148,9.0
ca,CA,1884470933,2,1,149,9.0
ca,CA,1884470933,2,1,150,9.0
ca,CA,1884470933,2,1,151,9.0
ca,CA,1884470933,2,1,152,9.0
ca,CA,1884470933,2,1,153,9.0
ca,CA,1884470933,2,1,154,9.0
ca,CA,1884470933,2,1,155,9.0
ca,CA,1884470933,2,1,156,9.0
ca,CA,1884470933,2,1,157,9.0
ca,CA,1884470933,2,1,158,9.0
ca,CA,1884470933,2,1,159,9.0
ca,CA,1884470933,2,1,160,9.0
ca,CA,1884470933,2,1,161,9.0
ca,CA,1884470933,2,1,162,9.0
ca,CA,1884470933,2,1,163,9.0
ca,CA,1884470933,2,1,164,9.0
ca,CA,1884470933,2,1,165,9.0
ca,CA,1884470933,2,1,166,9.0
ca,CA,1884470933,2,1,167,9.0
ca,CA,1884470933,2,1,168,9.0
ca,CA,1884470933,2,1,169,9.0
ca,CA,1884470933,2,1,170,9.0
ca,CA,1884470933,2,1,171,9.0
ca,CA,1884470933,2,1,172,8.0
ca,CA,1884470933,2,1,173,8.0
ca,CA,1884470933,2,1,174,8.0
ca,CA,1884470933,2,1,175,8.0
ca,CA,1884470933,2,1,176,8.0
ca,CA,1884470933,2,1,177,8.0
ca,CA,1884470933,2,1,178,8.0
ca,CA,1884470933,2,1,179,8.0
ca,CA,1884470933,2,1,180,8.0
ca,CA,1884470933,2,1,181,8.0
ca,CA,1884470933,2,1,182,8.0
ca,CA,1884470933,2,1,183,8.0
ca,CA,1884470933,2,1,184,8.0
ca,CA,1884470933,2,1,185,8.0
ca,CA,1884470933,2,1,186,8.0
ca,CA,1884470933,2,1,187,8.0
ca,CA,1884470933,2,1,188,8.0
ca,CA,1884470933,2,1,189,8.0
ca,CA,1884470933,2,1,190,8.0
ca,CA,1884470933,2,1,191,8.0
ca,CA,1884470933,2,1,192,8.0
ca,CA,1884470933,2,1,193,8.0
ca,CA,1884470933,2,1,194,8.0
ca,CA,1884470933,2,1,195,8.0
ca,CA,1884470933,2,1,196,8.0
ca,CA,1884470933,2,1,197,8.0
ca,CA,1884470933,2,1,198,8.0
ca,CA,1884470933,2,1,199,8.0
ca,CA,1884470933,2,1,200,8.0
ca,CA,1884470933,2,1,201,8.0
ca,CA,1884470933,2,1,202,8.0
ca,CA,1884470933,2,1,203,8.0
ca,CA,1884470933,2,1,204,8.0
ca,CA,1884470933,2,1,205,8.0
ca,CA,1884470933,2,1,206,8.0
ca,CA,1884470933,2,1,207,8.0
ca,CA,1884470933,2,1,208,8.0
ca,CA,1884470933,2,1,209,8.0
ca,CA,1884470933,2,1,210,8.0
ca,CA,1884470933,2,1,211,8.0
ca,CA,1884470933,2,1,212,8.0
ca,CA,1884470933,2,1,213,8.0
ca,CA,1884470933,2,1,214,8.0
ca,CA,1884470933,2,1,215,8.0
ca,CA,1884470933,2,1,216,8.0
ca,CA,1884470933,2,1,217,8.0
ca,CA,1884470933,2,1,218,8.0
ca,CA,1884470933,2,1,219,8.0
ca,CA,1884470933,2,1,220,8.0
ca,CA,1884470933,2,1,221,8.0
ca,CA,1884470933,2,1,222,8.0
ca,CA,1884470933,2,1,223,8.0
ca,CA,1884470933,2,1,224,8.0
ca,CA,1884470933,2,1,225,8.0
ca,CA,1884470933,2,1,226,8.0
ca,CA,1884470933,2,1,227,8.0
ca,CA,1884470933,2,1,228,8.0
ca,CA,1884470933,2,1,229,8.0
ca,CA,1884470933,2,1,230,8.0
ca,CA,1884470933,2,1,231,8.0
ca,CA,1884470933,2,1,232,8.0
ca,CA,1884470933,2,1,233,8.0
ca,CA,1884470933,2,1,234,8.0
ca,CA,1884470933,2,1,235,8.0
ca,CA,1884470933,2,1,236,8.0
ca,CA,1884470933,2,1,237,8.0
ca,CA,1884470933,2,1,238,8.0
ca,CA,1884470933,2,1,239,8.0
ca,CA,1884470933,2,1,240,8.0
ca,CA,1884470933,2,1,241,8.0
ca,CA,1884470933,2,1,242,8.0
ca,CA,1884470933,2,1,243,8.0
ca,CA,1884470933,2,1,244,8.0
ca,CA,1884470933,2,1,245,8.0
ca,CA,1884470933,2,1,246,8.0
ca,CA,1884470933,2,1,247,8.0
ca,CA,1884470933,2,1,248,8.0
ca,CA,1884470933,2,1,249,8.0
ca,CA,1884470933,2,1,250,8.0
ca,CA,1884470933,2,1,251,8.0
ca,CA,1884470933,2,1,252,8.0
ca,CA,1884470933,2,1,253,8.0
ca,CA,1884470933,2,1,254,8.0
ca,CA,1884470933,2,1,255,8.0
ca,CA,1884470933,2,1,256,8.0
ca,CA,1884470933,2,1,257,8.0
ca,CA,1884470933,2,1,258,8.0
ca,CA,1884470933,2,1,259,8.0
ca,CA,1884470933,2,1,260,8.0
ca,CA,1884470933,2,1,261,8.0
ca,CA,1884470933,2,1,262,8.0
ca,CA,1884470933,2,1,263,8.0
ca,CA,1884470933,2,1,264,8.0
ca,CA,1884470933,2,1,265,8.0
ca,CA,1884470933,2,1,266,8.0
ca,CA,1884470933,2,1,267,8.0
ca,CA,1884470933,2,1,268,8.0
ca,CA,1884470933,2,1,269,8.0
ca,CA,1884470933,2,1,270,8.0
ca,CA,1884470933,2,1,271,8.0
ca,CA,1884470933,2,1,272,7.0
ca,CA,1884470933,2,1,273,7.0
ca,CA,1884470933,2,1,274,7.0
ca,CA,1884470933,2,1,275,7.0
ca,CA,1884470933,2,1,276,7.0
ca,CA,1884470933,2,1,277,7.0
ca,CA,1884470933,2,1,278,7.0
ca,CA,1884470933,2,1,279,7.0
ca,CA,1884470933,2,1,280,7.0
ca,CA,1884470933,2,1,281,7.0
ca,CA,1884470933,2,1,282,7.0
ca,CA,1884470933,2,1,283,7.0
ca,CA,1884470933,2,1,284,7.0
ca,CA,1884470933,2,1,285,7.0
ca,CA,1884470933,2,1,286,7.0
ca,CA,1884470933,2,1,287,7.0
ca,CA,1884470933,2,1,288,6.0
ca,CA,1884470933,2,1,289,6.0
ca,CA,1884470933,2,1,290,6.0
ca,CA,1884470933,2,1,291,6.0
ca,CA,1884470933,2,1,292,6.0
ca,CA,1884470933,2,1,293,6.0
ca,CA,1884470933,2,1,294,6.0
ca,CA,1884470933,2,1,295,6.0
ca,CA,1884470933,2,1,296,6.0
ca,CA,1884470933,2,1,297,6.0
ca,CA,1884470933,2,1,298,6.0
ca,CA,1884470933,2,1,299,6.0
ca,CA,1884470933,2,1,300,6.0
ca,CA,1884470933,2,1,301,6.0
ca,CA,1884470933,2,1,302,6.0
ca,CA,1884470933,2,1,303,6.0
ca,CA,1884470933,2,1,304,6.0
ca,CA,1884470933,2,1,305,6.0
ca,CA,1884470933,2,1,306,6.0
ca,CA,1884470933,2,1,307,6.0
ca,CA,1884470933,2,1,308,6.0
ca,CA,1884470933,2,1,309,6.0
ca,CA,1884470933,2,1,310,6.0
ca,CA,1884470933,2,1,311,6.0
ca,CA,1884470933,2,1,312,5.0
ca,CA,1884470933,2,1,313,5.0
ca,CA,1884470933,2,1,314,5.0
ca,CA,1884470933,2,1,315,5.0
ca,CA,1884470933,2,1,316,5.0
ca,CA,1884470933,2,1,317,5.0
ca,CA,1884470933,2,1,318,5.0
ca,CA,1884470933,2,1,319,5.0
ca,CA,1884470933,2,1,320,4.0
ca,CA,1884470933,2,1,321,4.0
ca,CA,1884470933,2,1,322,4.0
ca,CA,1884470933,2,1,323,4.0
ca,CA,1884470933,2,1,324,4.0
ca,CA,1884470933,2,1,325,4.0
ca,CA,1884470933,2,1,326,4.0
ca,CA,1884470933,2,1,327,4.0
ca,CA,1884470933,2,1,328,3.0
ca,CA,1884470933,2,1,329,3.0
ca,CA,1884470933,2,1,330,3.0
ca,CA,1884470933,2,1,331,3.0
ca,CA,1884470933,2,1,332,3.0
ca,CA,1884470933,2,1,333,3.0
ca,CA,1884470933,2,1,334,3.0
ca,CA,1884470933,2,1,335,3.0
ca,CA,1884470933,2,1,336,2.0
ca,CA,1884470933,2,1,337,2.0
ca,CA,1884470933,2,1,338,2.0
ca,CA,1884470933,2,1,339,2.0
ca,CA,1884470933,2,1,340,2.0
ca,CA,1884470933,2,1,341,2.0
ca,CA,1884470933,2,1,342,2.0
ca,CA,1884470933,2,1,343,2.0
ca,CA,1884470933,2,1,344,2.0
ca,CA,1884470933,2,1,345,2.0
ca,CA,1884470933,2,1,346,2.0
ca,CA,1884470933,2,1,347,2.0
ca,CA,1884470933,2,1,348,1.0
ca,CA,1884470933,2,1,349,1.0
ca,CA,1884470933,2,1,350,1.0
ca,CA,1884470933,2,1,351,1.0
ca,CA,1884470933,2,1,352,1.0
ca,CA,1884470933,2,1,353,1.0
ca,CA,1884470933,2,1,354,1.0
ca,CA,1884470933,2,1,355,1.0
ca,CA,1884470933,2,2,0,16.0
ca,CA,1884470933,2,2,1,16.0
ca,CA,1884470933,2,2,2,16.0
ca,CA,1884470933,2,2,3,16.0
ca,CA,1884470933,2,2,4,16.0
ca,CA,1884470933,2,2,5,16.0
ca,CA,1884470933,2,2,6,16.0
ca,CA,1884470933,2,2,7,16.0
ca,CA,1884470933,2,2,8,16.0
ca,CA,1884470933,2,2,9,16.0
ca,CA,1884470933,2,2,10,16.0
ca,CA,1884470933,2,2,11,16.0
ca,CA,1884470933,2,2,12,16.0
ca,CA,1884470933,2,2,13,16.0
ca,CA,1884470933,2,2,14,16.0
ca,CA,1884470933,2,2,15,16.0
ca,CA,1884470933,2,2,16,16.0
ca,CA,1884470933,2,2,17,16.0
ca,CA,1884470933,2,2,18,16.0
ca,CA,1884470933,2,2,19,16.0
ca,CA,1884470933,2,2,20,16.0
ca,CA,1884470933,2,2,21,16.0
ca,CA,1884470933,2,2,22,16.0
ca,CA,1884470933,2,2,23,16.0
ca,CA,1884470933,2,2,24,16.0
ca,CA,1884470933,2,2,25,16.0
ca,CA,1884470933,2,2,26,16.0
ca,CA,1884470933,2,2,27,16.0
ca,CA,1884470933,2,2,28,15.0
ca,CA,1884470933,2,2,29,15.0
ca,CA,1884470933,2,2,30,15.0
ca,CA,1884470933,2,2,31,15.0
ca,CA,1884470933,2,2,32,11.0
ca,CA,1884470933,2,2,33,11.0
ca,CA,1884470933,2,2,34,11.0
ca,CA,1884470933,2,2,35,11.0
ca,CA,1884470933,2,2,36,11.0
ca,CA,1884470933,2,2,37,11.0
ca,CA,1884470933,2,2,38,11.0
ca,CA,1884470933,2,2,39,11.0
ca,CA,1884470933,2,2,40,11.0
ca,CA,1884470933,2,2,41,11.0
ca,CA,1884470933,2,2,42,11.0
ca,CA,1884470933,2,2,43,11.0
ca,CA,1884470933,2,2,44,11.0
ca,CA,1884470933,2,2,45,11.0
ca,CA,1884470933,2,2,46,11.0
ca,CA,1884470933,2,2,47,11.0
ca,CA,1884470933,2,2,48,11.0
ca,CA,1884470933,2,2,49,11.0
ca,CA,1884470933,2,2,50,11.0
ca,CA,1884470933,2,2,51,11.0
ca,CA,1884470933,2,2,52,11.0
ca,CA,1884470933,2,2,53,11.0
ca,CA,1884470933,2,2,54,11.0
ca,CA,1884470933,2,2,55,11.0
ca,CA,1884470933,2,2,56,11.0
ca,CA,1884470933,2,2,57,11.0
ca,CA,1884470933,2,2,58,11.0
ca,CA,1884470933,2,2,59,11.0
ca,CA,1884470933,2,2,60,11.0
ca,CA,1884470933,2,2,61,11.0
ca,CA,1884470933,2,2,62,11.0
ca,CA,1884470933,2,2,63,11.0
ca,CA,1884470933,2,2,64,11.0
ca,CA,1884470933,2,2,65,11.0
ca,CA,1884470933,2,2,66,11.0
ca,CA,1884470933,2,2,67,11.0
ca,CA,1884470933,2,2,68,11.0
ca,CA,1884470933,2,2,69,11.0
ca,CA,1884470933,2,2,70,11.0
ca,CA,1884470933,2,2,71,11.0
ca,CA,1884470933,2,2,72,11.0
ca,CA,1884470933,2,2,73,11.0
ca,CA,1884470933,2,2,74,11.0
ca,CA,1884470933,2,2,75,11.0
ca,CA,1884470933,2,2,76,11.0
ca,CA,1884470933,2,2,77,11.0
ca,CA,1884470933,2,2,78,11.0
ca,CA,1884470933,2,2,79,11.0
ca,CA,1884470933,2,2,80,11.0
ca,CA,1884470933,2,2,81,11.0
ca,CA,1884470933,2,2,82,11.0
ca,CA,1884470933,2,2,83,11.0
ca,CA,1884470933,2,2,84,11.0
ca,CA,1884470933,2,2,85,11.0
ca,CA,1884470933,2,2,86,11.0
ca,CA,1884470933,2,2,87,11.0
ca,CA,1884470933,2,2,88,11.0
ca,CA,1884470933,2,2,89,11.0
ca,CA,1884470933,2,2,90,11.0
ca,CA,1884470933,2,2,91,11.0
ca,CA,1884470933,2,2,92,11.0
ca,CA,1884470933,2,2,93,11.0
ca,CA,1884470933,2,2,94,11.0
ca,CA,1884470933,2,2,95,11.0
ca,CA,1884470933,2,2,96,11.0
ca,CA,1884470933,2,2,97,11.0
ca,CA,1884470933,2,2,98,11.0
ca,CA,1884470933,2,2,99,11.0
ca,CA,1884470933,2,2,100,10.0
ca,CA,1884470933,2,2,101,10.0
ca,CA,1884470933,2,2,102,10.0
ca,CA,1884470933,2,2,103,10.0
ca,CA,1884470933,2,2,104,10.0
ca,CA,1884470933,2,2,105,10.0
ca,CA,1884470933,2,2,106,10.0
ca,CA,1884470933,2,2,107,10.0
ca,CA,1884470933,2,2,108,10.0
ca,CA,1884470933,2,2,109,10.0
ca,CA,1884470933,2,2,110,10.0
ca,CA,1884470933,2,2,111,10.0
ca,CA,1884470933,2,2,112,10.0
ca,CA,1884470933,2,2,113,10.0
ca,CA,1884470933,2,2,114,10.0
ca,CA,1884470933,2,2,115,10.0
ca,CA,1884470933,2,2,116,10.0
ca,CA,1884470933,2,2,117,10.0
ca,CA,1884470933,2,2,118,10.0
ca,CA,1884470933,2,2,119,10.0
ca,CA,1884470933,2,2,120,10.0
ca,CA,1884470933,2,2,121,10.0
ca,CA,1884470933,2,2,122,10.0
ca,CA,1884470933,2,2,123,10.0
ca,CA,1884470933,2,2,124,10.0
ca,CA,1884470933,2,2,125,10.0
ca,CA,1884470933,2,2,126,10.0
ca,CA,1884470933,2,2,127,10.0
ca,CA,1884470933,2,2,128,10.0
ca,CA,1884470933,2,2,129,10.0
ca,CA,1884470933,2,2,130,10.0
ca,CA,1884470933,2,2,131,10.0
ca,CA,1884470933,2,2,132,10.0
ca,CA,1884470933,2,2,133,10.0
ca,CA,1884470933,2,2,134,10.0
ca,CA,1884470933,2,2,135,10.0
ca,CA,1884470933,2,2,136,10.0
ca,CA,1884470933,2,2,137,10.0
ca,CA,1884470933,2,2,138,10.0
ca,CA,1884470933,2,2,139,10.0
ca,CA,1884470933,2,2,140,9.0
ca,CA,1884470933,2,2,141,9.0
ca,CA,1884470933,2,2,142,9.0
ca,CA,1884470933,2,2,143,9.0
ca,CA,1884470933,2,2,144,9.0
ca,CA,1884470933,2,2,145,9.0
ca,CA,1884470933,2,2,146,9.0
ca,CA,1884470933,2,2,147,9.0
ca,CA,1884470933,2,2,148,9.0
ca,CA,1884470933,2,2,149,9.0
ca,CA,1884470933,2,2,150,9.0
ca,CA,1884470933,2,2,151,9.0
ca,CA,1884470933,2,2,152,9.0
ca,CA,1884470933,2,2,153,9.0
ca,CA,1884470933,2,2,154,9.0
ca,CA,1884470933,2,2,155,9.0
ca,CA,1884470933,2,2,156,9.0
ca,CA,1884470933,2,2,157,9.0
ca,CA,1884470933,2,2,158,9.0
ca,CA,1884470933,2,2,159,9.0
ca,CA,1884470933,2,2,160,9.0
ca,CA,1884470933,2,2,161,9.0
ca,CA,1884470933,2,2,162,9.0
ca,CA,1884470933,2,2,163,9.0
ca,CA,1884470933,2,2,164,9.0
ca,CA,1884470933,2,2,165,9.0
ca,CA,1884470933,2,2,166,9.0
ca,CA,1884470933,2,2,167,9.0
ca,CA,1884470933,2,2,168,9.0
ca,CA,1884470933,2,2,169,9.0
ca,CA,1884470933,2,2,170,9.0
ca,CA,1884470933,2,2,171,9.0
ca,CA,1884470933,2,2,172,8.0
ca,CA,1884470933,2,2,173,8.0
ca,CA,1884470933,2,2,174,8.0
ca,CA,1884470933,2,2,175,8.0
ca,CA,1884470933,2,2,176,8.0
ca,CA,1884470933,2,2,177,8.0
ca,CA,1884470933,2,2,178,8.0
ca,CA,1884470933,2,2,179,8.0
ca,CA,1884470933,2,2,180,8.0
ca,CA,1884470933,2,2,181,8.0
ca,CA,1884470933,2,2,182,8.0
ca,CA,1884470933,2,2,183,8.0
ca,CA,1884470933,2,2,184,8.0
ca,CA,1884470933,2,2,185,8.0
ca,CA,1884470933,2,2,186,8.0
ca,CA,1884470933,2,2,187,8.0
ca,CA,1884470933,2,2,188,8.0
ca,CA,1884470933,2,2,189,8.0
ca,CA,1884470933,2,2,190,8.0
ca,CA,1884470933,2,2,191,8.0
ca,CA,1884470933,2,2,192,8.0
ca,CA,1884470933,2,2,193,8.0
ca,CA,1884470933,2,2,194,8.0
ca,CA,1884470933,2,2,195,8.0
ca,CA,1884470933,2,2,196,8.0
ca,CA,1884470933,2,2,197,8.0
ca,CA,1884470933,2,2,198,8.0
ca,CA,1884470933,2,2,199,8.0
ca,CA,1884470933,2,2,200,8.0
ca,CA,1884470933,2,2,201,8.0
ca,CA,1884470933,2,2,202,8.0
ca,CA,1884470933,2,2,203,8.0
ca,CA,1884470933,2,2,204,8.0
ca,CA,1884470933,2,2,205,8.0
ca,CA,1884470933,2,2,206,8.0
ca,CA,1884470933,2,2,207,8.0
ca,CA,1884470933,2,2,208,8.0
ca,CA,1884470933,2,2,209,8.0
ca,CA,1884470933,2,2,210,8.0
ca,CA,1884470933,2,2,211,8.0
ca,CA,1884470933,2,2,212,8.0
ca,CA,1884470933,2,2,213,8.0
ca,CA,1884470933,2,2,214,8.0
ca,CA,1884470933,2,2,215,8.0
ca,CA,1884470933,2,2,216,8.0
ca,CA,1884470933,2,2,217,8.0
ca,CA,1884470933,2,2,218,8.0
ca,CA,1884470933,2,2,219,8.0
ca,CA,1884470933,2,2,220,8.0
ca,CA,1884470933,2,2,221,8.0
ca,CA,1884470933,2,2,222,8.0
ca,CA,1884470933,2,2,223,8.0
ca,CA,1884470933,2,2,224,8.0
ca,CA,1884470933,2,2,225,8.0
ca,CA,1884470933,2,2,226,8.0
ca,CA,1884470933,2,2,227,8.0
ca,CA,1884470933,2,2,228,8.0
ca,CA,1884470933,2,2,229,8.0
ca,CA,1884470933,2,2,230,8.0
ca,CA,1884470933,2,2,231,8.0
ca,CA,1884470933,2,2,232,8.0
ca,CA,1884470933,2,2,233,8.0
ca,CA,1884470933,2,2,234,8.0
ca,CA,1884470933,2,2,235,8.0
ca,CA,1884470933,2,2,236,8.0
ca,CA,1884470933,2,2,237,8.0
ca,CA,1884470933,2,2,238,8.0
ca,CA,1884470933,2,2,239,8.0
ca,CA,1884470933,2,2,240,8.0
ca,CA,1884470933,2,2,241,8.0
ca,CA,1884470933,2,2,242,8.0
ca,CA,1884470933,2,2,243,8.0
ca,CA,1884470933,2,2,244,8.0
ca,CA,1884470933,2,2,245,8.0
ca,CA,1884470933,2,2,246,8.0
ca,CA,1884470933,2,2,247,8.0
ca,CA,1884470933,2,2,248,8.0
ca,CA,1884470933,2,2,249,8.0
ca,CA,1884470933,2,2,250,8.0
ca,CA,1884470933,2,2,251,8.0
ca,CA,1884470933,2,2,252,8.0
ca,CA,1884470933,2,2,253,8.0
ca,CA,1884470933,2,2,254,8.0
ca,CA,1884470933,2,2,255,8.0
ca,CA,1884470933,2,2,256,8.0
ca,CA,1884470933,2,2,257,8.0
ca,CA,1884470933,2,2,258,8.0
ca,CA,1884470933,2,2,259,8.0
ca,CA,1884470933,2,2,260,8.0
ca,CA,1884470933,2,2,261,8.0
ca,CA,1884470933,2,2,262,8.0
ca,CA,1884470933,2,2,263,8.0
ca,CA,1884470933,2,2,264,8.0
ca,CA,1884470933,2,2,265,8.0
ca,CA,1884470933,2,2,266,8.0
ca,CA,1884470933,2,2,267,8.0
ca,CA,1884470933,2,2,268,8.0
ca,CA,1884470933,2,2,269,8.0
ca,CA,1884470933,2,2,270,8.0
ca,CA,1884470933,2,2,271,8.0
ca,CA,1884470933,2,2,272,7.0
ca,CA,1884470933,2,2,273,7.0
ca,CA,1884470933,2,2,274,7.0
ca,CA,1884470933,2,2,275,7.0
ca,CA,1884470933,2,2,276,7.0
ca,CA,1884470933,2,2,277,7.0
ca,CA,1884470933,2,2,278,7.0
ca,CA,1884470933,2,2,279,7.0
ca,CA,1884470933,2,2,280,7.0
ca,CA,1884470933,2,2,281,7.0
ca,CA,1884470933,2,2,282,7.0
ca,CA,1884470933,2,2,283,7.0
ca,CA,1884470933,2,2,284,7.0
ca,CA,1884470933,2,2,285,7.0
ca,CA,1884470933,2,2,286,7.0
ca,CA,1884470933,2,2,287,7.0
ca,CA,1884470933,2,2,288,6.0
ca,CA,1884470933,2,2,289,6.0
ca,CA,1884470933,2,2,290,6.0
ca,CA,1884470933,2,2,291,6.0
ca,CA,1884470933,2,2,292,6.0
ca,CA,1884470933,2,2,293,6.0
ca,CA,1884470933,2,2,294,6.0
ca,CA,1884470933,2,2,295,6.0
ca,CA,1884470933,2,2,296,6.0
ca,CA,1884470933,2,2,297,6.0
ca,CA,1884470933,2,2,298,6.0
ca,CA,1884470933,2,2,299,6.0
ca,CA,1884470933,2,2,300,6.0
ca,CA,1884470933,2,2,301,6.0
ca,CA,1884470933,2,2,302,6.0
ca,CA,1884470933,2,2,303,6.0
ca,CA,1884470933,2,2,304,6.0
ca,CA,1884470933,2,2,305,6.0
ca,CA,1884470933,2,2,306,6.0
ca,CA,1884470933,2,2,307,6.0
ca,CA,1884470933,2,2,308,6.0
ca,CA,1884470933,2,2,309,6.0
ca,CA,1884470933,2,2,310,6.0
ca,CA,1884470933,2,2,311,6.0
ca,CA,1884470933,2,2,312,5.0
ca,CA,1884470933,2,2,313,5.0
ca,CA,1884470933,2,2,314,5.0
ca,CA,1884470933,2,2,315,5.0
ca,CA,1884470933,2,2,316,5.0
ca,CA,1884470933,2,2,317,5.0
ca,CA,1884470933,2,2,318,5.0
ca,CA,1884470933,2,2,319,5.0
ca,CA,1884470933,2,2,320,4.0
ca,CA,1884470933,2,2,321,4.0
ca,CA,1884470933,2,2,322,4.0
ca,CA,1884470933,2,2,323,4.0
ca,CA,1884470933,2,2,324,4.0
ca,CA,1884470933,2,2,325,4.0
ca,CA,1884470933,2,2,326,4.0
ca,CA,1884470933,2,2,327,4.0
ca,CA,1884470933,2,2,328,3.0
ca,CA,1884470933,2,2,329,3.0
ca,CA,1884470933,2,2,330,3.0
ca,CA,1884470933,2,2,331,3.0
ca,CA,1884470933,2,2,332,3.0
ca,CA,1884470933,2,2,333,3.0
ca,CA,1884470933,2,2,334,3.0
ca,CA,1884470933,2,2,335,3.0
ca,CA,1884470933,2,2,336,2.0
ca,CA,1884470933,2,2,337,2.0
ca,CA,1884470933,2,2,338,2.0
ca,CA,1884470933,2,2,339,2.0
ca,CA,1884470933,2,2,340,2.0
ca,CA,1884470933,2,2,341,2.0
ca,CA,1884470933,2,2,342,2.0
ca,CA,1884470933,2,2,343,2.0
ca,CA,1884470933,2,2,344,2.0
ca,CA,1884470933,2,2,345,2.0
ca,CA,1884470933,2,2,346,2.0
ca,CA,1884470933,2,2,347,2.0
ca,CA,1884470933,2,2,348,1.0
ca,CA,1884470933,2,2,349,1.0
ca,CA,1884470933,2,2,350,1.0
ca,CA,1884470933,2,2,351,1.0
ca,CA,1884470933,2,2,352,1.0
ca,CA,1884470933,2,2,353,1.0
ca,CA,1884470933,2,2,354,1.0
ca,CA,1884470933,2,2,355,1.0
ca,CA,1884470933,3,0,0,16.0
ca,CA,1884470933,3,0,1,16.0
ca,CA,1884470933,3,0,2,16.0
ca,CA,1884470933,3,0,3,16.0
ca,CA,1884470933,3,0,4,16.0
ca,CA,1884470933,3,0,5,16.0
ca,CA,1884470933,3,0,6,16.0
ca,CA,1884470933,3,0,7,16.0
ca,CA,1884470933,3,0,8,16.0
ca,CA,1884470933,3,0,9,16.0
ca,CA,1884470933,3,0,10,16.0
ca,CA,1884470933,3,0,11,16.0
ca,CA,1884470933,3,0,12,16.0
ca,CA,1884470933,3,0,13,16.0
ca,CA,1884470933,3,0,14,16.0
ca,CA,1884470933,3,0,15,16.0
ca,CA,1884470933,3,0,16,16.0
ca,CA,1884470933,3,0,17,16.0
ca,CA,1884470933,3,0,18,16.0
ca,CA,1884470933,3,0,19,16.0
ca,CA,1884470933,3,0,20,16.0
ca,CA,1884470933,3,0,21,16.0
ca,CA,1884470933,3,0,22,16.0
ca,CA,1884470933,3,0,23,16.0
ca,CA,1884470933,3,0,24,16.0
ca,CA,1884470933,3,0,25,16.0
ca,CA,1884470933,3,0,26,16.0
ca,CA,1884470933,3,0,27,16.0
ca,CA,1884470933,3,0,28,15.0
ca,CA,1884470933,3,0,29,15.0
ca,CA,1884470933,3,0,30,15.0
ca,CA,1884470933,3,0,31,15.0
ca,CA,1884470933,3,0,32,11.0
ca,CA,1884470933,3,0,33,11.0
ca,CA,1884470933,3,0,34,11.0
ca,CA,1884470933,3,0,35,11.0
ca,CA,1884470933,3,0,36,11.0
ca,CA,1884470933,3,0,37,11.0
ca,CA,1884470933,3,0,38,11.0
ca,CA,1884470933,3,0,39,11.0
ca,CA,1884470933,3,0,40,11.0
ca,CA,1884470933,3,0,41,11.0
ca,CA,1884470933,3,0,42,11.0
ca,CA,1884470933,3,0,43,11.0
ca,CA,1884470933,3,0,44,11.0
ca,CA,1884470933,3,0,45,11.0
ca,CA,1884470933,3,0,46,11.0
ca,CA,1884470933,3,0,47,11.0
ca,CA,1884470933,3,0,48,11.0
ca,CA,1884470933,3,0,49,11.0
ca,CA,1884470933,3,0,50,11.0
ca,CA,1884470933,3,0,51,11.0
ca,CA,1884470933,3,0,52,11.0
ca,CA,1884470933,3,0,53,11.0
ca,CA,1884470933,3,0,54,11.0
ca,CA,1884470933,3,0,55,11.0
ca,CA,1884470933,3,0,56,11.0
ca,CA,1884470933,3,0,57,11.0
ca,CA,1884470933,3,0,58,11.0
ca,CA,1884470933,3,0,59,11.0
ca,CA,1884470933,3,0,60,11.0
ca,CA,1884470933,3,0,61,11.0
ca,CA,1884470933,3,0,62,11.0
ca,CA,1884470933,3,0,63,11.0
ca,CA,1884470933,3,0,64,11.0
ca,CA,1884470933,3,0,65,11.0
ca,CA,1884470933,3,0,66,11.0
ca,CA,1884470933,3,0,67,11.0
ca,CA,1884470933,3,0,68,11.0
ca,CA,1884470933,3,0,69,11.0
ca,CA,1884470933,3,0,70,11.0
ca,CA,1884470933,3,0,71,11.0
ca,CA,1884470933,3,0,72,11.0
ca,CA,1884470933,3,0,73,11.0
ca,CA,1884470933,3,0,74,11.0
ca,CA,1884470933,3,0,75,11.0
ca,CA,1884470933,3,0,76,11.0
ca,CA,1884470933,3,0,77,11.0
ca,CA,1884470933,3,0,78,11.0
ca,CA,1884470933,3,0,79,11.0
ca,CA,1884470933,3,0,80,11.0
ca,CA,1884470933,3,0,81,11.0
ca,CA,1884470933,3,0,82,11.0
ca,CA,1884470933,3,0,83,11.0
ca,CA,1884470933,3,0,84,11.0
ca,CA,1884470933,3,0,85,11.0
ca,CA,1884470933,3,0,86,11.0
ca,CA,1884470933,3,0,87,11.0
ca,CA,1884470933,3,0,88,11.0
ca,CA,1884470933,3,0,89,11.0
ca,CA,1884470933,3,0,90,11.0
ca,CA,1884470933,3,0,91,11.0
ca,CA,1884470933,3,0,92,11.0
ca,CA,1884470933,3,0,93,11.0
ca,CA,1884470933,3,0,94,11.0
ca,CA,1884470933,3,0,95,11.0
ca,CA,1884470933,3,0,96,11.0
ca,CA,1884470933,3,0,97,11.0
ca,CA,1884470933,3,0,98,11.0
ca,CA,1884470933,3,0,99,11.0
ca,CA,1884470933,3,0,100,10.0
ca,CA,1884470933,3,0,101,10.0
ca,CA,1884470933,3,0,102,10.0
ca,CA,1884470933,3,0,103,10.0
ca,CA,1884470933,3,0,104,10.0
ca,CA,1884470933,3,0,105,10.0
ca,CA,1884470933,3,0,106,10.0
ca,CA,1884470933,3,0,107,10.0
ca,CA,1884470933,3,0,108,10.0
ca,CA,1884470933,3,0,109,10.0
ca,CA,1884470933,3,0,110,10.0
ca,CA,1884470933,3,0,111,10.0
ca,CA,1884470933,3,0,112,10.0
ca,CA,1884470933,3,0,113,10.0
ca,CA,1884470933,3,0,114,10.0
ca,CA,1884470933,3,0,115,10.0
ca,CA,1884470933,3,0,116,10.0
ca,CA,1884470933,3,0,117,10.0
ca,CA,1884470933,3,0,118,10.0
ca,CA,1884470933,3,0,119,10.0
ca,CA,1884470933,3,0,120,10.0
ca,CA,1884470933,3,0,121,10.0
ca,CA,1884470933,3,0,122,10.0
ca,CA,1884470933,3,0,123,10.0
ca,CA,1884470933,3,0,124,10.0
ca,CA,1884470933,3,0,125,10.0
ca,CA,1884470933,3,0,126,10.0
ca,CA,1884470933,3,0,127,10.0
ca,CA,1884470933,3,0,128,10.0
ca,CA,1884470933,3,0,129,10.0
ca,CA,1884470933,3,0,130,10.0
ca,CA,1884470933,3,0,131,10.0
ca,CA,1884470933,3,0,132,10.0
ca,CA,1884470933,3,0,133,10.0
ca,CA,1884470933,3,0,134,10.0
ca,CA,1884470933,3,0,135,10.0
ca,CA,1884470933,3,0,136,10.0
ca,CA,1884470933,3,0,137,10.0
ca,CA,1884470933,3,0,138,10.0
ca,CA,1884470933,3,0,139,10.0
ca,CA,1884470933,3,0,140,9.0
ca,CA,1884470933,3,0,141,9.0
ca,CA,1884470933,3,0,142,9.0
ca,CA,1884470933,3,0,143,9.0
ca,CA,1884470933,3,0,144,9.0
ca,CA,1884470933,3,0,145,9.0
ca,CA,1884470933,3,0,146,9.0
ca,CA,1884470933,3,0,147,9.0
ca,CA,1884470933,3,0,148,9.0
ca,CA,1884470933,3,0,149,9.0
ca,CA,1884470933,3,0,150,9.0
ca,CA,1884470933,3,0,151,9.0
ca,CA,1884470933,3,0,152,9.0
ca,CA,1884470933,3,0,153,9.0
ca,CA,1884470933,3,0,154,9.0
ca,CA,1884470933,3,0,155,9.0
ca,CA,1884470933,3,0,156,9.0
ca,CA,1884470933,3,0,157,9.0
ca,CA,1884470933,3,0,158,9.0
ca,CA,1884470933,3,0,159,9.0
ca,CA,1884470933,3,0,160,9.0
ca,CA,1884470933,3,0,161,9.0
ca,CA,1884470933,3,0,162,9.0
ca,CA,1884470933,3,0,163,9.0
ca,CA,1884470933,3,0,164,9.0
ca,CA,1884470933,3,0,165,9.0
ca,CA,1884470933,3,0,166,9.0
ca,CA,1884470933,3,0,167,9.0
ca,CA,1884470933,3,0,168,9.0
ca,CA,1884470933,3,0,169,9.0
ca,CA,1884470933,3,0,170,9.0
ca,CA,1884470933,3,0,171,9.0
ca,CA,1884470933,3,0,172,8.0
ca,CA,1884470933,3,0,173,8.0
ca,CA,1884470933,3,0,174,8.0
ca,CA,1884470933,3,0,175,8.0
ca,CA,1884470933,3,0,176,8.0
ca,CA,1884470933,3,0,177,8.0
ca,CA,1884470933,3,0,178,8.0
ca,CA,1884470933,3,0,179,8.0
ca,CA,1884470933,3,0,180,8.0
ca,CA,1884470933,3,0,181,8.0
ca,CA,1884470933,3,0,182,8.0
ca,CA,1884470933,3,0,183,8.0
ca,CA,1884470933,3,0,184,8.0
ca,CA,1884470933,3,0,185,8.0
ca,CA,1884470933,3,0,186,8.0
ca,CA,1884470933,3,0,187,8.0
ca,CA,1884470933,3,0,188,8.0
ca,CA,1884470933,3,0,189,8.0
ca,CA,1884470933,3,0,190,8.0
ca,CA,1884470933,3,0,191,8.0
ca,CA,1884470933,3,0,192,8.0
ca,CA,1884470933,3,0,193,8.0
ca,CA,1884470933,3,0,194,8.0
ca,CA,1884470933,3,0,195,8.0
ca,CA,1884470933,3,0,196,8.0
ca,CA,1884470933,3,0,197,8.0
ca,CA,1884470933,3,0,198,8.0
ca,CA,1884470933,3,0,199,8.0
ca,CA,1884470933,3,0,200,8.0
ca,CA,1884470933,3,0,201,8.0
ca,CA,1884470933,3,0,202,8.0
ca,CA,1884470933,3,0,203,8.0
ca,CA,1884470933,3,0,204,8.0
ca,CA,1884470933,3,0,205,8.0
ca,CA,1884470933,3,0,206,8.0
ca,CA,1884470933,3,0,207,8.0
ca,CA,1884470933,3,0,208,8.0
ca,CA,1884470933,3,0,209,8.0
ca,CA,1884470933,3,0,210,8.0
ca,CA,1884470933,3,0,211,8.0
ca,CA,1884470933,3,0,212,8.0
ca,CA,1884470933,3,0,213,8.0
ca,CA,1884470933,3,0,214,8.0
ca,CA,1884470933,3,0,215,8.0
ca,CA,1884470933,3,0,216,8.0
ca,CA,1884470933,3,0,217,8.0
ca,CA,1884470933,3,0,218,8.0
ca,CA,1884470933,3,0,219,8.0
ca,CA,1884470933,3,0,220,8.0
ca,CA,1884470933,3,0,221,8.0
ca,CA,1884470933,3,0,222,8.0
ca,CA,1884470933,3,0,223,8.0
ca,CA,1884470933,3,0,224,8.0
ca,CA,1884470933,3,0,225,8.0
ca,CA,1884470933,3,0,226,8.0
ca,CA,1884470933,3,0,227,8.0
ca,CA,1884470933,3,0,228,8.0
ca,CA,1884470933,3,0,229,8.0
ca,CA,1884470933,3,0,230,8.0
ca,CA,1884470933,3,0,231,8.0
ca,CA,1884470933,3,0,232,8.0
ca,CA,1884470933,3,0,233,8.0
ca,CA,1884470933,3,0,234,8.0
ca,CA,1884470933,3,0,235,8.0
ca,CA,1884470933,3,0,236,8.0
ca,CA,1884470933,3,0,237,8.0
ca,CA,1884470933,3,0,238,8.0
ca,CA,1884470933,3,0,239,8.0
ca,CA,1884470933,3,0,240,8.0
ca,CA,1884470933,3,0,241,8.0
ca,CA,1884470933,3,0,242,8.0
ca,CA,1884470933,3,0,243,8.0
ca,CA,1884470933,3,0,244,8.0
ca,CA,1884470933,3,0,245,8.0
ca,CA,1884470933,3,0,246,8.0
ca,CA,1884470933,3,0,247,8.0
ca,CA,1884470933,3,0,248,8.0
ca,CA,1884470933,3,0,249,8.0
ca,CA,1884470933,3,0,250,8.0
ca,CA,1884470933,3,0,251,8.0
ca,CA,1884470933,3,0,252,8.0
ca,CA,1884470933,3,0,253,8.0
ca,CA,1884470933,3,0,254,8.0
ca,CA,1884470933,3,0,255,8.0
ca,CA,1884470933,3,0,256,8.0
ca,CA,1884470933,3,0,257,8.0
ca,CA,1884470933,3,0,258,8.0
ca,CA,1884470933,3,0,259,8.0
ca,CA,1884470933,3,0,260,8.0
ca,CA,1884470933,3,0,261,8.0
ca,CA,1884470933,3,0,262,8.0
ca,CA,1884470933,3,0,263,8.0
ca,CA,1884470933,3,0,264,8.0
ca,CA,1884470933,3,0,265,8.0
ca,CA,1884470933,3,0,266,8.0
ca,CA,1884470933,3,0,267,8.0
ca,CA,1884470933,3,0,268,8.0
ca,CA,1884470933,3,0,269,8.0
ca,CA,1884470933,3,0,270,8.0
ca,CA,1884470933,3,0,271,8.0
ca,CA,1884470933,3,0,272,7.0
ca,CA,1884470933,3,0,273,7.0
ca,CA,1884470933,3,0,274,7.0
ca,CA,1884470933,3,0,275,7.0
ca,CA,1884470933,3,0,276,7.0
ca,CA,1884470933,3,0,277,7.0
ca,CA,1884470933,3,0,278,7.0
ca,CA,1884470933,3,0,279,7.0
ca,CA,1884470933,3,0,280,7.0
ca,CA,1884470933,3,0,281,7.0
ca,CA,1884470933,3,0,282,7.0
ca,CA,1884470933,3,0,283,7.0
ca,CA,1884470933,3,0,284,7.0
ca,CA,1884470933,3,0,285,7.0
ca,CA,1884470933,3,0,286,7.0
ca,CA,1884470933,3,0,287,7.0
ca,CA,1884470933,3,0,288,6.0
ca,CA,1884470933,3,0,289,6.0
ca,CA,1884470933,3,0,290,6.0
ca,CA,1884470933,3,0,291,6.0
ca,CA,1884470933,3,0,292,6.0
ca,CA,1884470933,3,0,293,6.0
ca,CA,1884470933,3,0,294,6.0
ca,CA,1884470933,3,0,295,6.0
ca,CA,1884470933,3,0,296,6.0
ca,CA,1884470933,3,0,297,6.0
ca,CA,1884470933,3,0,298,6.0
ca,CA,1884470933,3,0,299,6.0
ca,CA,1884470933,3,0,300,6.0
ca,CA,1884470933,3,0,301,6.0
ca,CA,1884470933,3,0,302,6.0
ca,CA,1884470933,3,0,303,6.0
ca,CA,1884470933,3,0,304,6.0
ca,CA,1884470933,3,0,305,6.0
ca,CA,1884470933,3,0,306,6.0
ca,CA,1884470933,3,0,307,6.0
ca,CA,1884470933,3,0,308,6.0
ca,CA,1884470933,3,0,309,6.0
ca,CA,1884470933,3,0,310,6.0
ca,CA,1884470933,3,0,311,6.0
ca,CA,1884470933,3,0,312,5.0
ca,CA,1884470933,3,0,313,5.0
ca,CA,1884470933,3,0,314,5.0
ca,CA,1884470933,3,0,315,5.0
ca,CA,1884470933,3,0,316,5.0
ca,CA,1884470933,3,0,317,5.0
ca,CA,1884470933,3,0,318,5.0
ca,CA,1884470933,3,0,319,5.0
ca,CA,1884470933,3,0,320,4.0
ca,CA,1884470933,3,0,321,4.0
ca,CA,1884470933,3,0,322,4.0
ca,CA,1884470933,3,0,323,4.0
ca,CA,1884470933,3,0,324,4.0
ca,CA,1884470933,3,0,325,4.0
ca,CA,1884470933,3,0,326,4.0
ca,CA,1884470933,3,0,327,4.0
ca,CA,1884470933,3,0,328,3.0
ca,CA,1884470933,3,0,329,3.0
ca,CA,1884470933,3,0,330,3.0
ca,CA,1884470933,3,0,331,3.0
ca,CA,1884470933,3,0,332,3.0
ca,CA,1884470933,3,0,333,3.0
ca,CA,1884470933,3,0,334,3.0
ca,CA,1884470933,3,0,335,3.0
ca,CA,1884470933,3,0,336,2.0
ca,CA,1884470933,3,0,337,2.0
ca,CA,1884470933,3,0,338,2.0
ca,CA,1884470933,3,0,339,2.0
ca,CA,1884470933,3,0,340,2.0
ca,CA,1884470933,3,0,341,2.0
ca,CA,1884470933,3,0,342,2.0
ca,CA,1884470933,3,0,343,2.0
ca,CA,1884470933,3,0,344,2.0
ca,CA,1884470933,3,0,345,2.0
ca,CA,1884470933,3,0,346,2.0
ca,CA,1884470933,3,0,347,2.0
ca,CA,1884470933,3,0,348,1.0
ca,CA,1884470933,3,0,349,1.0
ca,CA,1884470933,3,0,350,1.0
ca,CA,1884470933,3,0,351,1.0
ca,CA,1884470933,3,0,352,1.0
ca,CA,1884470933,3,0,353,1.0
ca,CA,1884470933,3,0,354,1.0
ca,CA,1884470933,3,0,355,1.0
ca,CA,1884470933,3,1,0,16.0
ca,CA,1884470933,3,1,1,16.0
ca,CA,1884470933,3,1,2,16.0
ca,CA,1884470933,3,1,3,16.0
ca,CA,1884470933,3,1,4,16.0
ca,CA,1884470933,3,1,5,16.0
ca,CA,1884470933,3,1,6,16.0
ca,CA,1884470933,3,1,7,16.0
ca,CA,1884470933,3,1,8,16.0
ca,CA,1884470933,3,1,9,16.0
ca,CA,1884470933,3,1,10,16.0
ca,CA,1884470933,3,1,11,16.0
ca,CA,1884470933,3,1,12,16.0
ca,CA,1884470933,3,1,13,16.0
ca,CA,1884470933,3,1,14,16.0
ca,CA,1884470933,3,1,15,16.0
ca,CA,1884470933,3,1,16,16.0
ca,CA,1884470933,3,1,17,16.0
ca,CA,1884470933,3,1,18,16.0
ca,CA,1884470933,3,1,19,16.0
ca,CA,1884470933,3,1,20,16.0
ca,CA,1884470933,3,1,21,16.0
ca,CA,1884470933,3,1,22,16.0
ca,CA,1884470933,3,1,23,16.0
ca,CA,1884470933,3,1,24,16.0
ca,CA,1884470933,3,1,25,16.0
ca,CA,1884470933,3,1,26,16.0
ca,CA,1884470933,3,1,27,16.0
ca,CA,1884470933,3,1,28,15.0
ca,CA,1884470933,3,1,29,15.0
ca,CA,1884470933,3,1,30,15.0
ca,CA,1884470933,3,1,31,15.0
ca,CA,1884470933,3,1,32,11.0
ca,CA,1884470933,3,1,33,11.0
ca,CA,1884470933,3,1,34,11.0
ca,CA,1884470933,3,1,35,11.0
ca,CA,1884470933,3,1,36,11.0
ca,CA,1884470933,3,1,37,11.0
ca,CA,1884470933,3,1,38,11.0
ca,CA,1884470933,3,1,39,11.0
ca,CA,1884470933,3,1,40,11.0
ca,CA,1884470933,3,1,41,11.0
ca,CA,1884470933,3,1,42,11.0
ca,CA,1884470933,3,1,43,11.0
ca,CA,1884470933,3,1,44,11.0
ca,CA,1884470933,3,1,45,11.0
ca,CA,1884470933,3,1,46,11.0
ca,CA,1884470933,3,1,47,11.0
ca,CA,1884470933,3,1,48,11.0
ca,CA,1884470933,3,1,49,11.0
ca,CA,1884470933,3,1,50,11.0
ca,CA,1884470933,3,1,51,11.0
ca,CA,1884470933,3,1,52,11.0
ca,CA,1884470933,3,1,53,11.0
ca,CA,1884470933,3,1,54,11.0
ca,CA,1884470933,3,1,55,11.0
ca,CA,1884470933,3,1,56,11.0
ca,CA,1884470933,3,1,57,11.0
ca,CA,1884470933,3,1,58,11.0
ca,CA,1884470933,3,1,59,11.0
ca,CA,1884470933,3,1,60,11.0
ca,CA,1884470933,3,1,61,11.0
ca,CA,1884470933,3,1,62,11.0
ca,CA,1884470933,3,1,63,11.0
ca,CA,1884470933,3,1,64,11.0
ca,CA,1884470933,3,1,65,11.0
ca,CA,1884470933,3,1,66,11.0
ca,CA,1884470933,3,1,67,11.0
ca,CA,1884470933,3,1,68,11.0
ca,CA,1884470933,3,1,69,11.0
ca,CA,1884470933,3,1,70,11.0
ca,CA,1884470933,3,1,71,11.0
ca,CA,1884470933,3,1,72,11.0
ca,CA,1884470933,3,1,73,11.0
ca,CA,1884470933,3,1,74,11.0
ca,CA,1884470933,3,1,75,11.0
ca,CA,1884470933,3,1,76,11.0
ca,CA,1884470933,3,1,77,11.0
ca,CA,1884470933,3,1,78,11.0
ca,CA,1884470933,3,1,79,11.0
ca,CA,1884470933,3,1,80,11.0
ca,CA,1884470933,3,1,81,11.0
ca,CA,1884470933,3,1,82,11.0
ca,CA,1884470933,3,1,83,11.0
ca,CA,1884470933,3,1,84,11.0
ca,CA,1884470933,3,1,85,11.0
ca,CA,1884470933,3,1,86,11.0
ca,CA,1884470933,3,1,87,11.0
ca,CA,1884470933,3,1,88,11.0
ca,CA,1884470933,3,1,89,11.0
ca,CA,1884470933,3,1,90,11.0
ca,CA,1884470933,3,1,91,11.0
ca,CA,1884470933,3,1,92,11.0
ca,CA,1884470933,3,1,93,11.0
ca,CA,1884470933,3,1,94,11.0
ca,CA,1884470933,3,1,95,11.0
ca,CA,1884470933,3,1,96,11.0
ca,CA,1884470933,3,1,97,11.0
ca,CA,1884470933,3,1,98,11.0
ca,CA,1884470933,3,1,99,11.0
ca,CA,1884470933,3,1,100,10.0
ca,CA,1884470933,3,1,101,10.0
ca,CA,1884470933,3,1,102,10.0
ca,CA,1884470933,3,1,103,10.0
ca,CA,1884470933,3,1,104,10.0
ca,CA,1884470933,3,1,105,10.0
ca,CA,1884470933,3,1,106,10.0
ca,CA,1884470933,3,1,107,10.0
ca,CA,1884470933,3,1,108,10.0
ca,CA,1884470933,3,1,109,10.0
ca,CA,1884470933,3,1,110,10.0
ca,CA,1884470933,3,1,111,10.0
ca,CA,1884470933,3,1,112,10.0
ca,CA,1884470933,3,1,113,10.0
ca,CA,1884470933,3,1,114,10.0
ca,CA,1884470933,3,1,115,10.0
ca,CA,1884470933,3,1,116,10.0
ca,CA,1884470933,3,1,117,10.0
ca,CA,1884470933,3,1,118,10.0
ca,CA,1884470933,3,1,119,10.0
ca,CA,1884470933,3,1,120,10.0
ca,CA,1884470933,3,1,121,10.0
ca,CA,1884470933,3,1,122,10.0
ca,CA,1884470933,3,1,123,10.0
ca,CA,1884470933,3,1,124,10.0
ca,CA,1884470933,3,1,125,10.0
ca,CA,1884470933,3,1,126,10.0
ca,CA,1884470933,3,1,127,10.0
ca,CA,1884470933,3,1,128,10.0
ca,CA,1884470933,3,1,129,10.0
ca,CA,1884470933,3,1,130,10.0
ca,CA,1884470933,3,1,131,10.0
ca,CA,1884470933,3,1,132,10.0
ca,CA,1884470933,3,1,133,10.0
ca,CA,1884470933,3,1,134,10.0
ca,CA,1884470933,3,1,135,10.0
ca,CA,1884470933,3,1,136,10.0
ca,CA,1884470933,3,1,137,10.0
ca,CA,1884470933,3,1,138,10.0
ca,CA,1884470933,3,1,139,10.0
ca,CA,1884470933,3,1,140,9.0
ca,CA,1884470933,3,1,141,9.0
ca,CA,1884470933,3,1,142,9.0
ca,CA,1884470933,3,1,143,9.0
ca,CA,1884470933,3,1,144,9.0
ca,CA,1884470933,3,1,145,9.0
ca,CA,1884470933,3,1,146,9.0
ca,CA,1884470933,3,1,147,9.0
ca,CA,1884470933,3,1,148,9.0
ca,CA,1884470933,3,1,149,9.0
ca,CA,1884470933,3,1,150,9.0
ca,CA,1884470933,3,1,151,9.0
ca,CA,1884470933,3,1,152,9.0
ca,CA,1884470933,3,1,153,9.0
ca,CA,1884470933,3,1,154,9.0
ca,CA,1884470933,3,1,155,9.0
ca,CA,1884470933,3,1,156,9.0
ca,CA,1884470933,3,1,157,9.0
ca,CA,1884470933,3,1,158,9.0
ca,CA,1884470933,3,1,159,9.0
ca,CA,1884470933,3,1,160,9.0
ca,CA,1884470933,3,1,161,9.0
ca,CA,1884470933,3,1,162,9.0
ca,CA,1884470933,3,1,163,9.0
ca,CA,1884470933,3,1,164,9.0
ca,CA,1884470933,3,1,165,9.0
ca,CA,1884470933,3,1,166,9.0
ca,CA,1884470933,3,1,167,9.0
ca,CA,1884470933,3,1,168,9.0
ca,CA,1884470933,3,1,169,9.0
ca,CA,1884470933,3,1,170,9.0
ca,CA,1884470933,3,1,171,9.0
ca,CA,1884470933,3,1,172,8.0
ca,CA,1884470933,3,1,173,8.0
ca,CA,1884470933,3,1,174,8.0
ca,CA,1884470933,3,1,175,8.0
ca,CA,1884470933,3,1,176,8.0
ca,CA,1884470933,3,1,177,8.0
ca,CA,1884470933,3,1,178,8.0
ca,CA,1884470933,3,1,179,8.0
ca,CA,1884470933,3,1,180,8.0
ca,CA,1884470933,3,1,181,8.0
ca,CA,1884470933,3,1,182,8.0
ca,CA,1884470933,3,1,183,8.0
ca,CA,1884470933,3,1,184,8.0
ca,CA,1884470933,3,1,185,8.0
ca,CA,1884470933,3,1,186,8.0
ca,CA,1884470933,3,1,187,8.0
ca,CA,1884470933,3,1,188,8.0
ca,CA,1884470933,3,1,189,8.0
ca,CA,1884470933,3,1,190,8.0
ca,CA,1884470933,3,1,191,8.0
ca,CA,1884470933,3,1,192,8.0
ca,CA,1884470933,3,1,193,8.0
ca,CA,1884470933,3,1,194,8.0
ca,CA,1884470933,3,1,195,8.0
ca,CA,1884470933,3,1,196,8.0
ca,CA,1884470933,3,1,197,8.0
ca,CA,1884470933,3,1,198,8.0
ca,CA,1884470933,3,1,199,8.0
ca,CA,1884470933,3,1,200,8.0
ca,CA,1884470933,3,1,201,8.0
ca,CA,1884470933,3,1,202,8.0
ca,CA,1884470933,3,1,203,8.0
ca,CA,1884470933,3,1,204,8.0
ca,CA,1884470933,3,1,205,8.0
ca,CA,1884470933,3,1,206,8.0
ca,CA,1884470933,3,1,207,8.0
ca,CA,1884470933,3,1,208,8.0
ca,CA,1884470933,3,1,209,8.0
ca,CA,1884470933,3,1,210,8.0
ca,CA,1884470933,3,1,211,8.0
ca,CA,1884470933,3,1,212,8.0
ca,CA,1884470933,3,1,213,8.0
ca,CA,1884470933,3,1,214,8.0
ca,CA,1884470933,3,1,215,8.0
ca,CA,1884470933,3,1,216,8.0
ca,CA,1884470933,3,1,217,8.0
ca,CA,1884470933,3,1,218,8.0
ca,CA,1884470933,3,1,219,8.0
ca,CA,1884470933,3,1,220,8.0
ca,CA,1884470933,3,1,221,8.0
ca,CA,1884470933,3,1,222,8.0
ca,CA,1884470933,3,1,223,8.0
ca,CA,1884470933,3,1,224,8.0
ca,CA,1884470933,3,1,225,8.0
ca,CA,1884470933,3,1,226,8.0
ca,CA,1884470933,3,1,227,8.0
ca,CA,1884470933,3,1,228,8.0
ca,CA,1884470933,3,1,229,8.0
ca,CA,1884470933,3,1,230,8.0
ca,CA,1884470933,3,1,231,8.0
ca,CA,1884470933,3,1,232,8.0
ca,CA,1884470933,3,1,233,8.0
ca,CA,1884470933,3,1,234,8.0
ca,CA,1884470933,3,1,235,8.0
ca,CA,1884470933,3,1,236,8.0
ca,CA,1884470933,3,1,237,8.0
ca,CA,1884470933,3,1,238,8.0
ca,CA,1884470933,3,1,239,8.0
ca,CA,1884470933,3,1,240,8.0
ca,CA,1884470933,3,1,241,8.0
ca,CA,1884470933,3,1,242,8.0
ca,CA,1884470933,3,1,243,8.0
ca,CA,1884470933,3,1,244,8.0
ca,CA,1884470933,3,1,245,8.0
ca,CA,1884470933,3,1,246,8.0
ca,CA,1884470933,3,1,247,8.0
ca,CA,1884470933,3,1,248,8.0
ca,CA,1884470933,3,1,249,8.0
ca,CA,1884470933,3,1,250,8.0
ca,CA,1884470933,3,1,251,8.0
ca,CA,1884470933,3,1,252,8.0
ca,CA,1884470933,3,1,253,8.0
ca,CA,1884470933,3,1,254,8.0
ca,CA,1884470933,3,1,255,8.0
ca,CA,1884470933,3,1,256,8.0
ca,CA,1884470933,3,1,257,8.0
ca,CA,1884470933,3,1,258,8.0
ca,CA,1884470933,3,1,259,8.0
ca,CA,1884470933,3,1,260,8.0
ca,CA,1884470933,3,1,261,8.0
ca,CA,1884470933,3,1,262,8.0
ca,CA,1884470933,3,1,263,8.0
ca,CA,1884470933,3,1,264,8.0
ca,CA,1884470933,3,1,265,8.0
ca,CA,1884470933,3,1,266,8.0
ca,CA,1884470933,3,1,267,8.0
ca,CA,1884470933,3,1,268,8.0
ca,CA,1884470933,3,1,269,8.0
ca,CA,1884470933,3,1,270,8.0
ca,CA,1884470933,3,1,271,8.0
ca,CA,1884470933,3,1,272,7.0
ca,CA,1884470933,3,1,273,7.0
ca,CA,1884470933,3,1,274,7.0
ca,CA,1884470933,3,1,275,7.0
ca,CA,1884470933,3,1,276,7.0
ca,CA,1884470933,3,1,277,7.0
ca,CA,1884470933,3,1,278,7.0
ca,CA,1884470933,3,1,279,7.0
ca,CA,1884470933,3,1,280,7.0
ca,CA,1884470933,3,1,281,7.0
ca,CA,1884470933,3,1,282,7.0
ca,CA,1884470933,3,1,283,7.0
ca,CA,1884470933,3,1,284,7.0
ca,CA,1884470933,3,1,285,7.0
ca,CA,1884470933,3,1,286,7.0
ca,CA,1884470933,3,1,287,7.0
ca,CA,1884470933,3,1,288,6.0
ca,CA,1884470933,3,1,289,6.0
ca,CA,1884470933,3,1,290,6.0
ca,CA,1884470933,3,1,291,6.0
ca,CA,1884470933,3,1,292,6.0
ca,CA,1884470933,3,1,293,6.0
ca,CA,1884470933,3,1,294,6.0
ca,CA,1884470933,3,1,295,6.0
ca,CA,1884470933,3,1,296,6.0
ca,CA,1884470933,3,1,297,6.0
ca,CA,1884470933,3,1,298,6.0
ca,CA,1884470933,3,1,299,6.0
ca,CA,1884470933,3,1,300,6.0
ca,CA,1884470933,3,1,301,6.0
ca,CA,1884470933,3,1,302,6.0
ca,CA,1884470933,3,1,303,6.0
ca,CA,1884470933,3,1,304,6.0
ca,CA,1884470933,3,1,305,6.0
ca,CA,1884470933,3,1,306,6.0
ca,CA,1884470933,3,1,307,6.0
ca,CA,1884470933,3,1,308,6.0
ca,CA,1884470933,3,1,309,6.0
ca,CA,1884470933,3,1,310,6.0
ca,CA,1884470933,3,1,311,6.0
ca,CA,1884470933,3,1,312,5.0
ca,CA,1884470933,3,1,313,5.0
ca,CA,1884470933,3,1,314,5.0
ca,CA,1884470933,3,1,315,5.0
ca,CA,1884470933,3,1,316,5.0
ca,CA,1884470933,3,1,317,5.0
ca,CA,1884470933,3,1,318,5.0
ca,CA,1884470933,3,1,319,5.0
ca,CA,1884470933,3,1,320,4.0
ca,CA,1884470933,3,1,321,4.0
ca,CA,1884470933,3,1,322,4.0
ca,CA,1884470933,3,1,323,4.0
ca,CA,1884470933,3,1,324,4.0
ca,CA,1884470933,3,1,325,4.0
ca,CA,1884470933,3,1,326,4.0
ca,CA,1884470933,3,1,327,4.0
ca,CA,1884470933,3,1,328,3.0
ca,CA,1884470933,3,1,329,3.0
ca,CA,1884470933,3,1,330,3.0
ca,CA,1884470933,3,1,331,3.0
ca,CA,1884470933,3,1,332,3.0
ca,CA,1884470933,3,1,333,3.0
ca,CA,1884470933,3,1,334,3.0
ca,CA,1884470933,3,1,335,3.0
ca,CA,1884470933,3,1,336,2.0
ca,CA,1884470933,3,1,337,2.0
ca,CA,1884470933,3,1,338,2.0
ca,CA,1884470933,3,1,339,2.0
ca,CA,1884470933,3,1,340,2.0
ca,CA,1884470933,3,1,341,2.0
ca,CA,1884470933,3,1,342,2.0
ca,CA,1884470933,3,1,343,2.0
ca,CA,1884470933,3,1,344,2.0
ca,CA,1884470933,3,1,345,2.0
ca,CA,1884470933,3,1,346,2.0
ca,CA,1884470933,3,1,347,2.0
ca,CA,1884470933,3,1,348,1.0
ca,CA,1884470933,3,1,349,1.0
ca,CA,1884470933,3,1,350,1.0
ca,CA,1884470933,3,1,351,1.0
ca,CA,1884470933,3,1,352,1.0
ca,CA,1884470933,3,1,353,1.0
ca,CA,1884470933,3,1,354,1.0
ca,CA,1884470933,3,1,355,1.0
ca,CA,1884470933,3,2,0,16.0
ca,CA,1884470933,3,2,1,16.0
ca,CA,1884470933,3,2,2,16.0
ca,CA,1884470933,3,2,3,16.0
ca,CA,1884470933,3,2,4,16.0
ca,CA,1884470933,3,2,5,16.0
ca,CA,1884470933,3,2,6,16.0
ca,CA,1884470933,3,2,7,16.0
ca,CA,1884470933,3,2,8,16.0
ca,CA,1884470933,3,2,9,16.0
ca,CA,1884470933,3,2,10,16.0
ca,CA,1884470933,3,2,11,16.0
ca,CA,1884470933,3,2,12,16.0
ca,CA,1884470933,3,2,13,16.0
ca,CA,1884470933,3,2,14,16.0
ca,CA,1884470933,3,2,15,16.0
ca,CA,1884470933,3,2,16,16.0
ca,CA,1884470933,3,2,17,16.0
ca,CA,1884470933,3,2,18,16.0
ca,CA,1884470933,3,2,19,16.0
ca,CA,1884470933,3,2,20,16.0
ca,CA,1884470933,3,2,21,16.0
ca,CA,1884470933,3,2,22,16.0
ca,CA,1884470933,3,2,23,16.0
ca,CA,1884470933,3,2,24,16.0
ca,CA,1884470933,3,2,25,16.0
ca,CA,1884470933,3,2,26,16.0
ca,CA,1884470933,3,2,27,16.0
ca,CA,1884470933,3,2,28,15.0
ca,CA,1884470933,3,2,29,15.0
ca,CA,1884470933,3,2,30,15.0
ca,CA,1884470933,3,2,31,15.0
ca,CA,1884470933,3,2,32,11.0
ca,CA,1884470933,3,2,33,11.0
ca,CA,1884470933,3,2,34,11.0
ca,CA,1884470933,3,2,35,11.0
ca,CA,1884470933,3,2,36,11.0
ca,CA,1884470933,3,2,37,11.0
ca,CA,1884470933,3,2,38,11.0
ca,CA,1884470933,3,2,39,11.0
ca,CA,1884470933,3,2,40,11.0
ca,CA,1884470933,3,2,41,11.0
ca,CA,1884470933,3,2,42,11.0
ca,CA,1884470933,3,2,43,11.0
ca,CA,1884470933,3,2,44,11.0
ca,CA,1884470933,3,2,45,11.0
ca,CA,1884470933,3,2,46,11.0
ca,CA,1884470933,3,2,47,11.0
ca,CA,1884470933,3,2,48,11.0
ca,CA,1884470933,3,2,49,11.0
ca,CA,1884470933,3,2,50,11.0
ca,CA,1884470933,3,2,51,11.0
ca,CA,1884470933,3,2,52,11.0
ca,CA,1884470933,3,2,53,11.0
ca,CA,1884470933,3,2,54,11.0
ca,CA,1884470933,3,2,55,11.0
ca,CA,1884470933,3,2,56,11.0
ca,CA,1884470933,3,2,57,11.0
ca,CA,1884470933,3,2,58,11.0
ca,CA,1884470933,3,2,59,11.0
ca,CA,1884470933,3,2,60,11.0
ca,CA,1884470933,3,2,61,11.0
ca,CA,1884470933,3,2,62,11.0
ca,CA,1884470933,3,2,63,11.0
ca,CA,1884470933,3,2,64,11.0
ca,CA,1884470933,3,2,65,11.0
ca,CA,1884470933,3,2,66,11.0
ca,CA,1884470933,3,2,67,11.0
ca,CA,1884470933,3,2,68,11.0
ca,CA,1884470933,3,2,69,11.0
ca,CA,1884470933,3,2,70,11.0
ca,CA,1884470933,3,2,71,11.0
ca,CA,1884470933,3,2,72,11.0
ca,CA,1884470933,3,2,73,11.0
ca,CA,1884470933,3,2,74,11.0
ca,CA,1884470933,3,2,75,11.0
ca,CA,1884470933,3,2,76,11.0
ca,CA,1884470933,3,2,77,11.0
ca,CA,1884470933,3,2,78,11.0
ca,CA,1884470933,3,2,79,11.0
ca,CA,1884470933,3,2,80,11.0
ca,CA,1884470933,3,2,81,11.0
ca,CA,1884470933,3,2,82,11.0
ca,CA,1884470933,3,2,83,11.0
ca,CA,1884470933,3,2,84,11.0
ca,CA,1884470933,3,2,85,11.0
ca,CA,1884470933,3,2,86,11.0
ca,CA,1884470933,3,2,87,11.0
ca,CA,1884470933,3,2,88,11.0
ca,CA,1884470933,3,2,89,11.0
ca,CA,1884470933,3,2,90,11.0
ca,CA,1884470933,3,2,91,11.0
ca,CA,1884470933,3,2,92,11.0
ca,CA,1884470933,3,2,93,11.0
ca,CA,1884470933,3,2,94,11.0
ca,CA,1884470933,3,2,95,11.0
ca,CA,1884470933,3,2,96,11.0
ca,CA,1884470933,3,2,97,11.0
ca,CA,1884470933,3,2,98,11.0
ca,CA,1884470933,3,2,99,11.0
ca,CA,1884470933,3,2,100,10.0
ca,CA,1884470933,3,2,101,10.0
ca,CA,1884470933,3,2,102,10.0
ca,CA,1884470933,3,2,103,10.0
ca,CA,1884470933,3,2,104,10.0
ca,CA,1884470933,3,2,105,10.0
ca,CA,1884470933,3,2,106,10.0
ca,CA,1884470933,3,2,107,10.0
ca,CA,1884470933,3,2,108,10.0
ca,CA,1884470933,3,2,109,10.0
ca,CA,1884470933,3,2,110,10.0
ca,CA,1884470933,3,2,111,10.0
ca,CA,1884470933,3,2,112,10.0
ca,CA,1884470933,3,2,113,10.0
ca,CA,1884470933,3,2,114,10.0
ca,CA,1884470933,3,2,115,10.0
ca,CA,1884470933,3,2,116,10.0
ca,CA,1884470933,3,2,117,10.0
ca,CA,1884470933,3,2,118,10.0
ca,CA,1884470933,3,2,119,10.0
ca,CA,1884470933,3,2,120,10.0
ca,CA,1884470933,3,2,121,10.0
ca,CA,1884470933,3,2,122,10.0
ca,CA,1884470933,3,2,123,10.0
ca,CA,1884470933,3,2,124,10.0
ca,CA,1884470933,3,2,125,10.0
ca,CA,1884470933,3,2,126,10.0
ca,CA,1884470933,3,2,127,10.0
ca,CA,1884470933,3,2,128,10.0
ca,CA,1884470933,3,2,129,10.0
ca,CA,1884470933,3,2,130,10.0
ca,CA,1884470933,3,2,131,10.0
ca,CA,1884470933,3,2,132,10.0
ca,CA,1884470933,3,2,133,10.0
ca,CA,1884470933,3,2,134,10.0
ca,CA,1884470933,3,2,135,10.0
ca,CA,1884470933,3,2,136,10.0
ca,CA,1884470933,3,2,137,10.0
ca,CA,1884470933,3,2,138,10.0
ca,CA,1884470933,3,2,139,10.0
ca,CA,1884470933,3,2,140,9.0
ca,CA,1884470933,3,2,141,9.0
ca,CA,1884470933,3,2,142,9.0
ca,CA,1884470933,3,2,143,9.0
ca,CA,1884470933,3,2,144,9.0
ca,CA,1884470933,3,2,145,9.0
ca,CA,1884470933,3,2,146,9.0
ca,CA,1884470933,3,2,147,9.0
ca,CA,1884470933,3,2,148,9.0
ca,CA,1884470933,3,2,149,9.0
ca,CA,1884470933,3,2,150,9.0
ca,CA,1884470933,3,2,151,9.0
ca,CA,1884470933,3,2,152,9.0
ca,CA,1884470933,3,2,153,9.0
ca,CA,1884470933,3,2,154,9.0
ca,CA,1884470933,3,2,155,9.0
ca,CA,1884470933,3,2,156,9.0
ca,CA,1884470933,3,2,157,9.0
ca,CA,1884470933,3,2,158,9.0
ca,CA,1884470933,3,2,159,9.0
ca,CA,1884470933,3,2,160,9.0
ca,CA,1884470933,3,2,161,9.0
ca,CA,1884470933,3,2,162,9.0
ca,CA,1884470933,3,2,163,9.0
ca,CA,1884470933,3,2,164,9.0
ca,CA,1884470933,3,2,165,9.0
ca,CA,1884470933,3,2,166,9.0
ca,CA,1884470933,3,2,167,9.0
ca,CA,1884470933,3,2,168,9.0
ca,CA,1884470933,3,2,169,9.0
ca,CA,1884470933,3,2,170,9.0
ca,CA,1884470933,3,2,171,9.0
ca,CA,1884470933,3,2,172,8.0
ca,CA,1884470933,3,2,173,8.0
ca,CA,1884470933,3,2,174,8.0
ca,CA,1884470933,3,2,175,8.0
ca,CA,1884470933,3,2,176,8.0
ca,CA,1884470933,3,2,177,8.0
ca,CA,1884470933,3,2,178,8.0
ca,CA,1884470933,3,2,179,8.0
ca,CA,1884470933,3,2,180,8.0
ca,CA,1884470933,3,2,181,8.0
ca,CA,1884470933,3,2,182,8.0
ca,CA,1884470933,3,2,183,8.0
ca,CA,1884470933,3,2,184,8.0
ca,CA,1884470933,3,2,185,8.0
ca,CA,1884470933,3,2,186,8.0
ca,CA,1884470933,3,2,187,8.0
ca,CA,1884470933,3,2,188,8.0
ca,CA,1884470933,3,2,189,8.0
ca,CA,1884470933,3,2,190,8.0
ca,CA,1884470933,3,2,191,8.0
ca,CA,1884470933,3,2,192,8.0
ca,CA,1884470933,3,2,193,8.0
ca,CA,1884470933,3,2,194,8.0
ca,CA,1884470933,3,2,195,8.0
ca,CA,1884470933,3,2,196,8.0
ca,CA,1884470933,3,2,197,8.0
ca,CA,1884470933,3,2,198,8.0
ca,CA,1884470933,3,2,199,8.0
ca,CA,1884470933,3,2,200,8.0
ca,CA,1884470933,3,2,201,8.0
ca,CA,1884470933,3,2,202,8.0
ca,CA,1884470933,3,2,203,8.0
ca,CA,1884470933,3,2,204,8.0
ca,CA,1884470933,3,2,205,8.0
ca,CA,1884470933,3,2,206,8.0
ca,CA,1884470933,3,2,207,8.0
ca,CA,1884470933,3,2,208,8.0
ca,CA,1884470933,3,2,209,8.0
ca,CA,1884470933,3,2,210,8.0
ca,CA,1884470933,3,2,211,8.0
ca,CA,1884470933,3,2,212,8.0
ca,CA,1884470933,3,2,213,8.0
ca,CA,1884470933,3,2,214,8.0
ca,CA,1884470933,3,2,215,8.0
ca,CA,1884470933,3,2,216,8.0
ca,CA,1884470933,3,2,217,8.0
ca,CA,1884470933,3,2,218,8.0
ca,CA,1884470933,3,2,219,8.0
ca,CA,1884470933,3,2,220,8.0
ca,CA,1884470933,3,2,221,8.0
ca,CA,1884470933,3,2,222,8.0
ca,CA,1884470933,3,2,223,8.0
ca,CA,1884470933,3,2,224,8.0
ca,CA,1884470933,3,2,225,8.0
ca,CA,1884470933,3,2,226,8.0
ca,CA,1884470933,3,2,227,8.0
ca,CA,1884470933,3,2,228,8.0
ca,CA,1884470933,3,2,229,8.0
ca,CA,1884470933,3,2,230,8.0
ca,CA,1884470933,3,2,231,8.0
ca,CA,1884470933,3,2,232,8.0
ca,CA,1884470933,3,2,233,8.0
ca,CA,1884470933,3,2,234,8.0
ca,CA,1884470933,3,2,235,8.0
ca,CA,1884470933,3,2,236,8.0
ca,CA,1884470933,3,2,237,8.0
ca,CA,1884470933,3,2,238,8.0
ca,CA,1884470933,3,2,239,8.0
ca,CA,1884470933,3,2,240,8.0
ca,CA,1884470933,3,2,241,8.0
ca,CA,1884470933,3,2,242,8.0
ca,CA,1884470933,3,2,243,8.0
ca,CA,1884470933,3,2,244,8.0
ca,CA,1884470933,3,2,245,8.0
ca,CA,1884470933,3,2,246,8.0
ca,CA,1884470933,3,2,247,8.0
ca,CA,1884470933,3,2,248,8.0
ca,CA,1884470933,3,2,249,8.0
ca,CA,1884470933,3,2,250,8.0
ca,CA,1884470933,3,2,251,8.0
ca,CA,1884470933,3,2,252,8.0
ca,CA,1884470933,3,2,253,8.0
ca,CA,1884470933,3,2,254,8.0
ca,CA,1884470933,3,2,255,8.0
ca,CA,1884470933,3,2,256,8.0
ca,CA,1884470933,3,2,257,8.0
ca,CA,1884470933,3,2,258,8.0
ca,CA,1884470933,3,2,259,8.0
ca,CA,1884470933,3,2,260,8.0
ca,CA,1884470933,3,2,261,8.0
ca,CA,1884470933,3,2,262,8.0
ca,CA,1884470933,3,2,263,8.0
ca,CA,1884470933,3,2,264,8.0
ca,CA,1884470933,3,2,265,8.0
ca,CA,1884470933,3,2,266,8.0
ca,CA,1884470933,3,2,267,8.0
ca,CA,1884470933,3,2,268,8.0
ca,CA,1884470933,3,2,269,8.0
ca,CA,1884470933,3,2,270,8.0
ca,CA,1884470933,3,2,271,8.0
ca,CA,1884470933,3,2,272,7.0
ca,CA,1884470933,3,2,273,7.0
ca,CA,1884470933,3,2,274,7.0
ca,CA,1884470933,3,2,275,7.0
ca,CA,1884470933,3,2,276,7.0
ca,CA,1884470933,3,2,277,7.0
ca,CA,1884470933,3,2,278,7.0
ca,CA,1884470933,3,2,279,7.0
ca,CA,1884470933,3,2,280,7.0
ca,CA,1884470933,3,2,281,7.0
ca,CA,1884470933,3,2,282,7.0
ca,CA,1884470933,3,2,283,7.0
ca,CA,1884470933,3,2,284,7.0
ca,CA,1884470933,3,2,285,7.0
ca,CA,1884470933,3,2,286,7.0
ca,CA,1884470933,3,2,287,7.0
ca,CA,1884470933,3,2,288,6.0
ca,CA,1884470933,3,2,289,6.0
ca,CA,1884470933,3,2,290,6.0
ca,CA,1884470933,3,2,291,6.0
ca,CA,1884470933,3,2,292,6.0
ca,CA,1884470933,3,2,293,6.0
ca,CA,1884470933,3,2,294,6.0
ca,CA,1884470933,3,2,295,6.0
ca,CA,1884470933,3,2,296,6.0
ca,CA,1884470933,3,2,297,6.0
ca,CA,1884470933,3,2,298,6.0
ca,CA,1884470933,3,2,299,6.0
ca,CA,1884470933,3,2,300,6.0
ca,CA,1884470933,3,2,301,6.0
ca,CA,1884470933,3,2,302,6.0
ca,CA,1884470933,3,2,303,6.0
ca,CA,1884470933,3,2,304,6.0
ca,CA,1884470933,3,2,305,6.0
ca,CA,1884470933,3,2,306,6.0
ca,CA,1884470933,3,2,307,6.0
ca,CA,1884470933,3,2,308,6.0
ca,CA,1884470933,3,2,309,6.0
ca,CA,1884470933,3,2,310,6.0
ca,CA,1884470933,3,2,311,6.0
ca,CA,1884470933,3,2,312,5.0
ca,CA,1884470933,3,2,313,5.0
ca,CA,1884470933,3,2,314,5.0
ca,CA,1884470933,3,2,315,5.0
ca,CA,1884470933,3,2,316,5.0
ca,CA,1884470933,3,2,317,5.0
ca,CA,1884470933,3,2,318,5.0
ca,CA,1884470933,3,2,319,5.0
ca,CA,1884470933,3,2,320,4.0
ca,CA,1884470933,3,2,321,4.0
ca,CA,1884470933,3,2,322,4.0
ca,CA,1884470933,3,2,323,4.0
ca,CA,1884470933,3,2,324,4.0
ca,CA,1884470933,3,2,325,4.0
ca,CA,1884470933,3,2,326,4.0
ca,CA,1884470933,3,2,327,4.0
ca,CA,1884470933,3,2,328,3.0
ca,CA,1884470933,3,2,329,3.0
ca,CA,1884470933,3,2,330,3.0
ca,CA,1884470933,3,2,331,3.0
ca,CA,1884470933,3,2,332,3.0
ca,CA,1884470933,3,2,333,3.0
ca,CA,1884470933,3,2,334,3.0
ca,CA,1884470933,3,2,335,3.0
ca,CA,1884470933,3,2,336,2.0
ca,CA,1884470933,3,2,337,2.0
ca,CA,1884470933,3,2,338,2.0
ca,CA,1884470933,3,2,339,2.0
ca,CA,1884470933,3,2,340,2.0
ca,CA,1884470933,3,2,341,2.0
ca,CA,1884470933,3,2,342,2.0
ca,CA,1884470933,3,2,343,2.0
ca,CA,1884470933,3,2,344,2.0
ca,CA,1884470933,3,2,345,2.0
ca,CA,1884470933,3,2,346,2.0
ca,CA,1884470933,3,2,347,2.0
ca,CA,1884470933,3,2,348,1.0
ca,CA,1884470933,3,2,349,1.0
ca,CA,1884470933,3,2,350,1.0
ca,CA,1884470933,3,2,351,1.0
ca,CA,1884470933,3,2,352,1.0
ca,CA,1884470933,3,2,353,1.0
ca,CA,1884470933,3,2,354,1.0
ca,CA,1884470933,3,2,355,1.0
ca,CA,55048408,0,0,0,16.0
ca,CA,55048408,0,0,1,16.0
ca,CA,55048408,0,0,2,16.0
ca,CA,55048408,0,0,3,16.0
ca,CA,55048408,0,0,4,16.0
ca,CA,55048408,0,0,5,16.0
ca,CA,55048408,0,0,6,16.0
ca,CA,55048408,0,0,7,16.0
ca,CA,55048408,0,0,8,16.0
ca,CA,55048408,0,0,9,16.0
ca,CA,55048408,0,0,10,16.0
ca,CA,55048408,0,0,11,16.0
ca,CA,55048408,0,0,12,16.0
ca,CA,55048408,0,0,13,16.0
ca,CA,55048408,0,0,14,16.0
ca,CA,55048408,0,0,15,16.0
ca,CA,55048408,0,0,16,16.0
ca,CA,55048408,0,0,17,16.0
ca,CA,55048408,0,0,18,16.0
ca,CA,55048408,0,0,19,16.0
ca,CA,55048408,0,0,20,16.0
ca,CA,55048408,0,0,21,16.0
ca,CA,55048408,0,0,22,16.0
ca,CA,55048408,0,0,23,16.0
ca,CA,55048408,0,0,24,16.0
ca,CA,55048408,0,0,25,16.0
ca,CA,55048408,0,0,26,16.0
ca,CA,55048408,0,0,27,16.0
ca,CA,55048408,0,0,28,15.0
ca,CA,55048408,0,0,29,15.0
ca,CA,55048408,0,0,30,15.0
ca,CA,55048408,0,0,31,15.0
ca,CA,55048408,0,0,32,11.0
ca,CA,55048408,0,0,33,11.0
ca,CA,55048408,0,0,34,11.0
ca,CA,55048408,0,0,35,11.0
ca,CA,55048408,0,0,36,11.0
ca,CA,55048408,0,0,37,11.0
ca,CA,55048408,0,0,38,11.0
ca,CA,55048408,0,0,39,11.0
ca,CA,55048408,0,0,40,11.0
ca,CA,55048408,0,0,41,11.0
ca,CA,55048408,0,0,42,11.0
ca,CA,55048408,0,0,43,11.0
ca,CA,55048408,0,0,44,11.0
ca,CA,55048408,0,0,45,11.0
ca,CA,55048408,0,0,46,11.0
ca,CA,55048408,0,0,47,11.0
ca,CA,55048408,0,0,48,11.0
ca,CA,55048408,0,0,49,11.0
ca,CA,55048408,0,0,50,11.0
ca,CA,55048408,0,0,51,11.0
ca,CA,55048408,0,0,52,11.0
ca,CA,55048408,0,0,53,11.0
ca,CA,55048408,0,0,54,11.0
ca,CA,55048408,0,0,55,11.0
ca,CA,55048408,0,0,56,11.0
ca,CA,55048408,0,0,57,11.0
ca,CA,55048408,0,0,58,11.0
ca,CA,55048408,0,0,59,11.0
ca,CA,55048408,0,0,60,11.0
ca,CA,55048408,0,0,61,11.0
ca,CA,55048408,0,0,62,11.0
ca,CA,55048408,0,0,63,11.0
ca,CA,55048408,0,0,64,11.0
ca,CA,55048408,0,0,65,11.0
ca,CA,55048408,0,0,66,11.0
ca,CA,55048408,0,0,67,11.0
ca,CA,55048408,0,0,68,11.0
ca,CA,55048408,0,0,69,11.0
ca,CA,55048408,0,0,70,11.0
ca,CA,55048408,0,0,71,11.0
ca,CA,55048408,0,0,72,11.0
ca,CA,55048408,0,0,73,11.0
ca,CA,55048408,0,0,74,11.0
ca,CA,55048408,0,0,75,11.0
ca,CA,55048408,0,0,76,11.0
ca,CA,55048408,0,0,77,11.0
ca,CA,55048408,0,0,78,11.0
ca,CA,55048408,0,0,79,11.0
ca,CA,55048408,0,0,80,11.0
ca,CA,55048408,0,0,81,11.0
ca,CA,55048408,0,0,82,11.0
ca,CA,55048408,0,0,83,11.0
ca,CA,55048408,0,0,84,11.0
ca,CA,55048408,0,0,85,11.0
ca,CA,55048408,0,0,86,11.0
ca,CA,55048408,0,0,87,11.0
ca,CA,55048408,0,0,88,11.0
ca,CA,55048408,0,0,89,11.0
ca,CA,55048408,0,0,90,11.0
ca,CA,55048408,0,0,91,11.0
ca,CA,55048408,0,0,92,11.0
ca,CA,55048408,0,0,93,11.0
ca,CA,55048408,0,0,94,11.0
ca,CA,55048408,0,0,95,11.0
ca,CA,55048408,0,0,96,11.0
ca,CA,55048408,0,0,97,11.0
ca,CA,55048408,0,0,98,11.0
ca,CA,55048408,0,0,99,11.0
ca,CA,55048408,0,0,100,10.0
ca,CA,55048408,0,0,101,10.0
ca,CA,55048408,0,0,102,10.0
ca,CA,55048408,0,0,103,10.0
ca,CA,55048408,0,0,104,10.0
ca,CA,55048408,0,0,105,10.0
ca,CA,55048408,0,0,106,10.0
ca,CA,55048408,0,0,107,10.0
ca,CA,55048408,0,0,108,10.0
ca,CA,55048408,0,0,109,10.0
ca,CA,55048408,0,0,110,10.0
ca,CA,55048408,0,0,111,10.0
ca,CA,55048408,0,0,112,10.0
ca,CA,55048408,0,0,113,10.0
ca,CA,55048408,0,0,114,10.0
ca,CA,55048408,0,0,115,10.0
ca,CA,55048408,0,0,116,10.0
ca,CA,55048408,0,0,117,10.0
ca,CA,55048408,0,0,118,10.0
ca,CA,55048408,0,0,119,10.0
ca,CA,55048408,0,0,120,10.0
ca,CA,55048408,0,0,121,10.0
ca,CA,55048408,0,0,122,10.0
ca,CA,55048408,0,0,123,10.0
ca,CA,55048408,0,0,124,10.0
ca,CA,55048408,0,0,125,10.0
ca,CA,55048408,0,0,126,10.0
ca,CA,55048408,0,0,127,10.0
ca,CA,55048408,0,0,128,10.0
ca,CA,55048408,0,0,129,10.0
ca,CA,55048408,0,0,130,10.0
ca,CA,55048408,0,0,131,10.0
ca,CA,55048408,0,0,132,10.0
ca,CA,55048408,0,0,133,10.0
ca,CA,55048408,0,0,134,10.0
ca,CA,55048408,0,0,135,10.0
ca,CA,55048408,0,0,136,10.0
ca,CA,55048408,0,0,137,10.0
ca,CA,55048408,0,0,138,10.0
ca,CA,55048408,0,0,139,10.0
ca,CA,55048408,0,0,140,9.0
ca,CA,55048408,0,0,141,9.0
ca,CA,55048408,0,0,142,9.0
ca,CA,55048408,0,0,143,9.0
ca,CA,55048408,0,0,144,9.0
ca,CA,55048408,0,0,145,9.0
ca,CA,55048408,0,0,146,9.0
ca,CA,55048408,0,0,147,9.0
ca,CA,55048408,0,0,148,9.0
ca,CA,55048408,0,0,149,9.0
ca,CA,55048408,0,0,150,9.0
ca,CA,55048408,0,0,151,9.0
ca,CA,55048408,0,0,152,9.0
ca,CA,55048408,0,0,153,9.0
ca,CA,55048408,0,0,154,9.0
ca,CA,55048408,0,0,155,9.0
ca,CA,55048408,0,0,156,9.0
ca,CA,55048408,0,0,157,9.0
ca,CA,55048408,0,0,158,9.0
ca,CA,55048408,0,0,159,9.0
ca,CA,55048408,0,0,160,9.0
ca,CA,55048408,0,0,161,9.0
ca,CA,55048408,0,0,162,9.0
ca,CA,55048408,0,0,163,9.0
ca,CA,55048408,0,0,164,9.0
ca,CA,55048408,0,0,165,9.0
ca,CA,55048408,0,0,166,9.0
ca,CA,55048408,0,0,167,9.0
ca,CA,55048408,0,0,168,9.0
ca,CA,55048408,0,0,169,9.0
ca,CA,55048408,0,0,170,9.0
ca,CA,55048408,0,0,171,9.0
ca,CA,55048408,0,0,172,8.0
ca,CA,55048408,0,0,173,8.0
ca,CA,55048408,0,0,174,8.0
ca,CA,55048408,0,0,175,8.0
ca,CA,55048408,0,0,176,8.0
ca,CA,55048408,0,0,177,8.0
ca,CA,55048408,0,0,178,8.0
ca,CA,55048408,0,0,179,8.0
ca,CA,55048408,0,0,180,8.0
ca,CA,55048408,0,0,181,8.0
ca,CA,55048408,0,0,182,8.0
ca,CA,55048408,0,0,183,8.0
ca,CA,55048408,0,0,184,8.0
ca,CA,55048408,0,0,185,8.0
ca,CA,55048408,0,0,186,8.0
ca,CA,55048408,0,0,187,8.0
ca,CA,55048408,0,0,188,8.0
ca,CA,55048408,0,0,189,8.0
ca,CA,55048408,0,0,190,8.0
ca,CA,55048408,0,0,191,8.0
ca,CA,55048408,0,0,192,8.0
ca,CA,55048408,0,0,193,8.0
ca,CA,55048408,0,0,194,8.0
ca,CA,55048408,0,0,195,8.0
ca,CA,55048408,0,0,196,8.0
ca,CA,55048408,0,0,197,8.0
ca,CA,55048408,0,0,198,8.0
ca,CA,55048408,0,0,199,8.0
ca,CA,55048408,0,0,200,8.0
ca,CA,55048408,0,0,201,8.0
ca,CA,55048408,0,0,202,8.0
ca,CA,55048408,0,0,203,8.0
ca,CA,55048408,0,0,204,8.0
ca,CA,55048408,0,0,205,8.0
ca,CA,55048408,0,0,206,8.0
ca,CA,55048408,0,0,207,8.0
ca,CA,55048408,0,0,208,8.0
ca,CA,55048408,0,0,209,8.0
ca,CA,55048408,0,0,210,8.0
ca,CA,55048408,0,0,211,8.0
ca,CA,55048408,0,0,212,8.0
ca,CA,55048408,0,0,213,8.0
ca,CA,55048408,0,0,214,8.0
ca,CA,55048408,0,0,215,8.0
ca,CA,55048408,0,0,216,8.0
ca,CA,55048408,0,0,217,8.0
ca,CA,55048408,0,0,218,8.0
ca,CA,55048408,0,0,219,8.0
ca,CA,55048408,0,0,220,8.0
ca,CA,55048408,0,0,221,8.0
ca,CA,55048408,0,0,222,8.0
ca,CA,55048408,0,0,223,8.0
ca,CA,55048408,0,0,224,8.0
ca,CA,55048408,0,0,225,8.0
ca,CA,55048408,0,0,226,8.0
ca,CA,55048408,0,0,227,8.0
ca,CA,55048408,0,0,228,8.0
ca,CA,55048408,0,0,229,8.0
ca,CA,55048408,0,0,230,8.0
ca,CA,55048408,0,0,231,8.0
ca,CA,55048408,0,0,232,8.0
ca,CA,55048408,0,0,233,8.0
ca,CA,55048408,0,0,234,8.0
ca,CA,55048408,0,0,235,8.0
ca,CA,55048408,0,0,236,8.0
ca,CA,55048408,0,0,237,8.0
ca,CA,55048408,0,0,238,8.0
ca,CA,55048408,0,0,239,8.0
ca,CA,55048408,0,0,240,8.0
ca,CA,55048408,0,0,241,8.0
ca,CA,55048408,0,0,242,8.0
ca,CA,55048408,0,0,243,8.0
ca,CA,55048408,0,0,244,8.0
ca,CA,55048408,0,0,245,8.0
ca,CA,55048408,0,0,246,8.0
ca,CA,55048408,0,0,247,8.0
ca,CA,55048408,0,0,248,8.0
ca,CA,55048408,0,0,249,8.0
ca,CA,55048408,0,0,250,8.0
ca,CA,55048408,0,0,251,8.0
ca,CA,55048408,0,0,252,8.0
ca,CA,55048408,0,0,253,8.0
ca,CA,55048408,0,0,254,8.0
ca,CA,55048408,0,0,255,8.0
ca,CA,55048408,0,0,256,8.0
ca,CA,55048408,0,0,257,8.0
ca,CA,55048408,0,0,258,8.0
ca,CA,55048408,0,0,259,8.0
ca,CA,55048408,0,0,260,8.0
ca,CA,55048408,0,0,261,8.0
ca,CA,55048408,0,0,262,8.0
ca,CA,55048408,0,0,263,8.0
ca,CA,55048408,0,0,264,8.0
ca,CA,55048408,0,0,265,8.0
ca,CA,55048408,0,0,266,8.0
ca,CA,55048408,0,0,267,8.0
ca,CA,55048408,0,0,268,8.0
ca,CA,55048408,0,0,269,8.0
ca,CA,55048408,0,0,270,8.0
ca,CA,55048408,0,0,271,8.0
ca,CA,55048408,0,0,272,7.0
ca,CA,55048408,0,0,273,7.0
ca,CA,55048408,0,0,274,7.0
ca,CA,55048408,0,0,275,7.0
ca,CA,55048408,0,0,276,7.0
ca,CA,55048408,0,0,277,7.0
ca,CA,55048408,0,0,278,7.0
ca,CA,55048408,0,0,279,7.0
ca,CA,55048408,0,0,280,7.0
ca,CA,55048408,0,0,281,7.0
ca,CA,55048408,0,0,282,7.0
ca,CA,55048408,0,0,283,7.0
ca,CA,55048408,0,0,284,7.0
ca,CA,55048408,0,0,285,7.0
ca,CA,55048408,0,0,286,7.0
ca,CA,55048408,0,0,287,7.0
ca,CA,55048408,0,0,288,6.0
ca,CA,55048408,0,0,289,6.0
ca,CA,55048408,0,0,290,6.0
ca,CA,55048408,0,0,291,6.0
ca,CA,55048408,0,0,292,6.0
ca,CA,55048408,0,0,293,6.0
ca,CA,55048408,0,0,294,6.0
ca,CA,55048408,0,0,295,6.0
ca,CA,55048408,0,0,296,6.0
ca,CA,55048408,0,0,297,6.0
ca,CA,55048408,0,0,298,6.0
ca,CA,55048408,0,0,299,6.0
ca,CA,55048408,0,0,300,6.0
ca,CA,55048408,0,0,301,6.0
ca,CA,55048408,0,0,302,6.0
ca,CA,55048408,0,0,303,6.0
ca,CA,55048408,0,0,304,6.0
ca,CA,55048408,0,0,305,6.0
ca,CA,55048408,0,0,306,6.0
ca,CA,55048408,0,0,307,6.0
ca,CA,55048408,0,0,308,6.0
ca,CA,55048408,0,0,309,6.0
ca,CA,55048408,0,0,310,6.0
ca,CA,55048408,0,0,311,6.0
ca,CA,55048408,0,0,312,5.0
ca,CA,55048408,0,0,313,5.0
ca,CA,55048408,0,0,314,5.0
ca,CA,55048408,0,0,315,5.0
ca,CA,55048408,0,0,316,5.0
ca,CA,55048408,0,0,317,5.0
ca,CA,55048408,0,0,318,5.0
ca,CA,55048408,0,0,319,5.0
ca,CA,55048408,0,0,320,4.0
ca,CA,55048408,0,0,321,4.0
ca,CA,55048408,0,0,322,4.0
ca,CA,55048408,0,0,323,4.0
ca,CA,55048408,0,0,324,4.0
ca,CA,55048408,0,0,325,4.0
ca,CA,55048408,0,0,326,4.0
ca,CA,55048408,0,0,327,4.0
ca,CA,55048408,0,0,328,3.0
ca,CA,55048408,0,0,329,3.0
ca,CA,55048408,0,0,330,3.0
ca,CA,55048408,0,0,331,3.0
ca,CA,55048408,0,0,332,3.0
ca,CA,55048408,0,0,333,3.0
ca,CA,55048408,0,0,334,3.0
ca,CA,55048408,0,0,335,3.0
ca,CA,55048408,0,0,336,2.0
ca,CA,55048408,0,0,337,2.0
ca,CA,55048408,0,0,338,2.0
ca,CA,55048408,0,0,339,2.0
ca,CA,55048408,0,0,340,2.0
ca,CA,55048408,0,0,341,2.0
ca,CA,55048408,0,0,342,2.0
ca,CA,55048408,0,0,343,2.0
ca,CA,55048408,0,0,344,2.0
ca,CA,55048408,0,0,345,2.0
ca,CA,55048408,0,0,346,2.0
ca,CA,55048408,0,0,347,2.0
ca,CA,55048408,0,0,348,1.0
ca,CA,55048408,0,0,349,1.0
ca,CA,55048408,0,0,350,1.0
ca,CA,55048408,0,0,351,1.0
ca,CA,55048408,0,0,352,1.0
ca,CA,55048408,0,0,353,1.0
ca,CA,55048408,0,0,354,1.0
ca,CA,55048408,0,0,355,1.0
ca,CA,55048408,0,1,0,16.0
ca,CA,55048408,0,1,1,16.0
ca,CA,55048408,0,1,2,16.0
ca,CA,55048408,0,1,3,16.0
ca,CA,55048408,0,1,4,16.0
ca,CA,55048408,0,1,5,16.0
ca,CA,55048408,0,1,6,16.0
ca,CA,55048408,0,1,7,16.0
ca,CA,55048408,0,1,8,16.0
ca,CA,55048408,0,1,9,16.0
ca,CA,55048408,0,1,10,16.0
ca,CA,55048408,0,1,11,16.0
ca,CA,55048408,0,1,12,16.0
ca,CA,55048408,0,1,13,16.0
ca,CA,55048408,0,1,14,16.0
ca,CA,55048408,0,1,15,16.0
ca,CA,55048408,0,1,16,16.0
ca,CA,55048408,0,1,17,16.0
ca,CA,55048408,0,1,18,16.0
ca,CA,55048408,0,1,19,16.0
ca,CA,55048408,0,1,20,16.0
ca,CA,55048408,0,1,21,16.0
ca,CA,55048408,0,1,22,16.0
ca,CA,55048408,0,1,23,16.0
ca,CA,55048408,0,1,24,16.0
ca,CA,55048408,0,1,25,16.0
ca,CA,55048408,0,1,26,16.0
ca,CA,55048408,0,1,27,16.0
ca,CA,55048408,0,1,28,15.0
ca,CA,55048408,0,1,29,15.0
ca,CA,55048408,0,1,30,15.0
ca,CA,55048408,0,1,31,15.0
ca,CA,55048408,0,1,32,11.0
ca,CA,55048408,0,1,33,11.0
ca,CA,55048408,0,1,34,11.0
ca,CA,55048408,0,1,35,11.0
ca,CA,55048408,0,1,36,11.0
ca,CA,55048408,0,1,37,11.0
ca,CA,55048408,0,1,38,11.0
ca,CA,55048408,0,1,39,11.0
ca,CA,55048408,0,1,40,11.0
ca,CA,55048408,0,1,41,11.0
ca,CA,55048408,0,1,42,11.0
ca,CA,55048408,0,1,43,11.0
ca,CA,55048408,0,1,44,11.0
ca,CA,55048408,0,1,45,11.0
ca,CA,55048408,0,1,46,11.0
ca,CA,55048408,0,1,47,11.0
ca,CA,55048408,0,1,48,11.0
ca,CA,55048408,0,1,49,11.0
ca,CA,55048408,0,1,50,11.0
ca,CA,55048408,0,1,51,11.0
ca,CA,55048408,0,1,52,11.0
ca,CA,55048408,0,1,53,11.0
ca,CA,55048408,0,1,54,11.0
ca,CA,55048408,0,1,55,11.0
ca,CA,55048408,0,1,56,11.0
ca,CA,55048408,0,1,57,11.0
ca,CA,55048408,0,1,58,11.0
ca,CA,55048408,0,1,59,11.0
ca,CA,55048408,0,1,60,11.0
ca,CA,55048408,0,1,61,11.0
ca,CA,55048408,0,1,62,11.0
ca,CA,55048408,0,1,63,11.0
ca,CA,55048408,0,1,64,11.0
ca,CA,55048408,0,1,65,11.0
ca,CA,55048408,0,1,66,11.0
ca,CA,55048408,0,1,67,11.0
ca,CA,55048408,0,1,68,11.0
ca,CA,55048408,0,1,69,11.0
ca,CA,55048408,0,1,70,11.0
ca,CA,55048408,0,1,71,11.0
ca,CA,55048408,0,1,72,11.0
ca,CA,55048408,0,1,73,11.0
ca,CA,55048408,0,1,74,11.0
ca,CA,55048408,0,1,75,11.0
ca,CA,55048408,0,1,76,11.0
ca,CA,55048408,0,1,77,11.0
ca,CA,55048408,0,1,78,11.0
ca,CA,55048408,0,1,79,11.0
ca,CA,55048408,0,1,80,11.0
ca,CA,55048408,0,1,81,11.0
ca,CA,55048408,0,1,82,11.0
ca,CA,55048408,0,1,83,11.0
ca,CA,55048408,0,1,84,11.0
ca,CA,55048408,0,1,85,11.0
ca,CA,55048408,0,1,86,11.0
ca,CA,55048408,0,1,87,11.0
ca,CA,55048408,0,1,88,11.0
ca,CA,55048408,0,1,89,11.0
ca,CA,55048408,0,1,90,11.0
ca,CA,55048408,0,1,91,11.0
ca,CA,55048408,0,1,92,11.0
ca,CA,55048408,0,1,93,11.0
ca,CA,55048408,0,1,94,11.0
ca,CA,55048408,0,1,95,11.0
ca,CA,55048408,0,1,96,11.0
ca,CA,55048408,0,1,97,11.0
ca,CA,55048408,0,1,98,11.0
ca,CA,55048408,0,1,99,11.0
ca,CA,55048408,0,1,100,10.0
ca,CA,55048408,0,1,101,10.0
ca,CA,55048408,0,1,102,10.0
ca,CA,55048408,0,1,103,10.0
ca,CA,55048408,0,1,104,10.0
ca,CA,55048408,0,1,105,10.0
ca,CA,55048408,0,1,106,10.0
ca,CA,55048408,0,1,107,10.0
ca,CA,55048408,0,1,108,10.0
ca,CA,55048408,0,1,109,10.0
ca,CA,55048408,0,1,110,10.0
ca,CA,55048408,0,1,111,10.0
ca,CA,55048408,0,1,112,10.0
ca,CA,55048408,0,1,113,10.0
ca,CA,55048408,0,1,114,10.0
ca,CA,55048408,0,1,115,10.0
ca,CA,55048408,0,1,116,10.0
ca,CA,55048408,0,1,117,10.0
ca,CA,55048408,0,1,118,10.0
ca,CA,55048408,0,1,119,10.0
ca,CA,55048408,0,1,120,10.0
ca,CA,55048408,0,1,121,10.0
ca,CA,55048408,0,1,122,10.0
ca,CA,55048408,0,1,123,10.0
ca,CA,55048408,0,1,124,10.0
ca,CA,55048408,0,1,125,10.0
ca,CA,55048408,0,1,126,10.0
ca,CA,55048408,0,1,127,10.0
ca,CA,55048408,0,1,128,10.0
ca,CA,55048408,0,1,129,10.0
ca,CA,55048408,0,1,130,10.0
ca,CA,55048408,0,1,131,10.0
ca,CA,55048408,0,1,132,10.0
ca,CA,55048408,0,1,133,10.0
ca,CA,55048408,0,1,134,10.0
ca,CA,55048408,0,1,135,10.0
ca,CA,55048408,0,1,136,10.0
ca,CA,55048408,0,1,137,10.0
ca,CA,55048408,0,1,138,10.0
ca,CA,55048408,0,1,139,10.0
ca,CA,55048408,0,1,140,9.0
ca,CA,55048408,0,1,141,9.0
ca,CA,55048408,0,1,142,9.0
ca,CA,55048408,0,1,143,9.0
ca,CA,55048408,0,1,144,9.0
ca,CA,55048408,0,1,145,9.0
ca,CA,55048408,0,1,146,9.0
ca,CA,55048408,0,1,147,9.0
ca,CA,55048408,0,1,148,9.0
ca,CA,55048408,0,1,149,9.0
ca,CA,55048408,0,1,150,9.0
ca,CA,55048408,0,1,151,9.0
ca,CA,55048408,0,1,152,9.0
ca,CA,55048408,0,1,153,9.0
ca,CA,55048408,0,1,154,9.0
ca,CA,55048408,0,1,155,9.0
ca,CA,55048408,0,1,156,9.0
ca,CA,55048408,0,1,157,9.0
ca,CA,55048408,0,1,158,9.0
ca,CA,55048408,0,1,159,9.0
ca,CA,55048408,0,1,160,9.0
ca,CA,55048408,0,1,161,9.0
ca,CA,55048408,0,1,162,9.0
ca,CA,55048408,0,1,163,9.0
ca,CA,55048408,0,1,164,9.0
ca,CA,55048408,0,1,165,9.0
ca,CA,55048408,0,1,166,9.0
ca,CA,55048408,0,1,167,9.0
ca,CA,55048408,0,1,168,9.0
ca,CA,55048408,0,1,169,9.0
ca,CA,55048408,0,1,170,9.0
ca,CA,55048408,0,1,171,9.0
ca,CA,55048408,0,1,172,8.0
ca,CA,55048408,0,1,173,8.0
ca,CA,55048408,0,1,174,8.0
ca,CA,55048408,0,1,175,8.0
ca,CA,55048408,0,1,176,8.0
ca,CA,55048408,0,1,177,8.0
ca,CA,55048408,0,1,178,8.0
ca,CA,55048408,0,1,179,8.0
ca,CA,55048408,0,1,180,8.0
ca,CA,55048408,0,1,181,8.0
ca,CA,55048408,0,1,182,8.0
ca,CA,55048408,0,1,183,8.0
ca,CA,55048408,0,1,184,8.0
ca,CA,55048408,0,1,185,8.0
ca,CA,55048408,0,1,186,8.0
ca,CA,55048408,0,1,187,8.0
ca,CA,55048408,0,1,188,8.0
ca,CA,55048408,0,1,189,8.0
ca,CA,55048408,0,1,190,8.0
ca,CA,55048408,0,1,191,8.0
ca,CA,55048408,0,1,192,8.0
ca,CA,55048408,0,1,193,8.0
ca,CA,55048408,0,1,194,8.0
ca,CA,55048408,0,1,195,8.0
ca,CA,55048408,0,1,196,8.0
ca,CA,55048408,0,1,197,8.0
ca,CA,55048408,0,1,198,8.0
ca,CA,55048408,0,1,199,8.0
ca,CA,55048408,0,1,200,8.0
ca,CA,55048408,0,1,201,8.0
ca,CA,55048408,0,1,202,8.0
ca,CA,55048408,0,1,203,8.0
ca,CA,55048408,0,1,204,8.0
ca,CA,55048408,0,1,205,8.0
ca,CA,55048408,0,1,206,8.0
ca,CA,55048408,0,1,207,8.0
ca,CA,55048408,0,1,208,8.0
ca,CA,55048408,0,1,209,8.0
ca,CA,55048408,0,1,210,8.0
ca,CA,55048408,0,1,211,8.0
ca,CA,55048408,0,1,212,8.0
ca,CA,55048408,0,1,213,8.0
ca,CA,55048408,0,1,214,8.0
ca,CA,55048408,0,1,215,8.0
ca,CA,55048408,0,1,216,8.0
ca,CA,55048408,0,1,217,8.0
ca,CA,55048408,0,1,218,8.0
ca,CA,55048408,0,1,219,8.0
ca,CA,55048408,0,1,220,8.0
ca,CA,55048408,0,1,221,8.0
ca,CA,55048408,0,1,222,8.0
ca,CA,55048408,0,1,223,8.0
ca,CA,55048408,0,1,224,8.0
ca,CA,55048408,0,1,225,8.0
ca,CA,55048408,0,1,226,8.0
ca,CA,55048408,0,1,227,8.0
ca,CA,55048408,0,1,228,8.0
ca,CA,55048408,0,1,229,8.0
ca,CA,55048408,0,1,230,8.0
ca,CA,55048408,0,1,231,8.0
ca,CA,55048408,0,1,232,8.0
ca,CA,55048408,0,1,233,8.0
ca,CA,55048408,0,1,234,8.0
ca,CA,55048408,0,1,235,8.0
ca,CA,55048408,0,1,236,8.0
ca,CA,55048408,0,1,237,8.0
ca,CA,55048408,0,1,238,8.0
ca,CA,55048408,0,1,239,8.0
ca,CA,55048408,0,1,240,8.0
ca,CA,55048408,0,1,241,8.0
ca,CA,55048408,0,1,242,8.0
ca,CA,55048408,0,1,243,8.0
ca,CA,55048408,0,1,244,8.0
ca,CA,55048408,0,1,245,8.0
ca,CA,55048408,0,1,246,8.0
ca,CA,55048408,0,1,247,8.0
ca,CA,55048408,0,1,248,8.0
ca,CA,55048408,0,1,249,8.0
ca,CA,55048408,0,1,250,8.0
ca,CA,55048408,0,1,251,8.0
ca,CA,55048408,0,1,252,8.0
ca,CA,55048408,0,1,253,8.0
ca,CA,55048408,0,1,254,8.0
ca,CA,55048408,0,1,255,8.0
ca,CA,55048408,0,1,256,8.0
ca,CA,55048408,0,1,257,8.0
ca,CA,55048408,0,1,258,8.0
ca,CA,55048408,0,1,259,8.0
ca,CA,55048408,0,1,260,8.0
ca,CA,55048408,0,1,261,8.0
ca,CA,55048408,0,1,262,8.0
ca,CA,55048408,0,1,263,8.0
ca,CA,55048408,0,1,264,8.0
ca,CA,55048408,0,1,265,8.0
ca,CA,55048408,0,1,266,8.0
ca,CA,55048408,0,1,267,8.0
ca,CA,55048408,0,1,268,8.0
ca,CA,55048408,0,1,269,8.0
ca,CA,55048408,0,1,270,8.0
ca,CA,55048408,0,1,271,8.0
ca,CA,55048408,0,1,272,7.0
ca,CA,55048408,0,1,273,7.0
ca,CA,55048408,0,1,274,7.0
ca,CA,55048408,0,1,275,7.0
ca,CA,55048408,0,1,276,7.0
ca,CA,55048408,0,1,277,7.0
ca,CA,55048408,0,1,278,7.0
ca,CA,55048408,0,1,279,7.0
ca,CA,55048408,0,1,280,7.0
ca,CA,55048408,0,1,281,7.0
ca,CA,55048408,0,1,282,7.0
ca,CA,55048408,0,1,283,7.0
ca,CA,55048408,0,1,284,7.0
ca,CA,55048408,0,1,285,7.0
ca,CA,55048408,0,1,286,7.0
ca,CA,55048408,0,1,287,7.0
ca,CA,55048408,0,1,288,6.0
ca,CA,55048408,0,1,289,6.0
ca,CA,55048408,0,1,290,6.0
ca,CA,55048408,0,1,291,6.0
ca,CA,55048408,0,1,292,6.0
ca,CA,55048408,0,1,293,6.0
ca,CA,55048408,0,1,294,6.0
ca,CA,55048408,0,1,295,6.0
ca,CA,55048408,0,1,296,6.0
ca,CA,55048408,0,1,297,6.0
ca,CA,55048408,0,1,298,6.0
ca,CA,55048408,0,1,299,6.0
ca,CA,55048408,0,1,300,6.0
ca,CA,55048408,0,1,301,6.0
ca,CA,55048408,0,1,302,6.0
ca,CA,55048408,0,1,303,6.0
ca,CA,55048408,0,1,304,6.0
ca,CA,55048408,0,1,305,6.0
ca,CA,55048408,0,1,306,6.0
ca,CA,55048408,0,1,307,6.0
ca,CA,55048408,0,1,308,6.0
ca,CA,55048408,0,1,309,6.0
ca,CA,55048408,0,1,310,6.0
ca,CA,55048408,0,1,311,6.0
ca,CA,55048408,0,1,312,5.0
ca,CA,55048408,0,1,313,5.0
ca,CA,55048408,0,1,314,5.0
ca,CA,55048408,0,1,315,5.0
ca,CA,55048408,0,1,316,5.0
ca,CA,55048408,0,1,317,5.0
ca,CA,55048408,0,1,318,5.0
ca,CA,55048408,0,1,319,5.0
ca,CA,55048408,0,1,320,4.0
ca,CA,55048408,0,1,321,4.0
ca,CA,55048408,0,1,322,4.0
ca,CA,55048408,0,1,323,4.0
ca,CA,55048408,0,1,324,4.0
ca,CA,55048408,0,1,325,4.0
ca,CA,55048408,0,1,326,4.0
ca,CA,55048408,0,1,327,4.0
ca,CA,55048408,0,1,328,3.0
ca,CA,55048408,0,1,329,3.0
ca,CA,55048408,0,1,330,3.0
ca,CA,55048408,0,1,331,3.0
ca,CA,55048408,0,1,332,3.0
ca,CA,55048408,0,1,333,3.0
ca,CA,55048408,0,1,334,3.0
ca,CA,55048408,0,1,335,3.0
ca,CA,55048408,0,1,336,2.0
ca,CA,55048408,0,1,337,2.0
ca,CA,55048408,0,1,338,2.0
ca,CA,55048408,0,1,339,2.0
ca,CA,55048408,0,1,340,2.0
ca,CA,55048408,0,1,341,2.0
ca,CA,55048408,0,1,342,2.0
ca,CA,55048408,0,1,343,2.0
ca,CA,55048408,0,1,344,2.0
ca,CA,55048408,0,1,345,2.0
ca,CA,55048408,0,1,346,2.0
ca,CA,55048408,0,1,347,2.0
ca,CA,55048408,0,1,348,1.0
ca,CA,55048408,0,1,349,1.0
ca,CA,55048408,0,1,350,1.0
ca,CA,55048408,0,1,351,1.0
ca,CA,55048408,0,1,352,1.0
ca,CA,55048408,0,1,353,1.0
ca,CA,55048408,0,1,354,1.0
ca,CA,55048408,0,1,355,1.0
ca,CA,55048408,0,2,0,16.0
ca,CA,55048408,0,2,1,16.0
ca,CA,55048408,0,2,2,16.0
ca,CA,55048408,0,2,3,16.0
ca,CA,55048408,0,2,4,16.0
ca,CA,55048408,0,2,5,16.0
ca,CA,55048408,0,2,6,16.0
ca,CA,55048408,0,2,7,16.0
ca,CA,55048408,0,2,8,16.0
ca,CA,55048408,0,2,9,16.0
ca,CA,55048408,0,2,10,16.0
ca,CA,55048408,0,2,11,16.0
ca,CA,55048408,0,2,12,16.0
ca,CA,55048408,0,2,13,16.0
ca,CA,55048408,0,2,14,16.0
ca,CA,55048408,0,2,15,16.0
ca,CA,55048408,0,2,16,16.0
ca,CA,55048408,0,2,17,16.0
ca,CA,55048408,0,2,18,16.0
ca,CA,55048408,0,2,19,16.0
ca,CA,55048408,0,2,20,16.0
ca,CA,55048408,0,2,21,16.0
ca,CA,55048408,0,2,22,16.0
ca,CA,55048408,0,2,23,16.0
ca,CA,55048408,0,2,24,16.0
ca,CA,55048408,0,2,25,16.0
ca,CA,55048408,0,2,26,16.0
ca,CA,55048408,0,2,27,16.0
ca,CA,55048408,0,2,28,15.0
ca,CA,55048408,0,2,29,15.0
ca,CA,55048408,0,2,30,15.0
ca,CA,55048408,0,2,31,15.0
ca,CA,55048408,0,2,32,11.0
ca,CA,55048408,0,2,33,11.0
ca,CA,55048408,0,2,34,11.0
ca,CA,55048408,0,2,35,11.0
ca,CA,55048408,0,2,36,11.0
ca,CA,55048408,0,2,37,11.0
ca,CA,55048408,0,2,38,11.0
ca,CA,55048408,0,2,39,11.0
ca,CA,55048408,0,2,40,11.0
ca,CA,55048408,0,2,41,11.0
ca,CA,55048408,0,2,42,11.0
ca,CA,55048408,0,2,43,11.0
ca,CA,55048408,0,2,44,11.0
ca,CA,55048408,0,2,45,11.0
ca,CA,55048408,0,2,46,11.0
ca,CA,55048408,0,2,47,11.0
ca,CA,55048408,0,2,48,11.0
ca,CA,55048408,0,2,49,11.0
ca,CA,55048408,0,2,50,11.0
ca,CA,55048408,0,2,51,11.0
ca,CA,55048408,0,2,52,11.0
ca,CA,55048408,0,2,53,11.0
ca,CA,55048408,0,2,54,11.0
ca,CA,55048408,0,2,55,11.0
ca,CA,55048408,0,2,56,11.0
ca,CA,55048408,0,2,57,11.0
ca,CA,55048408,0,2,58,11.0
ca,CA,55048408,0,2,59,11.0
ca,CA,55048408,0,2,60,11.0
ca,CA,55048408,0,2,61,11.0
ca,CA,55048408,0,2,62,11.0
ca,CA,55048408,0,2,63,11.0
ca,CA,55048408,0,2,64,11.0
ca,CA,55048408,0,2,65,11.0
ca,CA,55048408,0,2,66,11.0
ca,CA,55048408,0,2,67,11.0
ca,CA,55048408,0,2,68,11.0
ca,CA,55048408,0,2,69,11.0
ca,CA,55048408,0,2,70,11.0
ca,CA,55048408,0,2,71,11.0
ca,CA,55048408,0,2,72,11.0
ca,CA,55048408,0,2,73,11.0
ca,CA,55048408,0,2,74,11.0
ca,CA,55048408,0,2,75,11.0
ca,CA,55048408,0,2,76,11.0
ca,CA,55048408,0,2,77,11.0
ca,CA,55048408,0,2,78,11.0
ca,CA,55048408,0,2,79,11.0
ca,CA,55048408,0,2,80,11.0
ca,CA,55048408,0,2,81,11.0
ca,CA,55048408,0,2,82,11.0
ca,CA,55048408,0,2,83,11.0
ca,CA,55048408,0,2,84,11.0
ca,CA,55048408,0,2,85,11.0
ca,CA,55048408,0,2,86,11.0
ca,CA,55048408,0,2,87,11.0
ca,CA,55048408,0,2,88,11.0
ca,CA,55048408,0,2,89,11.0
ca,CA,55048408,0,2,90,11.0
ca,CA,55048408,0,2,91,11.0
ca,CA,55048408,0,2,92,11.0
ca,CA,55048408,0,2,93,11.0
ca,CA,55048408,0,2,94,11.0
ca,CA,55048408,0,2,95,11.0
ca,CA,55048408,0,2,96,11.0
ca,CA,55048408,0,2,97,11.0
ca,CA,55048408,0,2,98,11.0
ca,CA,55048408,0,2,99,11.0
ca,CA,55048408,0,2,100,10.0
ca,CA,55048408,0,2,101,10.0
ca,CA,55048408,0,2,102,10.0
ca,CA,55048408,0,2,103,10.0
ca,CA,55048408,0,2,104,10.0
ca,CA,55048408,0,2,105,10.0
ca,CA,55048408,0,2,106,10.0
ca,CA,55048408,0,2,107,10.0
ca,CA,55048408,0,2,108,10.0
ca,CA,55048408,0,2,109,10.0
ca,CA,55048408,0,2,110,10.0
ca,CA,55048408,0,2,111,10.0
ca,CA,55048408,0,2,112,10.0
ca,CA,55048408,0,2,113,10.0
ca,CA,55048408,0,2,114,10.0
ca,CA,55048408,0,2,115,10.0
ca,CA,55048408,0,2,116,10.0
ca,CA,55048408,0,2,117,10.0
ca,CA,55048408,0,2,118,10.0
ca,CA,55048408,0,2,119,10.0
ca,CA,55048408,0,2,120,10.0
ca,CA,55048408,0,2,121,10.0
ca,CA,55048408,0,2,122,10.0
ca,CA,55048408,0,2,123,10.0
ca,CA,55048408,0,2,124,10.0
ca,CA,55048408,0,2,125,10.0
ca,CA,55048408,0,2,126,10.0
ca,CA,55048408,0,2,127,10.0
ca,CA,55048408,0,2,128,10.0
ca,CA,55048408,0,2,129,10.0
ca,CA,55048408,0,2,130,10.0
ca,CA,55048408,0,2,131,10.0
ca,CA,55048408,0,2,132,10.0
ca,CA,55048408,0,2,133,10.0
ca,CA,55048408,0,2,134,10.0
ca,CA,55048408,0,2,135,10.0
ca,CA,55048408,0,2,136,10.0
ca,CA,55048408,0,2,137,10.0
ca,CA,55048408,0,2,138,10.0
ca,CA,55048408,0,2,139,10.0
ca,CA,55048408,0,2,140,9.0
ca,CA,55048408,0,2,141,9.0
ca,CA,55048408,0,2,142,9.0
ca,CA,55048408,0,2,143,9.0
ca,CA,55048408,0,2,144,9.0
ca,CA,55048408,0,2,145,9.0
ca,CA,55048408,0,2,146,9.0
ca,CA,55048408,0,2,147,9.0
ca,CA,55048408,0,2,148,9.0
ca,CA,55048408,0,2,149,9.0
ca,CA,55048408,0,2,150,9.0
ca,CA,55048408,0,2,151,9.0
ca,CA,55048408,0,2,152,9.0
ca,CA,55048408,0,2,153,9.0
ca,CA,55048408,0,2,154,9.0
ca,CA,55048408,0,2,155,9.0
ca,CA,55048408,0,2,156,9.0
ca,CA,55048408,0,2,157,9.0
ca,CA,55048408,0,2,158,9.0
ca,CA,55048408,0,2,159,9.0
ca,CA,55048408,0,2,160,9.0
ca,CA,55048408,0,2,161,9.0
ca,CA,55048408,0,2,162,9.0
ca,CA,55048408,0,2,163,9.0
ca,CA,55048408,0,2,164,9.0
ca,CA,55048408,0,2,165,9.0
ca,CA,55048408,0,2,166,9.0
ca,CA,55048408,0,2,167,9.0
ca,CA,55048408,0,2,168,9.0
ca,CA,55048408,0,2,169,9.0
ca,CA,55048408,0,2,170,9.0
ca,CA,55048408,0,2,171,9.0
ca,CA,55048408,0,2,172,8.0
ca,CA,55048408,0,2,173,8.0
ca,CA,55048408,0,2,174,8.0
ca,CA,55048408,0,2,175,8.0
ca,CA,55048408,0,2,176,8.0
ca,CA,55048408,0,2,177,8.0
ca,CA,55048408,0,2,178,8.0
ca,CA,55048408,0,2,179,8.0
ca,CA,55048408,0,2,180,8.0
ca,CA,55048408,0,2,181,8.0
ca,CA,55048408,0,2,182,8.0
ca,CA,55048408,0,2,183,8.0
ca,CA,55048408,0,2,184,8.0
ca,CA,55048408,0,2,185,8.0
ca,CA,55048408,0,2,186,8.0
ca,CA,55048408,0,2,187,8.0
ca,CA,55048408,0,2,188,8.0
ca,CA,55048408,0,2,189,8.0
ca,CA,55048408,0,2,190,8.0
ca,CA,55048408,0,2,191,8.0
ca,CA,55048408,0,2,192,8.0
ca,CA,55048408,0,2,193,8.0
ca,CA,55048408,0,2,194,8.0
ca,CA,55048408,0,2,195,8.0
ca,CA,55048408,0,2,196,8.0
ca,CA,55048408,0,2,197,8.0
ca,CA,55048408,0,2,198,8.0
ca,CA,55048408,0,2,199,8.0
ca,CA,55048408,0,2,200,8.0
ca,CA,55048408,0,2,201,8.0
ca,CA,55048408,0,2,202,8.0
ca,CA,55048408,0,2,203,8.0
ca,CA,55048408,0,2,204,8.0
ca,CA,55048408,0,2,205,8.0
ca,CA,55048408,0,2,206,8.0
ca,CA,55048408,0,2,207,8.0
ca,CA,55048408,0,2,208,8.0
ca,CA,55048408,0,2,209,8.0
ca,CA,55048408,0,2,210,8.0
ca,CA,55048408,0,2,211,8.0
ca,CA,55048408,0,2,212,8.0
ca,CA,55048408,0,2,213,8.0
ca,CA,55048408,0,2,214,8.0
ca,CA,55048408,0,2,215,8.0
ca,CA,55048408,0,2,216,8.0
ca,CA,55048408,0,2,217,8.0
ca,CA,55048408,0,2,218,8.0
ca,CA,55048408,0,2,219,8.0
ca,CA,55048408,0,2,220,8.0
ca,CA,55048408,0,2,221,8.0
ca,CA,55048408,0,2,222,8.0
ca,CA,55048408,0,2,223,8.0
ca,CA,55048408,0,2,224,8.0
ca,CA,55048408,0,2,225,8.0
ca,CA,55048408,0,2,226,8.0
ca,CA,55048408,0,2,227,8.0
ca,CA,55048408,0,2,228,8.0
ca,CA,55048408,0,2,229,8.0
ca,CA,55048408,0,2,230,8.0
ca,CA,55048408,0,2,231,8.0
ca,CA,55048408,0,2,232,8.0
ca,CA,55048408,0,2,233,8.0
ca,CA,55048408,0,2,234,8.0
ca,CA,55048408,0,2,235,8.0
ca,CA,55048408,0,2,236,8.0
ca,CA,55048408,0,2,237,8.0
ca,CA,55048408,0,2,238,8.0
ca,CA,55048408,0,2,239,8.0
ca,CA,55048408,0,2,240,8.0
ca,CA,55048408,0,2,241,8.0
ca,CA,55048408,0,2,242,8.0
ca,CA,55048408,0,2,243,8.0
ca,CA,55048408,0,2,244,8.0
ca,CA,55048408,0,2,245,8.0
ca,CA,55048408,0,2,246,8.0
ca,CA,55048408,0,2,247,8.0
ca,CA,55048408,0,2,248,8.0
ca,CA,55048408,0,2,249,8.0
ca,CA,55048408,0,2,250,8.0
ca,CA,55048408,0,2,251,8.0
ca,CA,55048408,0,2,252,8.0
ca,CA,55048408,0,2,253,8.0
ca,CA,55048408,0,2,254,8.0
ca,CA,55048408,0,2,255,8.0
ca,CA,55048408,0,2,256,8.0
ca,CA,55048408,0,2,257,8.0
ca,CA,55048408,0,2,258,8.0
ca,CA,55048408,0,2,259,8.0
ca,CA,55048408,0,2,260,8.0
ca,CA,55048408,0,2,261,8.0
ca,CA,55048408,0,2,262,8.0
ca,CA,55048408,0,2,263,8.0
ca,CA,55048408,0,2,264,8.0
ca,CA,55048408,0,2,265,8.0
ca,CA,55048408,0,2,266,8.0
ca,CA,55048408,0,2,267,8.0
ca,CA,55048408,0,2,268,8.0
ca,CA,55048408,0,2,269,8.0
ca,CA,55048408,0,2,270,8.0
ca,CA,55048408,0,2,271,8.0
ca,CA,55048408,0,2,272,7.0
ca,CA,55048408,0,2,273,7.0
ca,CA,55048408,0,2,274,7.0
ca,CA,55048408,0,2,275,7.0
ca,CA,55048408,0,2,276,7.0
ca,CA,55048408,0,2,277,7.0
ca,CA,55048408,0,2,278,7.0
ca,CA,55048408,0,2,279,7.0
ca,CA,55048408,0,2,280,7.0
ca,CA,55048408,0,2,281,7.0
ca,CA,55048408,0,2,282,7.0
ca,CA,55048408,0,2,283,7.0
ca,CA,55048408,0,2,284,7.0
ca,CA,55048408,0,2,285,7.0
ca,CA,55048408,0,2,286,7.0
ca,CA,55048408,0,2,287,7.0
ca,CA,55048408,0,2,288,6.0
ca,CA,55048408,0,2,289,6.0
ca,CA,55048408,0,2,290,6.0
ca,CA,55048408,0,2,291,6.0
ca,CA,55048408,0,2,292,6.0
ca,CA,55048408,0,2,293,6.0
ca,CA,55048408,0,2,294,6.0
ca,CA,55048408,0,2,295,6.0
ca,CA,55048408,0,2,296,6.0
ca,CA,55048408,0,2,297,6.0
ca,CA,55048408,0,2,298,6.0
ca,CA,55048408,0,2,299,6.0
ca,CA,55048408,0,2,300,6.0
ca,CA,55048408,0,2,301,6.0
ca,CA,55048408,0,2,302,6.0
ca,CA,55048408,0,2,303,6.0
ca,CA,55048408,0,2,304,6.0
ca,CA,55048408,0,2,305,6.0
ca,CA,55048408,0,2,306,6.0
ca,CA,55048408,0,2,307,6.0
ca,CA,55048408,0,2,308,6.0
ca,CA,55048408,0,2,309,6.0
ca,CA,55048408,0,2,310,6.0
ca,CA,55048408,0,2,311,6.0
ca,CA,55048408,0,2,312,5.0
ca,CA,55048408,0,2,313,5.0
ca,CA,55048408,0,2,314,5.0
ca,CA,55048408,0,2,315,5.0
ca,CA,55048408,0,2,316,5.0
ca,CA,55048408,0,2,317,5.0
ca,CA,55048408,0,2,318,5.0
ca,CA,55048408,0,2,319,5.0
ca,CA,55048408,0,2,320,4.0
ca,CA,55048408,0,2,321,4.0
ca,CA,55048408,0,2,322,4.0
ca,CA,55048408,0,2,323,4.0
ca,CA,55048408,0,2,324,4.0
ca,CA,55048408,0,2,325,4.0
ca,CA,55048408,0,2,326,4.0
ca,CA,55048408,0,2,327,4.0
ca,CA,55048408,0,2,328,3.0
ca,CA,55048408,0,2,329,3.0
ca,CA,55048408,0,2,330,3.0
ca,CA,55048408,0,2,331,3.0
ca,CA,55048408,0,2,332,3.0
ca,CA,55048408,0,2,333,3.0
ca,CA,55048408,0,2,334,3.0
ca,CA,55048408,0,2,335,3.0
ca,CA,55048408,0,2,336,2.0
ca,CA,55048408,0,2,337,2.0
ca,CA,55048408,0,2,338,2.0
ca,CA,55048408,0,2,339,2.0
ca,CA,55048408,0,2,340,2.0
ca,CA,55048408,0,2,341,2.0
ca,CA,55048408,0,2,342,2.0
ca,CA,55048408,0,2,343,2.0
ca,CA,55048408,0,2,344,2.0
ca,CA,55048408,0,2,345,2.0
ca,CA,55048408,0,2,346,2.0
ca,CA,55048408,0,2,347,2.0
ca,CA,55048408,0,2,348,1.0
ca,CA,55048408,0,2,349,1.0
ca,CA,55048408,0,2,350,1.0
ca,CA,55048408,0,2,351,1.0
ca,CA,55048408,0,2,352,1.0
ca,CA,55048408,0,2,353,1.0
ca,CA,55048408,0,2,354,1.0
ca,CA,55048408,0,2,355,1.0
ca,CA,55048408,1,0,0,16.0
ca,CA,55048408,1,0,1,16.0
ca,CA,55048408,1,0,2,16.0
ca,CA,55048408,1,0,3,16.0
ca,CA,55048408,1,0,4,16.0
ca,CA,55048408,1,0,5,16.0
ca,CA,55048408,1,0,6,16.0
ca,CA,55048408,1,0,7,16.0
ca,CA,55048408,1,0,8,16.0
ca,CA,55048408,1,0,9,16.0
ca,CA,55048408,1,0,10,16.0
ca,CA,55048408,1,0,11,16.0
ca,CA,55048408,1,0,12,16.0
ca,CA,55048408,1,0,13,16.0
ca,CA,55048408,1,0,14,16.0
ca,CA,55048408,1,0,15,16.0
ca,CA,55048408,1,0,16,16.0
ca,CA,55048408,1,0,17,16.0
ca,CA,55048408,1,0,18,16.0
ca,CA,55048408,1,0,19,16.0
ca,CA,55048408,1,0,20,16.0
ca,CA,55048408,1,0,21,16.0
ca,CA,55048408,1,0,22,16.0
ca,CA,55048408,1,0,23,16.0
ca,CA,55048408,1,0,24,16.0
ca,CA,55048408,1,0,25,16.0
ca,CA,55048408,1,0,26,16.0
ca,CA,55048408,1,0,27,16.0
ca,CA,55048408,1,0,28,15.0
ca,CA,55048408,1,0,29,15.0
ca,CA,55048408,1,0,30,15.0
ca,CA,55048408,1,0,31,15.0
ca,CA,55048408,1,0,32,11.0
ca,CA,55048408,1,0,33,11.0
ca,CA,55048408,1,0,34,11.0
ca,CA,55048408,1,0,35,11.0
ca,CA,55048408,1,0,36,11.0
ca,CA,55048408,1,0,37,11.0
ca,CA,55048408,1,0,38,11.0
ca,CA,55048408,1,0,39,11.0
ca,CA,55048408,1,0,40,11.0
ca,CA,55048408,1,0,41,11.0
ca,CA,55048408,1,0,42,11.0
ca,CA,55048408,1,0,43,11.0
ca,CA,55048408,1,0,44,11.0
ca,CA,55048408,1,0,45,11.0
ca,CA,55048408,1,0,46,11.0
ca,CA,55048408,1,0,47,11.0
ca,CA,55048408,1,0,48,11.0
ca,CA,55048408,1,0,49,11.0
ca,CA,55048408,1,0,50,11.0
ca,CA,55048408,1,0,51,11.0
ca,CA,55048408,1,0,52,11.0
ca,CA,55048408,1,0,53,11.0
ca,CA,55048408,1,0,54,11.0
ca,CA,55048408,1,0,55,11.0
ca,CA,55048408,1,0,56,11.0
ca,CA,55048408,1,0,57,11.0
ca,CA,55048408,1,0,58,11.0
ca,CA,55048408,1,0,59,11.0
ca,CA,55048408,1,0,60,11.0
ca,CA,55048408,1,0,61,11.0
ca,CA,55048408,1,0,62,11.0
ca,CA,55048408,1,0,63,11.0
ca,CA,55048408,1,0,64,11.0
ca,CA,55048408,1,0,65,11.0
ca,CA,55048408,1,0,66,11.0
ca,CA,55048408,1,0,67,11.0
ca,CA,55048408,1,0,68,11.0
ca,CA,55048408,1,0,69,11.0
ca,CA,55048408,1,0,70,11.0
ca,CA,55048408,1,0,71,11.0
ca,CA,55048408,1,0,72,11.0
ca,CA,55048408,1,0,73,11.0
ca,CA,55048408,1,0,74,11.0
ca,CA,55048408,1,0,75,11.0
ca,CA,55048408,1,0,76,11.0
ca,CA,55048408,1,0,77,11.0
ca,CA,55048408,1,0,78,11.0
ca,CA,55048408,1,0,79,11.0
ca,CA,55048408,1,0,80,11.0
ca,CA,55048408,1,0,81,11.0
ca,CA,55048408,1,0,82,11.0
ca,CA,55048408,1,0,83,11.0
ca,CA,55048408,1,0,84,11.0
ca,CA,55048408,1,0,85,11.0
ca,CA,55048408,1,0,86,11.0
ca,CA,55048408,1,0,87,11.0
ca,CA,55048408,1,0,88,11.0
ca,CA,55048408,1,0,89,11.0
ca,CA,55048408,1,0,90,11.0
ca,CA,55048408,1,0,91,11.0
ca,CA,55048408,1,0,92,11.0
ca,CA,55048408,1,0,93,11.0
ca,CA,55048408,1,0,94,11.0
ca,CA,55048408,1,0,95,11.0
ca,CA,55048408,1,0,96,11.0
ca,CA,55048408,1,0,97,11.0
ca,CA,55048408,1,0,98,11.0
ca,CA,55048408,1,0,99,11.0
ca,CA,55048408,1,0,100,10.0
ca,CA,55048408,1,0,101,10.0
ca,CA,55048408,1,0,102,10.0
ca,CA,55048408,1,0,103,10.0
ca,CA,55048408,1,0,104,10.0
ca,CA,55048408,1,0,105,10.0
ca,CA,55048408,1,0,106,10.0
ca,CA,55048408,1,0,107,10.0
ca,CA,55048408,1,0,108,10.0
ca,CA,55048408,1,0,109,10.0
ca,CA,55048408,1,0,110,10.0
ca,CA,55048408,1,0,111,10.0
ca,CA,55048408,1,0,112,10.0
ca,CA,55048408,1,0,113,10.0
ca,CA,55048408,1,0,114,10.0
ca,CA,55048408,1,0,115,10.0
ca,CA,55048408,1,0,116,10.0
ca,CA,55048408,1,0,117,10.0
ca,CA,55048408,1,0,118,10.0
ca,CA,55048408,1,0,119,10.0
ca,CA,55048408,1,0,120,10.0
ca,CA,55048408,1,0,121,10.0
ca,CA,55048408,1,0,122,10.0
ca,CA,55048408,1,0,123,10.0
ca,CA,55048408,1,0,124,10.0
ca,CA,55048408,1,0,125,10.0
ca,CA,55048408,1,0,126,10.0
ca,CA,55048408,1,0,127,10.0
ca,CA,55048408,1,0,128,10.0
ca,CA,55048408,1,0,129,10.0
ca,CA,55048408,1,0,130,10.0
ca,CA,55048408,1,0,131,10.0
ca,CA,55048408,1,0,132,10.0
ca,CA,55048408,1,0,133,10.0
ca,CA,55048408,1,0,134,10.0
ca,CA,55048408,1,0,135,10.0
ca,CA,55048408,1,0,136,10.0
ca,CA,55048408,1,0,137,10.0
ca,CA,55048408,1,0,138,10.0
ca,CA,55048408,1,0,139,10.0
ca,CA,55048408,1,0,140,9.0
ca,CA,55048408,1,0,141,9.0
ca,CA,55048408,1,0,142,9.0
ca,CA,55048408,1,0,143,9.0
ca,CA,55048408,1,0,144,9.0
ca,CA,55048408,1,0,145,9.0
ca,CA,55048408,1,0,146,9.0
ca,CA,55048408,1,0,147,9.0
ca,CA,55048408,1,0,148,9.0
ca,CA,55048408,1,0,149,9.0
ca,CA,55048408,1,0,150,9.0
ca,CA,55048408,1,0,151,9.0
ca,CA,55048408,1,0,152,9.0
ca,CA,55048408,1,0,153,9.0
ca,CA,55048408,1,0,154,9.0
ca,CA,55048408,1,0,155,9.0
ca,CA,55048408,1,0,156,9.0
ca,CA,55048408,1,0,157,9.0
ca,CA,55048408,1,0,158,9.0
ca,CA,55048408,1,0,159,9.0
ca,CA,55048408,1,0,160,9.0
ca,CA,55048408,1,0,161,9.0
ca,CA,55048408,1,0,162,9.0
ca,CA,55048408,1,0,163,9.0
ca,CA,55048408,1,0,164,9.0
ca,CA,55048408,1,0,165,9.0
ca,CA,55048408,1,0,166,9.0
ca,CA,55048408,1,0,167,9.0
ca,CA,55048408,1,0,168,9.0
ca,CA,55048408,1,0,169,9.0
ca,CA,55048408,1,0,170,9.0
ca,CA,55048408,1,0,171,9.0
ca,CA,55048408,1,0,172,8.0
ca,CA,55048408,1,0,173,8.0
ca,CA,55048408,1,0,174,8.0
ca,CA,55048408,1,0,175,8.0
ca,CA,55048408,1,0,176,8.0
ca,CA,55048408,1,0,177,8.0
ca,CA,55048408,1,0,178,8.0
ca,CA,55048408,1,0,179,8.0
ca,CA,55048408,1,0,180,8.0
ca,CA,55048408,1,0,181,8.0
ca,CA,55048408,1,0,182,8.0
ca,CA,55048408,1,0,183,8.0
ca,CA,55048408,1,0,184,8.0
ca,CA,55048408,1,0,185,8.0
ca,CA,55048408,1,0,186,8.0
ca,CA,55048408,1,0,187,8.0
ca,CA,55048408,1,0,188,8.0
ca,CA,55048408,1,0,189,8.0
ca,CA,55048408,1,0,190,8.0
ca,CA,55048408,1,0,191,8.0
ca,CA,55048408,1,0,192,8.0
ca,CA,55048408,1,0,193,8.0
ca,CA,55048408,1,0,194,8.0
ca,CA,55048408,1,0,195,8.0
ca,CA,55048408,1,0,196,8.0
ca,CA,55048408,1,0,197,8.0
ca,CA,55048408,1,0,198,8.0
ca,CA,55048408,1,0,199,8.0
ca,CA,55048408,1,0,200,8.0
ca,CA,55048408,1,0,201,8.0
ca,CA,55048408,1,0,202,8.0
ca,CA,55048408,1,0,203,8.0
ca,CA,55048408,1,0,204,8.0
ca,CA,55048408,1,0,205,8.0
ca,CA,55048408,1,0,206,8.0
ca,CA,55048408,1,0,207,8.0
ca,CA,55048408,1,0,208,8.0
ca,CA,55048408,1,0,209,8.0
ca,CA,55048408,1,0,210,8.0
ca,CA,55048408,1,0,211,8.0
ca,CA,55048408,1,0,212,8.0
ca,CA,55048408,1,0,213,8.0
ca,CA,55048408,1,0,214,8.0
ca,CA,55048408,1,0,215,8.0
ca,CA,55048408,1,0,216,8.0
ca,CA,55048408,1,0,217,8.0
ca,CA,55048408,1,0,218,8.0
ca,CA,55048408,1,0,219,8.0
ca,CA,55048408,1,0,220,8.0
ca,CA,55048408,1,0,221,8.0
ca,CA,55048408,1,0,222,8.0
ca,CA,55048408,1,0,223,8.0
ca,CA,55048408,1,0,224,8.0
ca,CA,55048408,1,0,225,8.0
ca,CA,55048408,1,0,226,8.0
ca,CA,55048408,1,0,227,8.0
ca,CA,55048408,1,0,228,8.0
ca,CA,55048408,1,0,229,8.0
ca,CA,55048408,1,0,230,8.0
ca,CA,55048408,1,0,231,8.0
ca,CA,55048408,1,0,232,8.0
ca,CA,55048408,1,0,233,8.0
ca,CA,55048408,1,0,234,8.0
ca,CA,55048408,1,0,235,8.0
ca,CA,55048408,1,0,236,8.0
ca,CA,55048408,1,0,237,8.0
ca,CA,55048408,1,0,238,8.0
ca,CA,55048408,1,0,239,8.0
ca,CA,55048408,1,0,240,8.0
ca,CA,55048408,1,0,241,8.0
ca,CA,55048408,1,0,242,8.0
ca,CA,55048408,1,0,243,8.0
ca,CA,55048408,1,0,244,8.0
ca,CA,55048408,1,0,245,8.0
ca,CA,55048408,1,0,246,8.0
ca,CA,55048408,1,0,247,8.0
ca,CA,55048408,1,0,248,8.0
ca,CA,55048408,1,0,249,8.0
ca,CA,55048408,1,0,250,8.0
ca,CA,55048408,1,0,251,8.0
ca,CA,55048408,1,0,252,8.0
ca,CA,55048408,1,0,253,8.0
ca,CA,55048408,1,0,254,8.0
ca,CA,55048408,1,0,255,8.0
ca,CA,55048408,1,0,256,8.0
ca,CA,55048408,1,0,257,8.0
ca,CA,55048408,1,0,258,8.0
ca,CA,55048408,1,0,259,8.0
ca,CA,55048408,1,0,260,8.0
ca,CA,55048408,1,0,261,8.0
ca,CA,55048408,1,0,262,8.0
ca,CA,55048408,1,0,263,8.0
ca,CA,55048408,1,0,264,8.0
ca,CA,55048408,1,0,265,8.0
ca,CA,55048408,1,0,266,8.0
ca,CA,55048408,1,0,267,8.0
ca,CA,55048408,1,0,268,8.0
ca,CA,55048408,1,0,269,8.0
ca,CA,55048408,1,0,270,8.0
ca,CA,55048408,1,0,271,8.0
ca,CA,55048408,1,0,272,7.0
ca,CA,55048408,1,0,273,7.0
ca,CA,55048408,1,0,274,7.0
ca,CA,55048408,1,0,275,7.0
ca,CA,55048408,1,0,276,7.0
ca,CA,55048408,1,0,277,7.0
ca,CA,55048408,1,0,278,7.0
ca,CA,55048408,1,0,279,7.0
ca,CA,55048408,1,0,280,7.0
ca,CA,55048408,1,0,281,7.0
ca,CA,55048408,1,0,282,7.0
ca,CA,55048408,1,0,283,7.0
ca,CA,55048408,1,0,284,7.0
ca,CA,55048408,1,0,285,7.0
ca,CA,55048408,1,0,286,7.0
ca,CA,55048408,1,0,287,7.0
ca,CA,55048408,1,0,288,6.0
ca,CA,55048408,1,0,289,6.0
ca,CA,55048408,1,0,290,6.0
ca,CA,55048408,1,0,291,6.0
ca,CA,55048408,1,0,292,6.0
ca,CA,55048408,1,0,293,6.0
ca,CA,55048408,1,0,294,6.0
ca,CA,55048408,1,0,295,6.0
ca,CA,55048408,1,0,296,6.0
ca,CA,55048408,1,0,297,6.0
ca,CA,55048408,1,0,298,6.0
ca,CA,55048408,1,0,299,6.0
ca,CA,55048408,1,0,300,6.0
ca,CA,55048408,1,0,301,6.0
ca,CA,55048408,1,0,302,6.0
ca,CA,55048408,1,0,303,6.0
ca,CA,55048408,1,0,304,6.0
ca,CA,55048408,1,0,305,6.0
ca,CA,55048408,1,0,306,6.0
ca,CA,55048408,1,0,307,6.0
ca,CA,55048408,1,0,308,6.0
ca,CA,55048408,1,0,309,6.0
ca,CA,55048408,1,0,310,6.0
ca,CA,55048408,1,0,311,6.0
ca,CA,55048408,1,0,312,5.0
ca,CA,55048408,1,0,313,5.0
ca,CA,55048408,1,0,314,5.0
ca,CA,55048408,1,0,315,5.0
ca,CA,55048408,1,0,316,5.0
ca,CA,55048408,1,0,317,5.0
ca,CA,55048408,1,0,318,5.0
ca,CA,55048408,1,0,319,5.0
ca,CA,55048408,1,0,320,4.0
ca,CA,55048408,1,0,321,4.0
ca,CA,55048408,1,0,322,4.0
ca,CA,55048408,1,0,323,4.0
ca,CA,55048408,1,0,324,4.0
ca,CA,55048408,1,0,325,4.0
ca,CA,55048408,1,0,326,4.0
ca,CA,55048408,1,0,327,4.0
ca,CA,55048408,1,0,328,3.0
ca,CA,55048408,1,0,329,3.0
ca,CA,55048408,1,0,330,3.0
ca,CA,55048408,1,0,331,3.0
ca,CA,55048408,1,0,332,3.0
ca,CA,55048408,1,0,333,3.0
ca,CA,55048408,1,0,334,3.0
ca,CA,55048408,1,0,335,3.0
ca,CA,55048408,1,0,336,2.0
ca,CA,55048408,1,0,337,2.0
ca,CA,55048408,1,0,338,2.0
ca,CA,55048408,1,0,339,2.0
ca,CA,55048408,1,0,340,2.0
ca,CA,55048408,1,0,341,2.0
ca,CA,55048408,1,0,342,2.0
ca,CA,55048408,1,0,343,2.0
ca,CA,55048408,1,0,344,2.0
ca,CA,55048408,1,0,345,2.0
ca,CA,55048408,1,0,346,2.0
ca,CA,55048408,1,0,347,2.0
ca,CA,55048408,1,0,348,1.0
ca,CA,55048408,1,0,349,1.0
ca,CA,55048408,1,0,350,1.0
ca,CA,55048408,1,0,351,1.0
ca,CA,55048408,1,0,352,1.0
ca,CA,55048408,1,0,353,1.0
ca,CA,55048408,1,0,354,1.0
ca,CA,55048408,1,0,355,1.0
ca,CA,55048408,1,1,0,16.0
ca,CA,55048408,1,1,1,16.0
ca,CA,55048408,1,1,2,16.0
ca,CA,55048408,1,1,3,16.0
ca,CA,55048408,1,1,4,16.0
ca,CA,55048408,1,1,5,16.0
ca,CA,55048408,1,1,6,16.0
ca,CA,55048408,1,1,7,16.0
ca,CA,55048408,1,1,8,16.0
ca,CA,55048408,1,1,9,16.0
ca,CA,55048408,1,1,10,16.0
ca,CA,55048408,1,1,11,16.0
ca,CA,55048408,1,1,12,16.0
ca,CA,55048408,1,1,13,16.0
ca,CA,55048408,1,1,14,16.0
ca,CA,55048408,1,1,15,16.0
ca,CA,55048408,1,1,16,16.0
ca,CA,55048408,1,1,17,16.0
ca,CA,55048408,1,1,18,16.0
ca,CA,55048408,1,1,19,16.0
ca,CA,55048408,1,1,20,16.0
ca,CA,55048408,1,1,21,16.0
ca,CA,55048408,1,1,22,16.0
ca,CA,55048408,1,1,23,16.0
ca,CA,55048408,1,1,24,16.0
ca,CA,55048408,1,1,25,16.0
ca,CA,55048408,1,1,26,16.0
ca,CA,55048408,1,1,27,16.0
ca,CA,55048408,1,1,28,15.0
ca,CA,55048408,1,1,29,15.0
ca,CA,55048408,1,1,30,15.0
ca,CA,55048408,1,1,31,15.0
ca,CA,55048408,1,1,32,11.0
ca,CA,55048408,1,1,33,11.0
ca,CA,55048408,1,1,34,11.0
ca,CA,55048408,1,1,35,11.0
ca,CA,55048408,1,1,36,11.0
ca,CA,55048408,1,1,37,11.0
ca,CA,55048408,1,1,38,11.0
ca,CA,55048408,1,1,39,11.0
ca,CA,55048408,1,1,40,11.0
ca,CA,55048408,1,1,41,11.0
ca,CA,55048408,1,1,42,11.0
ca,CA,55048408,1,1,43,11.0
ca,CA,55048408,1,1,44,11.0
ca,CA,55048408,1,1,45,11.0
ca,CA,55048408,1,1,46,11.0
ca,CA,55048408,1,1,47,11.0
ca,CA,55048408,1,1,48,11.0
ca,CA,55048408,1,1,49,11.0
ca,CA,55048408,1,1,50,11.0
ca,CA,55048408,1,1,51,11.0
ca,CA,55048408,1,1,52,11.0
ca,CA,55048408,1,1,53,11.0
ca,CA,55048408,1,1,54,11.0
ca,CA,55048408,1,1,55,11.0
ca,CA,55048408,1,1,56,11.0
ca,CA,55048408,1,1,57,11.0
ca,CA,55048408,1,1,58,11.0
ca,CA,55048408,1,1,59,11.0
ca,CA,55048408,1,1,60,11.0
ca,CA,55048408,1,1,61,11.0
ca,CA,55048408,1,1,62,11.0
ca,CA,55048408,1,1,63,11.0
ca,CA,55048408,1,1,64,11.0
ca,CA,55048408,1,1,65,11.0
ca,CA,55048408,1,1,66,11.0
ca,CA,55048408,1,1,67,11.0
ca,CA,55048408,1,1,68,11.0
ca,CA,55048408,1,1,69,11.0
ca,CA,55048408,1,1,70,11.0
ca,CA,55048408,1,1,71,11.0
ca,CA,55048408,1,1,72,11.0
ca,CA,55048408,1,1,73,11.0
ca,CA,55048408,1,1,74,11.0
ca,CA,55048408,1,1,75,11.0
ca,CA,55048408,1,1,76,11.0
ca,CA,55048408,1,1,77,11.0
ca,CA,55048408,1,1,78,11.0
ca,CA,55048408,1,1,79,11.0
ca,CA,55048408,1,1,80,11.0
ca,CA,55048408,1,1,81,11.0
ca,CA,55048408,1,1,82,11.0
ca,CA,55048408,1,1,83,11.0
ca,CA,55048408,1,1,84,11.0
ca,CA,55048408,1,1,85,11.0
ca,CA,55048408,1,1,86,11.0
ca,CA,55048408,1,1,87,11.0
ca,CA,55048408,1,1,88,11.0
ca,CA,55048408,1,1,89,11.0
ca,CA,55048408,1,1,90,11.0
ca,CA,55048408,1,1,91,11.0
ca,CA,55048408,1,1,92,11.0
ca,CA,55048408,1,1,93,11.0
ca,CA,55048408,1,1,94,11.0
ca,CA,55048408,1,1,95,11.0
ca,CA,55048408,1,1,96,11.0
ca,CA,55048408,1,1,97,11.0
ca,CA,55048408,1,1,98,11.0
ca,CA,55048408,1,1,99,11.0
ca,CA,55048408,1,1,100,10.0
ca,CA,55048408,1,1,101,10.0
ca,CA,55048408,1,1,102,10.0
ca,CA,55048408,1,1,103,10.0
ca,CA,55048408,1,1,104,10.0
ca,CA,55048408,1,1,105,10.0
ca,CA,55048408,1,1,106,10.0
ca,CA,55048408,1,1,107,10.0
ca,CA,55048408,1,1,108,10.0
ca,CA,55048408,1,1,109,10.0
ca,CA,55048408,1,1,110,10.0
ca,CA,55048408,1,1,111,10.0
ca,CA,55048408,1,1,112,10.0
ca,CA,55048408,1,1,113,10.0
ca,CA,55048408,1,1,114,10.0
ca,CA,55048408,1,1,115,10.0
ca,CA,55048408,1,1,116,10.0
ca,CA,55048408,1,1,117,10.0
ca,CA,55048408,1,1,118,10.0
ca,CA,55048408,1,1,119,10.0
ca,CA,55048408,1,1,120,10.0
ca,CA,55048408,1,1,121,10.0
ca,CA,55048408,1,1,122,10.0
ca,CA,55048408,1,1,123,10.0
ca,CA,55048408,1,1,124,10.0
ca,CA,55048408,1,1,125,10.0
ca,CA,55048408,1,1,126,10.0
ca,CA,55048408,1,1,127,10.0
ca,CA,55048408,1,1,128,10.0
ca,CA,55048408,1,1,129,10.0
ca,CA,55048408,1,1,130,10.0
ca,CA,55048408,1,1,131,10.0
ca,CA,55048408,1,1,132,10.0
ca,CA,55048408,1,1,133,10.0
ca,CA,55048408,1,1,134,10.0
ca,CA,55048408,1,1,135,10.0
ca,CA,55048408,1,1,136,10.0
ca,CA,55048408,1,1,137,10.0
ca,CA,55048408,1,1,138,10.0
ca,CA,55048408,1,1,139,10.0
ca,CA,55048408,1,1,140,9.0
ca,CA,55048408,1,1,141,9.0
ca,CA,55048408,1,1,142,9.0
ca,CA,55048408,1,1,143,9.0
ca,CA,55048408,1,1,144,9.0
ca,CA,55048408,1,1,145,9.0
ca,CA,55048408,1,1,146,9.0
ca,CA,55048408,1,1,147,9.0
ca,CA,55048408,1,1,148,9.0
ca,CA,55048408,1,1,149,9.0
ca,CA,55048408,1,1,150,9.0
ca,CA,55048408,1,1,151,9.0
ca,CA,55048408,1,1,152,9.0
ca,CA,55048408,1,1,153,9.0
ca,CA,55048408,1,1,154,9.0
ca,CA,55048408,1,1,155,9.0
ca,CA,55048408,1,1,156,9.0
ca,CA,55048408,1,1,157,9.0
ca,CA,55048408,1,1,158,9.0
ca,CA,55048408,1,1,159,9.0
ca,CA,55048408,1,1,160,9.0
ca,CA,55048408,1,1,161,9.0
ca,CA,55048408,1,1,162,9.0
ca,CA,55048408,1,1,163,9.0
ca,CA,55048408,1,1,164,9.0
ca,CA,55048408,1,1,165,9.0
ca,CA,55048408,1,1,166,9.0
ca,CA,55048408,1,1,167,9.0
ca,CA,55048408,1,1,168,9.0
ca,CA,55048408,1,1,169,9.0
ca,CA,55048408,1,1,170,9.0
ca,CA,55048408,1,1,171,9.0
ca,CA,55048408,1,1,172,8.0
ca,CA,55048408,1,1,173,8.0
ca,CA,55048408,1,1,174,8.0
ca,CA,55048408,1,1,175,8.0
ca,CA,55048408,1,1,176,8.0
ca,CA,55048408,1,1,177,8.0
ca,CA,55048408,1,1,178,8.0
ca,CA,55048408,1,1,179,8.0
ca,CA,55048408,1,1,180,8.0
ca,CA,55048408,1,1,181,8.0
ca,CA,55048408,1,1,182,8.0
ca,CA,55048408,1,1,183,8.0
ca,CA,55048408,1,1,184,8.0
ca,CA,55048408,1,1,185,8.0
ca,CA,55048408,1,1,186,8.0
ca,CA,55048408,1,1,187,8.0
ca,CA,55048408,1,1,188,8.0
ca,CA,55048408,1,1,189,8.0
ca,CA,55048408,1,1,190,8.0
ca,CA,55048408,1,1,191,8.0
ca,CA,55048408,1,1,192,8.0
ca,CA,55048408,1,1,193,8.0
ca,CA,55048408,1,1,194,8.0
ca,CA,55048408,1,1,195,8.0
ca,CA,55048408,1,1,196,8.0
ca,CA,55048408,1,1,197,8.0
ca,CA,55048408,1,1,198,8.0
ca,CA,55048408,1,1,199,8.0
ca,CA,55048408,1,1,200,8.0
ca,CA,55048408,1,1,201,8.0
ca,CA,55048408,1,1,202,8.0
ca,CA,55048408,1,1,203,8.0
ca,CA,55048408,1,1,204,8.0
ca,CA,55048408,1,1,205,8.0
ca,CA,55048408,1,1,206,8.0
ca,CA,55048408,1,1,207,8.0
ca,CA,55048408,1,1,208,8.0
ca,CA,55048408,1,1,209,8.0
ca,CA,55048408,1,1,210,8.0
ca,CA,55048408,1,1,211,8.0
ca,CA,55048408,1,1,212,8.0
ca,CA,55048408,1,1,213,8.0
ca,CA,55048408,1,1,214,8.0
ca,CA,55048408,1,1,215,8.0
ca,CA,55048408,1,1,216,8.0
ca,CA,55048408,1,1,217,8.0
ca,CA,55048408,1,1,218,8.0
ca,CA,55048408,1,1,219,8.0
ca,CA,55048408,1,1,220,8.0
ca,CA,55048408,1,1,221,8.0
ca,CA,55048408,1,1,222,8.0
ca,CA,55048408,1,1,223,8.0
ca,CA,55048408,1,1,224,8.0
ca,CA,55048408,1,1,225,8.0
ca,CA,55048408,1,1,226,8.0
ca,CA,55048408,1,1,227,8.0
ca,CA,55048408,1,1,228,8.0
ca,CA,55048408,1,1,229,8.0
ca,CA,55048408,1,1,230,8.0
ca,CA,55048408,1,1,231,8.0
ca,CA,55048408,1,1,232,8.0
ca,CA,55048408,1,1,233,8.0
ca,CA,55048408,1,1,234,8.0
ca,CA,55048408,1,1,235,8.0
ca,CA,55048408,1,1,236,8.0
ca,CA,55048408,1,1,237,8.0
ca,CA,55048408,1,1,238,8.0
ca,CA,55048408,1,1,239,8.0
ca,CA,55048408,1,1,240,8.0
ca,CA,55048408,1,1,241,8.0
ca,CA,55048408,1,1,242,8.0
ca,CA,55048408,1,1,243,8.0
ca,CA,55048408,1,1,244,8.0
ca,CA,55048408,1,1,245,8.0
ca,CA,55048408,1,1,246,8.0
ca,CA,55048408,1,1,247,8.0
ca,CA,55048408,1,1,248,8.0
ca,CA,55048408,1,1,249,8.0
ca,CA,55048408,1,1,250,8.0
ca,CA,55048408,1,1,251,8.0
ca,CA,55048408,1,1,252,8.0
ca,CA,55048408,1,1,253,8.0
ca,CA,55048408,1,1,254,8.0
ca,CA,55048408,1,1,255,8.0
ca,CA,55048408,1,1,256,8.0
ca,CA,55048408,1,1,257,8.0
ca,CA,55048408,1,1,258,8.0
ca,CA,55048408,1,1,259,8.0
ca,CA,55048408,1,1,260,8.0
ca,CA,55048408,1,1,261,8.0
ca,CA,55048408,1,1,262,8.0
ca,CA,55048408,1,1,263,8.0
ca,CA,55048408,1,1,264,8.0
ca,CA,55048408,1,1,265,8.0
ca,CA,55048408,1,1,266,8.0
ca,CA,55048408,1,1,267,8.0
ca,CA,55048408,1,1,268,8.0
ca,CA,55048408,1,1,269,8.0
ca,CA,55048408,1,1,270,8.0
ca,CA,55048408,1,1,271,8.0
ca,CA,55048408,1,1,272,7.0
ca,CA,55048408,1,1,273,7.0
ca,CA,55048408,1,1,274,7.0
ca,CA,55048408,1,1,275,7.0
ca,CA,55048408,1,1,276,7.0
ca,CA,55048408,1,1,277,7.0
ca,CA,55048408,1,1,278,7.0
ca,CA,55048408,1,1,279,7.0
ca,CA,55048408,1,1,280,7.0
ca,CA,55048408,1,1,281,7.0
ca,CA,55048408,1,1,282,7.0
ca,CA,55048408,1,1,283,7.0
ca,CA,55048408,1,1,284,7.0
ca,CA,55048408,1,1,285,7.0
ca,CA,55048408,1,1,286,7.0
ca,CA,55048408,1,1,287,7.0
ca,CA,55048408,1,1,288,6.0
ca,CA,55048408,1,1,289,6.0
ca,CA,55048408,1,1,290,6.0
ca,CA,55048408,1,1,291,6.0
ca,CA,55048408,1,1,292,6.0
ca,CA,55048408,1,1,293,6.0
ca,CA,55048408,1,1,294,6.0
ca,CA,55048408,1,1,295,6.0
ca,CA,55048408,1,1,296,6.0
ca,CA,55048408,1,1,297,6.0
ca,CA,55048408,1,1,298,6.0
ca,CA,55048408,1,1,299,6.0
ca,CA,55048408,1,1,300,6.0
ca,CA,55048408,1,1,301,6.0
ca,CA,55048408,1,1,302,6.0
ca,CA,55048408,1,1,303,6.0
ca,CA,55048408,1,1,304,6.0
ca,CA,55048408,1,1,305,6.0
ca,CA,55048408,1,1,306,6.0
ca,CA,55048408,1,1,307,6.0
ca,CA,55048408,1,1,308,6.0
ca,CA,55048408,1,1,309,6.0
ca,CA,55048408,1,1,310,6.0
ca,CA,55048408,1,1,311,6.0
ca,CA,55048408,1,1,312,5.0
ca,CA,55048408,1,1,313,5.0
ca,CA,55048408,1,1,314,5.0
ca,CA,55048408,1,1,315,5.0
ca,CA,55048408,1,1,316,5.0
ca,CA,55048408,1,1,317,5.0
ca,CA,55048408,1,1,318,5.0
ca,CA,55048408,1,1,319,5.0
ca,CA,55048408,1,1,320,4.0
ca,CA,55048408,1,1,321,4.0
ca,CA,55048408,1,1,322,4.0
ca,CA,55048408,1,1,323,4.0
ca,CA,55048408,1,1,324,4.0
ca,CA,55048408,1,1,325,4.0
ca,CA,55048408,1,1,326,4.0
ca,CA,55048408,1,1,327,4.0
ca,CA,55048408,1,1,328,3.0
ca,CA,55048408,1,1,329,3.0
ca,CA,55048408,1,1,330,3.0
ca,CA,55048408,1,1,331,3.0
ca,CA,55048408,1,1,332,3.0
ca,CA,55048408,1,1,333,3.0
ca,CA,55048408,1,1,334,3.0
ca,CA,55048408,1,1,335,3.0
ca,CA,55048408,1,1,336,2.0
ca,CA,55048408,1,1,337,2.0
ca,CA,55048408,1,1,338,2.0
ca,CA,55048408,1,1,339,2.0
ca,CA,55048408,1,1,340,2.0
ca,CA,55048408,1,1,341,2.0
ca,CA,55048408,1,1,342,2.0
ca,CA,55048408,1,1,343,2.0
ca,CA,55048408,1,1,344,2.0
ca,CA,55048408,1,1,345,2.0
ca,CA,55048408,1,1,346,2.0
ca,CA,55048408,1,1,347,2.0
ca,CA,55048408,1,1,348,1.0
ca,CA,55048408,1,1,349,1.0
ca,CA,55048408,1,1,350,1.0
ca,CA,55048408,1,1,351,1.0
ca,CA,55048408,1,1,352,1.0
ca,CA,55048408,1,1,353,1.0
ca,CA,55048408,1,1,354,1.0
ca,CA,55048408,1,1,355,1.0
ca,CA,55048408,1,2,0,16.0
ca,CA,55048408,1,2,1,16.0
ca,CA,55048408,1,2,2,16.0
ca,CA,55048408,1,2,3,16.0
ca,CA,55048408,1,2,4,16.0
ca,CA,55048408,1,2,5,16.0
ca,CA,55048408,1,2,6,16.0
ca,CA,55048408,1,2,7,16.0
ca,CA,55048408,1,2,8,16.0
ca,CA,55048408,1,2,9,16.0
ca,CA,55048408,1,2,10,16.0
ca,CA,55048408,1,2,11,16.0
ca,CA,55048408,1,2,12,16.0
ca,CA,55048408,1,2,13,16.0
ca,CA,55048408,1,2,14,16.0
ca,CA,55048408,1,2,15,16.0
ca,CA,55048408,1,2,16,16.0
ca,CA,55048408,1,2,17,16.0
ca,CA,55048408,1,2,18,16.0
ca,CA,55048408,1,2,19,16.0
ca,CA,55048408,1,2,20,16.0
ca,CA,55048408,1,2,21,16.0
ca,CA,55048408,1,2,22,16.0
ca,CA,55048408,1,2,23,16.0
ca,CA,55048408,1,2,24,16.0
ca,CA,55048408,1,2,25,16.0
ca,CA,55048408,1,2,26,16.0
ca,CA,55048408,1,2,27,16.0
ca,CA,55048408,1,2,28,15.0
ca,CA,55048408,1,2,29,15.0
ca,CA,55048408,1,2,30,15.0
ca,CA,55048408,1,2,31,15.0
ca,CA,55048408,1,2,32,11.0
ca,CA,55048408,1,2,33,11.0
ca,CA,55048408,1,2,34,11.0
ca,CA,55048408,1,2,35,11.0
ca,CA,55048408,1,2,36,11.0
ca,CA,55048408,1,2,37,11.0
ca,CA,55048408,1,2,38,11.0
ca,CA,55048408,1,2,39,11.0
ca,CA,55048408,1,2,40,11.0
ca,CA,55048408,1,2,41,11.0
ca,CA,55048408,1,2,42,11.0
ca,CA,55048408,1,2,43,11.0
ca,CA,55048408,1,2,44,11.0
ca,CA,55048408,1,2,45,11.0
ca,CA,55048408,1,2,46,11.0
ca,CA,55048408,1,2,47,11.0
ca,CA,55048408,1,2,48,11.0
ca,CA,55048408,1,2,49,11.0
ca,CA,55048408,1,2,50,11.0
ca,CA,55048408,1,2,51,11.0
ca,CA,55048408,1,2,52,11.0
ca,CA,55048408,1,2,53,11.0
ca,CA,55048408,1,2,54,11.0
ca,CA,55048408,1,2,55,11.0
ca,CA,55048408,1,2,56,11.0
ca,CA,55048408,1,2,57,11.0
ca,CA,55048408,1,2,58,11.0
ca,CA,55048408,1,2,59,11.0
ca,CA,55048408,1,2,60,11.0
ca,CA,55048408,1,2,61,11.0
ca,CA,55048408,1,2,62,11.0
ca,CA,55048408,1,2,63,11.0
ca,CA,55048408,1,2,64,11.0
ca,CA,55048408,1,2,65,11.0
ca,CA,55048408,1,2,66,11.0
ca,CA,55048408,1,2,67,11.0
ca,CA,55048408,1,2,68,11.0
ca,CA,55048408,1,2,69,11.0
ca,CA,55048408,1,2,70,11.0
ca,CA,55048408,1,2,71,11.0
ca,CA,55048408,1,2,72,11.0
ca,CA,55048408,1,2,73,11.0
ca,CA,55048408,1,2,74,11.0
ca,CA,55048408,1,2,75,11.0
ca,CA,55048408,1,2,76,11.0
ca,CA,55048408,1,2,77,11.0
ca,CA,55048408,1,2,78,11.0
ca,CA,55048408,1,2,79,11.0
ca,CA,55048408,1,2,80,11.0
ca,CA,55048408,1,2,81,11.0
ca,CA,55048408,1,2,82,11.0
ca,CA,55048408,1,2,83,11.0
ca,CA,55048408,1,2,84,11.0
ca,CA,55048408,1,2,85,11.0
ca,CA,55048408,1,2,86,11.0
ca,CA,55048408,1,2,87,11.0
ca,CA,55048408,1,2,88,11.0
ca,CA,55048408,1,2,89,11.0
ca,CA,55048408,1,2,90,11.0
ca,CA,55048408,1,2,91,11.0
ca,CA,55048408,1,2,92,11.0
ca,CA,55048408,1,2,93,11.0
ca,CA,55048408,1,2,94,11.0
ca,CA,55048408,1,2,95,11.0
ca,CA,55048408,1,2,96,11.0
ca,CA,55048408,1,2,97,11.0
ca,CA,55048408,1,2,98,11.0
ca,CA,55048408,1,2,99,11.0
ca,CA,55048408,1,2,100,10.0
ca,CA,55048408,1,2,101,10.0
ca,CA,55048408,1,2,102,10.0
ca,CA,55048408,1,2,103,10.0
ca,CA,55048408,1,2,104,10.0
ca,CA,55048408,1,2,105,10.0
ca,CA,55048408,1,2,106,10.0
ca,CA,55048408,1,2,107,10.0
ca,CA,55048408,1,2,108,10.0
ca,CA,55048408,1,2,109,10.0
ca,CA,55048408,1,2,110,10.0
ca,CA,55048408,1,2,111,10.0
ca,CA,55048408,1,2,112,10.0
ca,CA,55048408,1,2,113,10.0
ca,CA,55048408,1,2,114,10.0
ca,CA,55048408,1,2,115,10.0
ca,CA,55048408,1,2,116,10.0
ca,CA,55048408,1,2,117,10.0
ca,CA,55048408,1,2,118,10.0
ca,CA,55048408,1,2,119,10.0
ca,CA,55048408,1,2,120,10.0
ca,CA,55048408,1,2,121,10.0
ca,CA,55048408,1,2,122,10.0
ca,CA,55048408,1,2,123,10.0
ca,CA,55048408,1,2,124,10.0
ca,CA,55048408,1,2,125,10.0
ca,CA,55048408,1,2,126,10.0
ca,CA,55048408,1,2,127,10.0
ca,CA,55048408,1,2,128,10.0
ca,CA,55048408,1,2,129,10.0
ca,CA,55048408,1,2,130,10.0
ca,CA,55048408,1,2,131,10.0
ca,CA,55048408,1,2,132,10.0
ca,CA,55048408,1,2,133,10.0
ca,CA,55048408,1,2,134,10.0
ca,CA,55048408,1,2,135,10.0
ca,CA,55048408,1,2,136,10.0
ca,CA,55048408,1,2,137,10.0
ca,CA,55048408,1,2,138,10.0
ca,CA,55048408,1,2,139,10.0
ca,CA,55048408,1,2,140,9.0
ca,CA,55048408,1,2,141,9.0
ca,CA,55048408,1,2,142,9.0
ca,CA,55048408,1,2,143,9.0
ca,CA,55048408,1,2,144,9.0
ca,CA,55048408,1,2,145,9.0
ca,CA,55048408,1,2,146,9.0
ca,CA,55048408,1,2,147,9.0
ca,CA,55048408,1,2,148,9.0
ca,CA,55048408,1,2,149,9.0
ca,CA,55048408,1,2,150,9.0
ca,CA,55048408,1,2,151,9.0
ca,CA,55048408,1,2,152,9.0
ca,CA,55048408,1,2,153,9.0
ca,CA,55048408,1,2,154,9.0
ca,CA,55048408,1,2,155,9.0
ca,CA,55048408,1,2,156,9.0
ca,CA,55048408,1,2,157,9.0
ca,CA,55048408,1,2,158,9.0
ca,CA,55048408,1,2,159,9.0
ca,CA,55048408,1,2,160,9.0
ca,CA,55048408,1,2,161,9.0
ca,CA,55048408,1,2,162,9.0
ca,CA,55048408,1,2,163,9.0
ca,CA,55048408,1,2,164,9.0
ca,CA,55048408,1,2,165,9.0
ca,CA,55048408,1,2,166,9.0
ca,CA,55048408,1,2,167,9.0
ca,CA,55048408,1,2,168,9.0
ca,CA,55048408,1,2,169,9.0
ca,CA,55048408,1,2,170,9.0
ca,CA,55048408,1,2,171,9.0
ca,CA,55048408,1,2,172,8.0
ca,CA,55048408,1,2,173,8.0
ca,CA,55048408,1,2,174,8.0
ca,CA,55048408,1,2,175,8.0
ca,CA,55048408,1,2,176,8.0
ca,CA,55048408,1,2,177,8.0
ca,CA,55048408,1,2,178,8.0
ca,CA,55048408,1,2,179,8.0
ca,CA,55048408,1,2,180,8.0
ca,CA,55048408,1,2,181,8.0
ca,CA,55048408,1,2,182,8.0
ca,CA,55048408,1,2,183,8.0
ca,CA,55048408,1,2,184,8.0
ca,CA,55048408,1,2,185,8.0
ca,CA,55048408,1,2,186,8.0
ca,CA,55048408,1,2,187,8.0
ca,CA,55048408,1,2,188,8.0
ca,CA,55048408,1,2,189,8.0
ca,CA,55048408,1,2,190,8.0
ca,CA,55048408,1,2,191,8.0
ca,CA,55048408,1,2,192,8.0
ca,CA,55048408,1,2,193,8.0
ca,CA,55048408,1,2,194,8.0
ca,CA,55048408,1,2,195,8.0
ca,CA,55048408,1,2,196,8.0
ca,CA,55048408,1,2,197,8.0
ca,CA,55048408,1,2,198,8.0
ca,CA,55048408,1,2,199,8.0
ca,CA,55048408,1,2,200,8.0
ca,CA,55048408,1,2,201,8.0
ca,CA,55048408,1,2,202,8.0
ca,CA,55048408,1,2,203,8.0
ca,CA,55048408,1,2,204,8.0
ca,CA,55048408,1,2,205,8.0
ca,CA,55048408,1,2,206,8.0
ca,CA,55048408,1,2,207,8.0
ca,CA,55048408,1,2,208,8.0
ca,CA,55048408,1,2,209,8.0
ca,CA,55048408,1,2,210,8.0
ca,CA,55048408,1,2,211,8.0
ca,CA,55048408,1,2,212,8.0
ca,CA,55048408,1,2,213,8.0
ca,CA,55048408,1,2,214,8.0
ca,CA,55048408,1,2,215,8.0
ca,CA,55048408,1,2,216,8.0
ca,CA,55048408,1,2,217,8.0
ca,CA,55048408,1,2,218,8.0
ca,CA,55048408,1,2,219,8.0
ca,CA,55048408,1,2,220,8.0
ca,CA,55048408,1,2,221,8.0
ca,CA,55048408,1,2,222,8.0
ca,CA,55048408,1,2,223,8.0
ca,CA,55048408,1,2,224,8.0
ca,CA,55048408,1,2,225,8.0
ca,CA,55048408,1,2,226,8.0
ca,CA,55048408,1,2,227,8.0
ca,CA,55048408,1,2,228,8.0
ca,CA,55048408,1,2,229,8.0
ca,CA,55048408,1,2,230,8.0
ca,CA,55048408,1,2,231,8.0
ca,CA,55048408,1,2,232,8.0
ca,CA,55048408,1,2,233,8.0
ca,CA,55048408,1,2,234,8.0
ca,CA,55048408,1,2,235,8.0
ca,CA,55048408,1,2,236,8.0
ca,CA,55048408,1,2,237,8.0
ca,CA,55048408,1,2,238,8.0
ca,CA,55048408,1,2,239,8.0
ca,CA,55048408,1,2,240,8.0
ca,CA,55048408,1,2,241,8.0
ca,CA,55048408,1,2,242,8.0
ca,CA,55048408,1,2,243,8.0
ca,CA,55048408,1,2,244,8.0
ca,CA,55048408,1,2,245,8.0
ca,CA,55048408,1,2,246,8.0
ca,CA,55048408,1,2,247,8.0
ca,CA,55048408,1,2,248,8.0
ca,CA,55048408,1,2,249,8.0
ca,CA,55048408,1,2,250,8.0
ca,CA,55048408,1,2,251,8.0
ca,CA,55048408,1,2,252,8.0
ca,CA,55048408,1,2,253,8.0
ca,CA,55048408,1,2,254,8.0
ca,CA,55048408,1,2,255,8.0
ca,CA,55048408,1,2,256,8.0
ca,CA,55048408,1,2,257,8.0
ca,CA,55048408,1,2,258,8.0
ca,CA,55048408,1,2,259,8.0
ca,CA,55048408,1,2,260,8.0
ca,CA,55048408,1,2,261,8.0
ca,CA,55048408,1,2,262,8.0
ca,CA,55048408,1,2,263,8.0
ca,CA,55048408,1,2,264,8.0
ca,CA,55048408,1,2,265,8.0
ca,CA,55048408,1,2,266,8.0
ca,CA,55048408,1,2,267,8.0
ca,CA,55048408,1,2,268,8.0
ca,CA,55048408,1,2,269,8.0
ca,CA,55048408,1,2,270,8.0
ca,CA,55048408,1,2,271,8.0
ca,CA,55048408,1,2,272,7.0
ca,CA,55048408,1,2,273,7.0
ca,CA,55048408,1,2,274,7.0
ca,CA,55048408,1,2,275,7.0
ca,CA,55048408,1,2,276,7.0
ca,CA,55048408,1,2,277,7.0
ca,CA,55048408,1,2,278,7.0
ca,CA,55048408,1,2,279,7.0
ca,CA,55048408,1,2,280,7.0
ca,CA,55048408,1,2,281,7.0
ca,CA,55048408,1,2,282,7.0
ca,CA,55048408,1,2,283,7.0
ca,CA,55048408,1,2,284,7.0
ca,CA,55048408,1,2,285,7.0
ca,CA,55048408,1,2,286,7.0
ca,CA,55048408,1,2,287,7.0
ca,CA,55048408,1,2,288,6.0
ca,CA,55048408,1,2,289,6.0
ca,CA,55048408,1,2,290,6.0
ca,CA,55048408,1,2,291,6.0
ca,CA,55048408,1,2,292,6.0
ca,CA,55048408,1,2,293,6.0
ca,CA,55048408,1,2,294,6.0
ca,CA,55048408,1,2,295,6.0
ca,CA,55048408,1,2,296,6.0
ca,CA,55048408,1,2,297,6.0
ca,CA,55048408,1,2,298,6.0
ca,CA,55048408,1,2,299,6.0
ca,CA,55048408,1,2,300,6.0
ca,CA,55048408,1,2,301,6.0
ca,CA,55048408,1,2,302,6.0
ca,CA,55048408,1,2,303,6.0
ca,CA,55048408,1,2,304,6.0
ca,CA,55048408,1,2,305,6.0
ca,CA,55048408,1,2,306,6.0
ca,CA,55048408,1,2,307,6.0
ca,CA,55048408,1,2,308,6.0
ca,CA,55048408,1,2,309,6.0
ca,CA,55048408,1,2,310,6.0
ca,CA,55048408,1,2,311,6.0
ca,CA,55048408,1,2,312,5.0
ca,CA,55048408,1,2,313,5.0
ca,CA,55048408,1,2,314,5.0
ca,CA,55048408,1,2,315,5.0
ca,CA,55048408,1,2,316,5.0
ca,CA,55048408,1,2,317,5.0
ca,CA,55048408,1,2,318,5.0
ca,CA,55048408,1,2,319,5.0
ca,CA,55048408,1,2,320,4.0
ca,CA,55048408,1,2,321,4.0
ca,CA,55048408,1,2,322,4.0
ca,CA,55048408,1,2,323,4.0
ca,CA,55048408,1,2,324,4.0
ca,CA,55048408,1,2,325,4.0
ca,CA,55048408,1,2,326,4.0
ca,CA,55048408,1,2,327,4.0
ca,CA,55048408,1,2,328,3.0
ca,CA,55048408,1,2,329,3.0
ca,CA,55048408,1,2,330,3.0
ca,CA,55048408,1,2,331,3.0
ca,CA,55048408,1,2,332,3.0
ca,CA,55048408,1,2,333,3.0
ca,CA,55048408,1,2,334,3.0
ca,CA,55048408,1,2,335,3.0
ca,CA,55048408,1,2,336,2.0
ca,CA,55048408,1,2,337,2.0
ca,CA,55048408,1,2,338,2.0
ca,CA,55048408,1,2,339,2.0
ca,CA,55048408,1,2,340,2.0
ca,CA,55048408,1,2,341,2.0
ca,CA,55048408,1,2,342,2.0
ca,CA,55048408,1,2,343,2.0
ca,CA,55048408,1,2,344,2.0
ca,CA,55048408,1,2,345,2.0
ca,CA,55048408,1,2,346,2.0
ca,CA,55048408,1,2,347,2.0
ca,CA,55048408,1,2,348,1.0
ca,CA,55048408,1,2,349,1.0
ca,CA,55048408,1,2,350,1.0
ca,CA,55048408,1,2,351,1.0
ca,CA,55048408,1,2,352,1.0
ca,CA,55048408,1,2,353,1.0
ca,CA,55048408,1,2,354,1.0
ca,CA,55048408,1,2,355,1.0
ca,CA,55048408,2,0,0,16.0
ca,CA,55048408,2,0,1,16.0
ca,CA,55048408,2,0,2,16.0
ca,CA,55048408,2,0,3,16.0
ca,CA,55048408,2,0,4,16.0
ca,CA,55048408,2,0,5,16.0
ca,CA,55048408,2,0,6,16.0
ca,CA,55048408,2,0,7,16.0
ca,CA,55048408,2,0,8,16.0
ca,CA,55048408,2,0,9,16.0
ca,CA,55048408,2,0,10,16.0
ca,CA,55048408,2,0,11,16.0
ca,CA,55048408,2,0,12,16.0
ca,CA,55048408,2,0,13,16.0
ca,CA,55048408,2,0,14,16.0
ca,CA,55048408,2,0,15,16.0
ca,CA,55048408,2,0,16,16.0
ca,CA,55048408,2,0,17,16.0
ca,CA,55048408,2,0,18,16.0
ca,CA,55048408,2,0,19,16.0
ca,CA,55048408,2,0,20,16.0
ca,CA,55048408,2,0,21,16.0
ca,CA,55048408,2,0,22,16.0
ca,CA,55048408,2,0,23,16.0
ca,CA,55048408,2,0,24,16.0
ca,CA,55048408,2,0,25,16.0
ca,CA,55048408,2,0,26,16.0
ca,CA,55048408,2,0,27,16.0
ca,CA,55048408,2,0,28,15.0
ca,CA,55048408,2,0,29,15.0
ca,CA,55048408,2,0,30,15.0
ca,CA,55048408,2,0,31,15.0
ca,CA,55048408,2,0,32,11.0
ca,CA,55048408,2,0,33,11.0
ca,CA,55048408,2,0,34,11.0
ca,CA,55048408,2,0,35,11.0
ca,CA,55048408,2,0,36,11.0
ca,CA,55048408,2,0,37,11.0
ca,CA,55048408,2,0,38,11.0
ca,CA,55048408,2,0,39,11.0
ca,CA,55048408,2,0,40,11.0
ca,CA,55048408,2,0,41,11.0
ca,CA,55048408,2,0,42,11.0
ca,CA,55048408,2,0,43,11.0
ca,CA,55048408,2,0,44,11.0
ca,CA,55048408,2,0,45,11.0
ca,CA,55048408,2,0,46,11.0
ca,CA,55048408,2,0,47,11.0
ca,CA,55048408,2,0,48,11.0
ca,CA,55048408,2,0,49,11.0
ca,CA,55048408,2,0,50,11.0
ca,CA,55048408,2,0,51,11.0
ca,CA,55048408,2,0,52,11.0
ca,CA,55048408,2,0,53,11.0
ca,CA,55048408,2,0,54,11.0
ca,CA,55048408,2,0,55,11.0
ca,CA,55048408,2,0,56,11.0
ca,CA,55048408,2,0,57,11.0
ca,CA,55048408,2,0,58,11.0
ca,CA,55048408,2,0,59,11.0
ca,CA,55048408,2,0,60,11.0
ca,CA,55048408,2,0,61,11.0
ca,CA,55048408,2,0,62,11.0
ca,CA,55048408,2,0,63,11.0
ca,CA,55048408,2,0,64,11.0
ca,CA,55048408,2,0,65,11.0
ca,CA,55048408,2,0,66,11.0
ca,CA,55048408,2,0,67,11.0
ca,CA,55048408,2,0,68,11.0
ca,CA,55048408,2,0,69,11.0
ca,CA,55048408,2,0,70,11.0
ca,CA,55048408,2,0,71,11.0
ca,CA,55048408,2,0,72,11.0
ca,CA,55048408,2,0,73,11.0
ca,CA,55048408,2,0,74,11.0
ca,CA,55048408,2,0,75,11.0
ca,CA,55048408,2,0,76,11.0
ca,CA,55048408,2,0,77,11.0
ca,CA,55048408,2,0,78,11.0
ca,CA,55048408,2,0,79,11.0
ca,CA,55048408,2,0,80,11.0
ca,CA,55048408,2,0,81,11.0
ca,CA,55048408,2,0,82,11.0
ca,CA,55048408,2,0,83,11.0
ca,CA,55048408,2,0,84,11.0
ca,CA,55048408,2,0,85,11.0
ca,CA,55048408,2,0,86,11.0
ca,CA,55048408,2,0,87,11.0
ca,CA,55048408,2,0,88,11.0
ca,CA,55048408,2,0,89,11.0
ca,CA,55048408,2,0,90,11.0
ca,CA,55048408,2,0,91,11.0
ca,CA,55048408,2,0,92,11.0
ca,CA,55048408,2,0,93,11.0
ca,CA,55048408,2,0,94,11.0
ca,CA,55048408,2,0,95,11.0
ca,CA,55048408,2,0,96,11.0
ca,CA,55048408,2,0,97,11.0
ca,CA,55048408,2,0,98,11.0
ca,CA,55048408,2,0,99,11.0
ca,CA,55048408,2,0,100,10.0
ca,CA,55048408,2,0,101,10.0
ca,CA,55048408,2,0,102,10.0
ca,CA,55048408,2,0,103,10.0
ca,CA,55048408,2,0,104,10.0
ca,CA,55048408,2,0,105,10.0
ca,CA,55048408,2,0,106,10.0
ca,CA,55048408,2,0,107,10.0
ca,CA,55048408,2,0,108,10.0
ca,CA,55048408,2,0,109,10.0
ca,CA,55048408,2,0,110,10.0
ca,CA,55048408,2,0,111,10.0
ca,CA,55048408,2,0,112,10.0
ca,CA,55048408,2,0,113,10.0
ca,CA,55048408,2,0,114,10.0
ca,CA,55048408,2,0,115,10.0
ca,CA,55048408,2,0,116,10.0
ca,CA,55048408,2,0,117,10.0
ca,CA,55048408,2,0,118,10.0
ca,CA,55048408,2,0,119,10.0
ca,CA,55048408,2,0,120,10.0
ca,CA,55048408,2,0,121,10.0
ca,CA,55048408,2,0,122,10.0
ca,CA,55048408,2,0,123,10.0
ca,CA,55048408,2,0,124,10.0
ca,CA,55048408,2,0,125,10.0
ca,CA,55048408,2,0,126,10.0
ca,CA,55048408,2,0,127,10.0
ca,CA,55048408,2,0,128,10.0
ca,CA,55048408,2,0,129,10.0
ca,CA,55048408,2,0,130,10.0
ca,CA,55048408,2,0,131,10.0
ca,CA,55048408,2,0,132,10.0
ca,CA,55048408,2,0,133,10.0
ca,CA,55048408,2,0,134,10.0
ca,CA,55048408,2,0,135,10.0
ca,CA,55048408,2,0,136,10.0
ca,CA,55048408,2,0,137,10.0
ca,CA,55048408,2,0,138,10.0
ca,CA,55048408,2,0,139,10.0
ca,CA,55048408,2,0,140,9.0
ca,CA,55048408,2,0,141,9.0
ca,CA,55048408,2,0,142,9.0
ca,CA,55048408,2,0,143,9.0
ca,CA,55048408,2,0,144,9.0
ca,CA,55048408,2,0,145,9.0
ca,CA,55048408,2,0,146,9.0
ca,CA,55048408,2,0,147,9.0
ca,CA,55048408,2,0,148,9.0
ca,CA,55048408,2,0,149,9.0
ca,CA,55048408,2,0,150,9.0
ca,CA,55048408,2,0,151,9.0
ca,CA,55048408,2,0,152,9.0
ca,CA,55048408,2,0,153,9.0
ca,CA,55048408,2,0,154,9.0
ca,CA,55048408,2,0,155,9.0
ca,CA,55048408,2,0,156,9.0
ca,CA,55048408,2,0,157,9.0
ca,CA,55048408,2,0,158,9.0
ca,CA,55048408,2,0,159,9.0
ca,CA,55048408,2,0,160,9.0
ca,CA,55048408,2,0,161,9.0
ca,CA,55048408,2,0,162,9.0
ca,CA,55048408,2,0,163,9.0
ca,CA,55048408,2,0,164,9.0
ca,CA,55048408,2,0,165,9.0
ca,CA,55048408,2,0,166,9.0
ca,CA,55048408,2,0,167,9.0
ca,CA,55048408,2,0,168,9.0
ca,CA,55048408,2,0,169,9.0
ca,CA,55048408,2,0,170,9.0
ca,CA,55048408,2,0,171,9.0
ca,CA,55048408,2,0,172,8.0
ca,CA,55048408,2,0,173,8.0
ca,CA,55048408,2,0,174,8.0
ca,CA,55048408,2,0,175,8.0
ca,CA,55048408,2,0,176,8.0
ca,CA,55048408,2,0,177,8.0
ca,CA,55048408,2,0,178,8.0
ca,CA,55048408,2,0,179,8.0
ca,CA,55048408,2,0,180,8.0
ca,CA,55048408,2,0,181,8.0
ca,CA,55048408,2,0,182,8.0
ca,CA,55048408,2,0,183,8.0
ca,CA,55048408,2,0,184,8.0
ca,CA,55048408,2,0,185,8.0
ca,CA,55048408,2,0,186,8.0
ca,CA,55048408,2,0,187,8.0
ca,CA,55048408,2,0,188,8.0
ca,CA,55048408,2,0,189,8.0
ca,CA,55048408,2,0,190,8.0
ca,CA,55048408,2,0,191,8.0
ca,CA,55048408,2,0,192,8.0
ca,CA,55048408,2,0,193,8.0
ca,CA,55048408,2,0,194,8.0
ca,CA,55048408,2,0,195,8.0
ca,CA,55048408,2,0,196,8.0
ca,CA,55048408,2,0,197,8.0
ca,CA,55048408,2,0,198,8.0
ca,CA,55048408,2,0,199,8.0
ca,CA,55048408,2,0,200,8.0
ca,CA,55048408,2,0,201,8.0
ca,CA,55048408,2,0,202,8.0
ca,CA,55048408,2,0,203,8.0
ca,CA,55048408,2,0,204,8.0
ca,CA,55048408,2,0,205,8.0
ca,CA,55048408,2,0,206,8.0
ca,CA,55048408,2,0,207,8.0
ca,CA,55048408,2,0,208,8.0
ca,CA,55048408,2,0,209,8.0
ca,CA,55048408,2,0,210,8.0
ca,CA,55048408,2,0,211,8.0
ca,CA,55048408,2,0,212,8.0
ca,CA,55048408,2,0,213,8.0
ca,CA,55048408,2,0,214,8.0
ca,CA,55048408,2,0,215,8.0
ca,CA,55048408,2,0,216,8.0
ca,CA,55048408,2,0,217,8.0
ca,CA,55048408,2,0,218,8.0
ca,CA,55048408,2,0,219,8.0
ca,CA,55048408,2,0,220,8.0
ca,CA,55048408,2,0,221,8.0
ca,CA,55048408,2,0,222,8.0
ca,CA,55048408,2,0,223,8.0
ca,CA,55048408,2,0,224,8.0
ca,CA,55048408,2,0,225,8.0
ca,CA,55048408,2,0,226,8.0
ca,CA,55048408,2,0,227,8.0
ca,CA,55048408,2,0,228,8.0
ca,CA,55048408,2,0,229,8.0
ca,CA,55048408,2,0,230,8.0
ca,CA,55048408,2,0,231,8.0
ca,CA,55048408,2,0,232,8.0
ca,CA,55048408,2,0,233,8.0
ca,CA,55048408,2,0,234,8.0
ca,CA,55048408,2,0,235,8.0
ca,CA,55048408,2,0,236,8.0
ca,CA,55048408,2,0,237,8.0
ca,CA,55048408,2,0,238,8.0
ca,CA,55048408,2,0,239,8.0
ca,CA,55048408,2,0,240,8.0
ca,CA,55048408,2,0,241,8.0
ca,CA,55048408,2,0,242,8.0
ca,CA,55048408,2,0,243,8.0
ca,CA,55048408,2,0,244,8.0
ca,CA,55048408,2,0,245,8.0
ca,CA,55048408,2,0,246,8.0
ca,CA,55048408,2,0,247,8.0
ca,CA,55048408,2,0,248,8.0
ca,CA,55048408,2,0,249,8.0
ca,CA,55048408,2,0,250,8.0
ca,CA,55048408,2,0,251,8.0
ca,CA,55048408,2,0,252,8.0
ca,CA,55048408,2,0,253,8.0
ca,CA,55048408,2,0,254,8.0
ca,CA,55048408,2,0,255,8.0
ca,CA,55048408,2,0,256,8.0
ca,CA,55048408,2,0,257,8.0
ca,CA,55048408,2,0,258,8.0
ca,CA,55048408,2,0,259,8.0
ca,CA,55048408,2,0,260,8.0
ca,CA,55048408,2,0,261,8.0
ca,CA,55048408,2,0,262,8.0
ca,CA,55048408,2,0,263,8.0
ca,CA,55048408,2,0,264,8.0
ca,CA,55048408,2,0,265,8.0
ca,CA,55048408,2,0,266,8.0
ca,CA,55048408,2,0,267,8.0
ca,CA,55048408,2,0,268,8.0
ca,CA,55048408,2,0,269,8.0
ca,CA,55048408,2,0,270,8.0
ca,CA,55048408,2,0,271,8.0
ca,CA,55048408,2,0,272,7.0
ca,CA,55048408,2,0,273,7.0
ca,CA,55048408,2,0,274,7.0
ca,CA,55048408,2,0,275,7.0
ca,CA,55048408,2,0,276,7.0
ca,CA,55048408,2,0,277,7.0
ca,CA,55048408,2,0,278,7.0
ca,CA,55048408,2,0,279,7.0
ca,CA,55048408,2,0,280,7.0
ca,CA,55048408,2,0,281,7.0
ca,CA,55048408,2,0,282,7.0
ca,CA,55048408,2,0,283,7.0
ca,CA,55048408,2,0,284,7.0
ca,CA,55048408,2,0,285,7.0
ca,CA,55048408,2,0,286,7.0
ca,CA,55048408,2,0,287,7.0
ca,CA,55048408,2,0,288,6.0
ca,CA,55048408,2,0,289,6.0
ca,CA,55048408,2,0,290,6.0
ca,CA,55048408,2,0,291,6.0
ca,CA,55048408,2,0,292,6.0
ca,CA,55048408,2,0,293,6.0
ca,CA,55048408,2,0,294,6.0
ca,CA,55048408,2,0,295,6.0
ca,CA,55048408,2,0,296,6.0
ca,CA,55048408,2,0,297,6.0
ca,CA,55048408,2,0,298,6.0
ca,CA,55048408,2,0,299,6.0
ca,CA,55048408,2,0,300,6.0
ca,CA,55048408,2,0,301,6.0
ca,CA,55048408,2,0,302,6.0
ca,CA,55048408,2,0,303,6.0
ca,CA,55048408,2,0,304,6.0
ca,CA,55048408,2,0,305,6.0
ca,CA,55048408,2,0,306,6.0
ca,CA,55048408,2,0,307,6.0
ca,CA,55048408,2,0,308,6.0
ca,CA,55048408,2,0,309,6.0
ca,CA,55048408,2,0,310,6.0
ca,CA,55048408,2,0,311,6.0
ca,CA,55048408,2,0,312,5.0
ca,CA,55048408,2,0,313,5.0
ca,CA,55048408,2,0,314,5.0
ca,CA,55048408,2,0,315,5.0
ca,CA,55048408,2,0,316,5.0
ca,CA,55048408,2,0,317,5.0
ca,CA,55048408,2,0,318,5.0
ca,CA,55048408,2,0,319,5.0
ca,CA,55048408,2,0,320,4.0
ca,CA,55048408,2,0,321,4.0
ca,CA,55048408,2,0,322,4.0
ca,CA,55048408,2,0,323,4.0
ca,CA,55048408,2,0,324,4.0
ca,CA,55048408,2,0,325,4.0
ca,CA,55048408,2,0,326,4.0
ca,CA,55048408,2,0,327,4.0
ca,CA,55048408,2,0,328,3.0
ca,CA,55048408,2,0,329,3.0
ca,CA,55048408,2,0,330,3.0
ca,CA,55048408,2,0,331,3.0
ca,CA,55048408,2,0,332,3.0
ca,CA,55048408,2,0,333,3.0
ca,CA,55048408,2,0,334,3.0
ca,CA,55048408,2,0,335,3.0
ca,CA,55048408,2,0,336,2.0
ca,CA,55048408,2,0,337,2.0
ca,CA,55048408,2,0,338,2.0
ca,CA,55048408,2,0,339,2.0
ca,CA,55048408,2,0,340,2.0
ca,CA,55048408,2,0,341,2.0
ca,CA,55048408,2,0,342,2.0
ca,CA,55048408,2,0,343,2.0
ca,CA,55048408,2,0,344,2.0
ca,CA,55048408,2,0,345,2.0
ca,CA,55048408,2,0,346,2.0
ca,CA,55048408,2,0,347,2.0
ca,CA,55048408,2,0,348,1.0
ca,CA,55048408,2,0,349,1.0
ca,CA,55048408,2,0,350,1.0
ca,CA,55048408,2,0,351,1.0
ca,CA,55048408,2,0,352,1.0
ca,CA,55048408,2,0,353,1.0
ca,CA,55048408,2,0,354,1.0
ca,CA,55048408,2,0,355,1.0
ca,CA,55048408,2,1,0,16.0
ca,CA,55048408,2,1,1,16.0
ca,CA,55048408,2,1,2,16.0
ca,CA,55048408,2,1,3,16.0
ca,CA,55048408,2,1,4,16.0
ca,CA,55048408,2,1,5,16.0
ca,CA,55048408,2,1,6,16.0
ca,CA,55048408,2,1,7,16.0
ca,CA,55048408,2,1,8,16.0
ca,CA,55048408,2,1,9,16.0
ca,CA,55048408,2,1,10,16.0
ca,CA,55048408,2,1,11,16.0
ca,CA,55048408,2,1,12,16.0
ca,CA,55048408,2,1,13,16.0
ca,CA,55048408,2,1,14,16.0
ca,CA,55048408,2,1,15,16.0
ca,CA,55048408,2,1,16,16.0
ca,CA,55048408,2,1,17,16.0
ca,CA,55048408,2,1,18,16.0
ca,CA,55048408,2,1,19,16.0
ca,CA,55048408,2,1,20,16.0
ca,CA,55048408,2,1,21,16.0
ca,CA,55048408,2,1,22,16.0
ca,CA,55048408,2,1,23,16.0
ca,CA,55048408,2,1,24,16.0
ca,CA,55048408,2,1,25,16.0
ca,CA,55048408,2,1,26,16.0
ca,CA,55048408,2,1,27,16.0
ca,CA,55048408,2,1,28,15.0
ca,CA,55048408,2,1,29,15.0
ca,CA,55048408,2,1,30,15.0
ca,CA,55048408,2,1,31,15.0
ca,CA,55048408,2,1,32,11.0
ca,CA,55048408,2,1,33,11.0
ca,CA,55048408,2,1,34,11.0
ca,CA,55048408,2,1,35,11.0
ca,CA,55048408,2,1,36,11.0
ca,CA,55048408,2,1,37,11.0
ca,CA,55048408,2,1,38,11.0
ca,CA,55048408,2,1,39,11.0
ca,CA,55048408,2,1,40,11.0
ca,CA,55048408,2,1,41,11.0
ca,CA,55048408,2,1,42,11.0
ca,CA,55048408,2,1,43,11.0
ca,CA,55048408,2,1,44,11.0
ca,CA,55048408,2,1,45,11.0
ca,CA,55048408,2,1,46,11.0
ca,CA,55048408,2,1,47,11.0
ca,CA,55048408,2,1,48,11.0
ca,CA,55048408,2,1,49,11.0
ca,CA,55048408,2,1,50,11.0
ca,CA,55048408,2,1,51,11.0
ca,CA,55048408,2,1,52,11.0
ca,CA,55048408,2,1,53,11.0
ca,CA,55048408,2,1,54,11.0
ca,CA,55048408,2,1,55,11.0
ca,CA,55048408,2,1,56,11.0
ca,CA,55048408,2,1,57,11.0
ca,CA,55048408,2,1,58,11.0
ca,CA,55048408,2,1,59,11.0
ca,CA,55048408,2,1,60,11.0
ca,CA,55048408,2,1,61,11.0
ca,CA,55048408,2,1,62,11.0
ca,CA,55048408,2,1,63,11.0
ca,CA,55048408,2,1,64,11.0
ca,CA,55048408,2,1,65,11.0
ca,CA,55048408,2,1,66,11.0
ca,CA,55048408,2,1,67,11.0
ca,CA,55048408,2,1,68,11.0
ca,CA,55048408,2,1,69,11.0
ca,CA,55048408,2,1,70,11.0
ca,CA,55048408,2,1,71,11.0
ca,CA,55048408,2,1,72,11.0
ca,CA,55048408,2,1,73,11.0
ca,CA,55048408,2,1,74,11.0
ca,CA,55048408,2,1,75,11.0
ca,CA,55048408,2,1,76,11.0
ca,CA,55048408,2,1,77,11.0
ca,CA,55048408,2,1,78,11.0
ca,CA,55048408,2,1,79,11.0
ca,CA,55048408,2,1,80,11.0
ca,CA,55048408,2,1,81,11.0
ca,CA,55048408,2,1,82,11.0
ca,CA,55048408,2,1,83,11.0
ca,CA,55048408,2,1,84,11.0
ca,CA,55048408,2,1,85,11.0
ca,CA,55048408,2,1,86,11.0
ca,CA,55048408,2,1,87,11.0
ca,CA,55048408,2,1,88,11.0
ca,CA,55048408,2,1,89,11.0
ca,CA,55048408,2,1,90,11.0
ca,CA,55048408,2,1,91,11.0
ca,CA,55048408,2,1,92,11.0
ca,CA,55048408,2,1,93,11.0
ca,CA,55048408,2,1,94,11.0
ca,CA,55048408,2,1,95,11.0
ca,CA,55048408,2,1,96,11.0
ca,CA,55048408,2,1,97,11.0
ca,CA,55048408,2,1,98,11.0
ca,CA,55048408,2,1,99,11.0
ca,CA,55048408,2,1,100,10.0
ca,CA,55048408,2,1,101,10.0
ca,CA,55048408,2,1,102,10.0
ca,CA,55048408,2,1,103,10.0
ca,CA,55048408,2,1,104,10.0
ca,CA,55048408,2,1,105,10.0
ca,CA,55048408,2,1,106,10.0
ca,CA,55048408,2,1,107,10.0
ca,CA,55048408,2,1,108,10.0
ca,CA,55048408,2,1,109,10.0
ca,CA,55048408,2,1,110,10.0
ca,CA,55048408,2,1,111,10.0
ca,CA,55048408,2,1,112,10.0
ca,CA,55048408,2,1,113,10.0
ca,CA,55048408,2,1,114,10.0
ca,CA,55048408,2,1,115,10.0
ca,CA,55048408,2,1,116,10.0
ca,CA,55048408,2,1,117,10.0
ca,CA,55048408,2,1,118,10.0
ca,CA,55048408,2,1,119,10.0
ca,CA,55048408,2,1,120,10.0
ca,CA,55048408,2,1,121,10.0
ca,CA,55048408,2,1,122,10.0
ca,CA,55048408,2,1,123,10.0
ca,CA,55048408,2,1,124,10.0
ca,CA,55048408,2,1,125,10.0
ca,CA,55048408,2,1,126,10.0
ca,CA,55048408,2,1,127,10.0
ca,CA,55048408,2,1,128,10.0
ca,CA,55048408,2,1,129,10.0
ca,CA,55048408,2,1,130,10.0
ca,CA,55048408,2,1,131,10.0
ca,CA,55048408,2,1,132,10.0
ca,CA,55048408,2,1,133,10.0
ca,CA,55048408,2,1,134,10.0
ca,CA,55048408,2,1,135,10.0
ca,CA,55048408,2,1,136,10.0
ca,CA,55048408,2,1,137,10.0
ca,CA,55048408,2,1,138,10.0
ca,CA,55048408,2,1,139,10.0
ca,CA,55048408,2,1,140,9.0
ca,CA,55048408,2,1,141,9.0
ca,CA,55048408,2,1,142,9.0
ca,CA,55048408,2,1,143,9.0
ca,CA,55048408,2,1,144,9.0
ca,CA,55048408,2,1,145,9.0
ca,CA,55048408,2,1,146,9.0
ca,CA,55048408,2,1,147,9.0
ca,CA,55048408,2,1,148,9.0
ca,CA,55048408,2,1,149,9.0
ca,CA,55048408,2,1,150,9.0
ca,CA,55048408,2,1,151,9.0
ca,CA,55048408,2,1,152,9.0
ca,CA,55048408,2,1,153,9.0
ca,CA,55048408,2,1,154,9.0
ca,CA,55048408,2,1,155,9.0
ca,CA,55048408,2,1,156,9.0
ca,CA,55048408,2,1,157,9.0
ca,CA,55048408,2,1,158,9.0
ca,CA,55048408,2,1,159,9.0
ca,CA,55048408,2,1,160,9.0
ca,CA,55048408,2,1,161,9.0
ca,CA,55048408,2,1,162,9.0
ca,CA,55048408,2,1,163,9.0
ca,CA,55048408,2,1,164,9.0
ca,CA,55048408,2,1,165,9.0
ca,CA,55048408,2,1,166,9.0
ca,CA,55048408,2,1,167,9.0
ca,CA,55048408,2,1,168,9.0
ca,CA,55048408,2,1,169,9.0
ca,CA,55048408,2,1,170,9.0
ca,CA,55048408,2,1,171,9.0
ca,CA,55048408,2,1,172,8.0
ca,CA,55048408,2,1,173,8.0
ca,CA,55048408,2,1,174,8.0
ca,CA,55048408,2,1,175,8.0
ca,CA,55048408,2,1,176,8.0
ca,CA,55048408,2,1,177,8.0
ca,CA,55048408,2,1,178,8.0
ca,CA,55048408,2,1,179,8.0
ca,CA,55048408,2,1,180,8.0
ca,CA,55048408,2,1,181,8.0
ca,CA,55048408,2,1,182,8.0
ca,CA,55048408,2,1,183,8.0
ca,CA,55048408,2,1,184,8.0
ca,CA,55048408,2,1,185,8.0
ca,CA,55048408,2,1,186,8.0
ca,CA,55048408,2,1,187,8.0
ca,CA,55048408,2,1,188,8.0
ca,CA,55048408,2,1,189,8.0
ca,CA,55048408,2,1,190,8.0
ca,CA,55048408,2,1,191,8.0
ca,CA,55048408,2,1,192,8.0
ca,CA,55048408,2,1,193,8.0
ca,CA,55048408,2,1,194,8.0
ca,CA,55048408,2,1,195,8.0
ca,CA,55048408,2,1,196,8.0
ca,CA,55048408,2,1,197,8.0
ca,CA,55048408,2,1,198,8.0
ca,CA,55048408,2,1,199,8.0
ca,CA,55048408,2,1,200,8.0
ca,CA,55048408,2,1,201,8.0
ca,CA,55048408,2,1,202,8.0
ca,CA,55048408,2,1,203,8.0
ca,CA,55048408,2,1,204,8.0
ca,CA,55048408,2,1,205,8.0
ca,CA,55048408,2,1,206,8.0
ca,CA,55048408,2,1,207,8.0
ca,CA,55048408,2,1,208,8.0
ca,CA,55048408,2,1,209,8.0
ca,CA,55048408,2,1,210,8.0
ca,CA,55048408,2,1,211,8.0
ca,CA,55048408,2,1,212,8.0
ca,CA,55048408,2,1,213,8.0
ca,CA,55048408,2,1,214,8.0
ca,CA,55048408,2,1,215,8.0
ca,CA,55048408,2,1,216,8.0
ca,CA,55048408,2,1,217,8.0
ca,CA,55048408,2,1,218,8.0
ca,CA,55048408,2,1,219,8.0
ca,CA,55048408,2,1,220,8.0
ca,CA,55048408,2,1,221,8.0
ca,CA,55048408,2,1,222,8.0
ca,CA,55048408,2,1,223,8.0
ca,CA,55048408,2,1,224,8.0
ca,CA,55048408,2,1,225,8.0
ca,CA,55048408,2,1,226,8.0
ca,CA,55048408,2,1,227,8.0
ca,CA,55048408,2,1,228,8.0
ca,CA,55048408,2,1,229,8.0
ca,CA,55048408,2,1,230,8.0
ca,CA,55048408,2,1,231,8.0
ca,CA,55048408,2,1,232,8.0
ca,CA,55048408,2,1,233,8.0
ca,CA,55048408,2,1,234,8.0
ca,CA,55048408,2,1,235,8.0
ca,CA,55048408,2,1,236,8.0
ca,CA,55048408,2,1,237,8.0
ca,CA,55048408,2,1,238,8.0
ca,CA,55048408,2,1,239,8.0
ca,CA,55048408,2,1,240,8.0
ca,CA,55048408,2,1,241,8.0
ca,CA,55048408,2,1,242,8.0
ca,CA,55048408,2,1,243,8.0
ca,CA,55048408,2,1,244,8.0
ca,CA,55048408,2,1,245,8.0
ca,CA,55048408,2,1,246,8.0
ca,CA,55048408,2,1,247,8.0
ca,CA,55048408,2,1,248,8.0
ca,CA,55048408,2,1,249,8.0
ca,CA,55048408,2,1,250,8.0
ca,CA,55048408,2,1,251,8.0
ca,CA,55048408,2,1,252,8.0
ca,CA,55048408,2,1,253,8.0
ca,CA,55048408,2,1,254,8.0
ca,CA,55048408,2,1,255,8.0
ca,CA,55048408,2,1,256,8.0
ca,CA,55048408,2,1,257,8.0
ca,CA,55048408,2,1,258,8.0
ca,CA,55048408,2,1,259,8.0
ca,CA,55048408,2,1,260,8.0
ca,CA,55048408,2,1,261,8.0
ca,CA,55048408,2,1,262,8.0
ca,CA,55048408,2,1,263,8.0
ca,CA,55048408,2,1,264,8.0
ca,CA,55048408,2,1,265,8.0
ca,CA,55048408,2,1,266,8.0
ca,CA,55048408,2,1,267,8.0
ca,CA,55048408,2,1,268,8.0
ca,CA,55048408,2,1,269,8.0
ca,CA,55048408,2,1,270,8.0
ca,CA,55048408,2,1,271,8.0
ca,CA,55048408,2,1,272,7.0
ca,CA,55048408,2,1,273,7.0
ca,CA,55048408,2,1,274,7.0
ca,CA,55048408,2,1,275,7.0
ca,CA,55048408,2,1,276,7.0
ca,CA,55048408,2,1,277,7.0
ca,CA,55048408,2,1,278,7.0
ca,CA,55048408,2,1,279,7.0
ca,CA,55048408,2,1,280,7.0
ca,CA,55048408,2,1,281,7.0
ca,CA,55048408,2,1,282,7.0
ca,CA,55048408,2,1,283,7.0
ca,CA,55048408,2,1,284,7.0
ca,CA,55048408,2,1,285,7.0
ca,CA,55048408,2,1,286,7.0
ca,CA,55048408,2,1,287,7.0
ca,CA,55048408,2,1,288,6.0
ca,CA,55048408,2,1,289,6.0
ca,CA,55048408,2,1,290,6.0
ca,CA,55048408,2,1,291,6.0
ca,CA,55048408,2,1,292,6.0
ca,CA,55048408,2,1,293,6.0
ca,CA,55048408,2,1,294,6.0
ca,CA,55048408,2,1,295,6.0
ca,CA,55048408,2,1,296,6.0
ca,CA,55048408,2,1,297,6.0
ca,CA,55048408,2,1,298,6.0
ca,CA,55048408,2,1,299,6.0
ca,CA,55048408,2,1,300,6.0
ca,CA,55048408,2,1,301,6.0
ca,CA,55048408,2,1,302,6.0
ca,CA,55048408,2,1,303,6.0
ca,CA,55048408,2,1,304,6.0
ca,CA,55048408,2,1,305,6.0
ca,CA,55048408,2,1,306,6.0
ca,CA,55048408,2,1,307,6.0
ca,CA,55048408,2,1,308,6.0
ca,CA,55048408,2,1,309,6.0
ca,CA,55048408,2,1,310,6.0
ca,CA,55048408,2,1,311,6.0
ca,CA,55048408,2,1,312,5.0
ca,CA,55048408,2,1,313,5.0
ca,CA,55048408,2,1,314,5.0
ca,CA,55048408,2,1,315,5.0
ca,CA,55048408,2,1,316,5.0
ca,CA,55048408,2,1,317,5.0
ca,CA,55048408,2,1,318,5.0
ca,CA,55048408,2,1,319,5.0
ca,CA,55048408,2,1,320,4.0
ca,CA,55048408,2,1,321,4.0
ca,CA,55048408,2,1,322,4.0
ca,CA,55048408,2,1,323,4.0
ca,CA,55048408,2,1,324,4.0
ca,CA,55048408,2,1,325,4.0
ca,CA,55048408,2,1,326,4.0
ca,CA,55048408,2,1,327,4.0
ca,CA,55048408,2,1,328,3.0
ca,CA,55048408,2,1,329,3.0
ca,CA,55048408,2,1,330,3.0
ca,CA,55048408,2,1,331,3.0
ca,CA,55048408,2,1,332,3.0
ca,CA,55048408,2,1,333,3.0
ca,CA,55048408,2,1,334,3.0
ca,CA,55048408,2,1,335,3.0
ca,CA,55048408,2,1,336,2.0
ca,CA,55048408,2,1,337,2.0
ca,CA,55048408,2,1,338,2.0
ca,CA,55048408,2,1,339,2.0
ca,CA,55048408,2,1,340,2.0
ca,CA,55048408,2,1,341,2.0
ca,CA,55048408,2,1,342,2.0
ca,CA,55048408,2,1,343,2.0
ca,CA,55048408,2,1,344,2.0
ca,CA,55048408,2,1,345,2.0
ca,CA,55048408,2,1,346,2.0
ca,CA,55048408,2,1,347,2.0
ca,CA,55048408,2,1,348,1.0
ca,CA,55048408,2,1,349,1.0
ca,CA,55048408,2,1,350,1.0
ca,CA,55048408,2,1,351,1.0
ca,CA,55048408,2,1,352,1.0
ca,CA,55048408,2,1,353,1.0
ca,CA,55048408,2,1,354,1.0
ca,CA,55048408,2,1,355,1.0
ca,CA,55048408,2,2,0,16.0
ca,CA,55048408,2,2,1,16.0
ca,CA,55048408,2,2,2,16.0
ca,CA,55048408,2,2,3,16.0
ca,CA,55048408,2,2,4,16.0
ca,CA,55048408,2,2,5,16.0
ca,CA,55048408,2,2,6,16.0
ca,CA,55048408,2,2,7,16.0
ca,CA,55048408,2,2,8,16.0
ca,CA,55048408,2,2,9,16.0
ca,CA,55048408,2,2,10,16.0
ca,CA,55048408,2,2,11,16.0
ca,CA,55048408,2,2,12,16.0
ca,CA,55048408,2,2,13,16.0
ca,CA,55048408,2,2,14,16.0
ca,CA,55048408,2,2,15,16.0
ca,CA,55048408,2,2,16,16.0
ca,CA,55048408,2,2,17,16.0
ca,CA,55048408,2,2,18,16.0
ca,CA,55048408,2,2,19,16.0
ca,CA,55048408,2,2,20,16.0
ca,CA,55048408,2,2,21,16.0
ca,CA,55048408,2,2,22,16.0
ca,CA,55048408,2,2,23,16.0
ca,CA,55048408,2,2,24,16.0
ca,CA,55048408,2,2,25,16.0
ca,CA,55048408,2,2,26,16.0
ca,CA,55048408,2,2,27,16.0
ca,CA,55048408,2,2,28,15.0
ca,CA,55048408,2,2,29,15.0
ca,CA,55048408,2,2,30,15.0
ca,CA,55048408,2,2,31,15.0
ca,CA,55048408,2,2,32,11.0
ca,CA,55048408,2,2,33,11.0
ca,CA,55048408,2,2,34,11.0
ca,CA,55048408,2,2,35,11.0
ca,CA,55048408,2,2,36,11.0
ca,CA,55048408,2,2,37,11.0
ca,CA,55048408,2,2,38,11.0
ca,CA,55048408,2,2,39,11.0
ca,CA,55048408,2,2,40,11.0
ca,CA,55048408,2,2,41,11.0
ca,CA,55048408,2,2,42,11.0
ca,CA,55048408,2,2,43,11.0
ca,CA,55048408,2,2,44,11.0
ca,CA,55048408,2,2,45,11.0
ca,CA,55048408,2,2,46,11.0
ca,CA,55048408,2,2,47,11.0
ca,CA,55048408,2,2,48,11.0
ca,CA,55048408,2,2,49,11.0
ca,CA,55048408,2,2,50,11.0
ca,CA,55048408,2,2,51,11.0
ca,CA,55048408,2,2,52,11.0
ca,CA,55048408,2,2,53,11.0
ca,CA,55048408,2,2,54,11.0
ca,CA,55048408,2,2,55,11.0
ca,CA,55048408,2,2,56,11.0
ca,CA,55048408,2,2,57,11.0
ca,CA,55048408,2,2,58,11.0
ca,CA,55048408,2,2,59,11.0
ca,CA,55048408,2,2,60,11.0
ca,CA,55048408,2,2,61,11.0
ca,CA,55048408,2,2,62,11.0
ca,CA,55048408,2,2,63,11.0
ca,CA,55048408,2,2,64,11.0
ca,CA,55048408,2,2,65,11.0
ca,CA,55048408,2,2,66,11.0
ca,CA,55048408,2,2,67,11.0
ca,CA,55048408,2,2,68,11.0
ca,CA,55048408,2,2,69,11.0
ca,CA,55048408,2,2,70,11.0
ca,CA,55048408,2,2,71,11.0
ca,CA,55048408,2,2,72,11.0
ca,CA,55048408,2,2,73,11.0
ca,CA,55048408,2,2,74,11.0
ca,CA,55048408,2,2,75,11.0
ca,CA,55048408,2,2,76,11.0
ca,CA,55048408,2,2,77,11.0
ca,CA,55048408,2,2,78,11.0
ca,CA,55048408,2,2,79,11.0
ca,CA,55048408,2,2,80,11.0
ca,CA,55048408,2,2,81,11.0
ca,CA,55048408,2,2,82,11.0
ca,CA,55048408,2,2,83,11.0
ca,CA,55048408,2,2,84,11.0
ca,CA,55048408,2,2,85,11.0
ca,CA,55048408,2,2,86,11.0
ca,CA,55048408,2,2,87,11.0
ca,CA,55048408,2,2,88,11.0
ca,CA,55048408,2,2,89,11.0
ca,CA,55048408,2,2,90,11.0
ca,CA,55048408,2,2,91,11.0
ca,CA,55048408,2,2,92,11.0
ca,CA,55048408,2,2,93,11.0
ca,CA,55048408,2,2,94,11.0
ca,CA,55048408,2,2,95,11.0
ca,CA,55048408,2,2,96,11.0
ca,CA,55048408,2,2,97,11.0
ca,CA,55048408,2,2,98,11.0
ca,CA,55048408,2,2,99,11.0
ca,CA,55048408,2,2,100,10.0
ca,CA,55048408,2,2,101,10.0
ca,CA,55048408,2,2,102,10.0
ca,CA,55048408,2,2,103,10.0
ca,CA,55048408,2,2,104,10.0
ca,CA,55048408,2,2,105,10.0
ca,CA,55048408,2,2,106,10.0
ca,CA,55048408,2,2,107,10.0
ca,CA,55048408,2,2,108,10.0
ca,CA,55048408,2,2,109,10.0
ca,CA,55048408,2,2,110,10.0
ca,CA,55048408,2,2,111,10.0
ca,CA,55048408,2,2,112,10.0
ca,CA,55048408,2,2,113,10.0
ca,CA,55048408,2,2,114,10.0
ca,CA,55048408,2,2,115,10.0
ca,CA,55048408,2,2,116,10.0
ca,CA,55048408,2,2,117,10.0
ca,CA,55048408,2,2,118,10.0
ca,CA,55048408,2,2,119,10.0
ca,CA,55048408,2,2,120,10.0
ca,CA,55048408,2,2,121,10.0
ca,CA,55048408,2,2,122,10.0
ca,CA,55048408,2,2,123,10.0
ca,CA,55048408,2,2,124,10.0
ca,CA,55048408,2,2,125,10.0
ca,CA,55048408,2,2,126,10.0
ca,CA,55048408,2,2,127,10.0
ca,CA,55048408,2,2,128,10.0
ca,CA,55048408,2,2,129,10.0
ca,CA,55048408,2,2,130,10.0
ca,CA,55048408,2,2,131,10.0
ca,CA,55048408,2,2,132,10.0
ca,CA,55048408,2,2,133,10.0
ca,CA,55048408,2,2,134,10.0
ca,CA,55048408,2,2,135,10.0
ca,CA,55048408,2,2,136,10.0
ca,CA,55048408,2,2,137,10.0
ca,CA,55048408,2,2,138,10.0
ca,CA,55048408,2,2,139,10.0
ca,CA,55048408,2,2,140,9.0
ca,CA,55048408,2,2,141,9.0
ca,CA,55048408,2,2,142,9.0
ca,CA,55048408,2,2,143,9.0
ca,CA,55048408,2,2,144,9.0
ca,CA,55048408,2,2,145,9.0
ca,CA,55048408,2,2,146,9.0
ca,CA,55048408,2,2,147,9.0
ca,CA,55048408,2,2,148,9.0
ca,CA,55048408,2,2,149,9.0
ca,CA,55048408,2,2,150,9.0
ca,CA,55048408,2,2,151,9.0
ca,CA,55048408,2,2,152,9.0
ca,CA,55048408,2,2,153,9.0
ca,CA,55048408,2,2,154,9.0
ca,CA,55048408,2,2,155,9.0
ca,CA,55048408,2,2,156,9.0
ca,CA,55048408,2,2,157,9.0
ca,CA,55048408,2,2,158,9.0
ca,CA,55048408,2,2,159,9.0
ca,CA,55048408,2,2,160,9.0
ca,CA,55048408,2,2,161,9.0
ca,CA,55048408,2,2,162,9.0
ca,CA,55048408,2,2,163,9.0
ca,CA,55048408,2,2,164,9.0
ca,CA,55048408,2,2,165,9.0
ca,CA,55048408,2,2,166,9.0
ca,CA,55048408,2,2,167,9.0
ca,CA,55048408,2,2,168,9.0
ca,CA,55048408,2,2,169,9.0
ca,CA,55048408,2,2,170,9.0
ca,CA,55048408,2,2,171,9.0
ca,CA,55048408,2,2,172,8.0
ca,CA,55048408,2,2,173,8.0
ca,CA,55048408,2,2,174,8.0
ca,CA,55048408,2,2,175,8.0
ca,CA,55048408,2,2,176,8.0
ca,CA,55048408,2,2,177,8.0
ca,CA,55048408,2,2,178,8.0
ca,CA,55048408,2,2,179,8.0
ca,CA,55048408,2,2,180,8.0
ca,CA,55048408,2,2,181,8.0
ca,CA,55048408,2,2,182,8.0
ca,CA,55048408,2,2,183,8.0
ca,CA,55048408,2,2,184,8.0
ca,CA,55048408,2,2,185,8.0
ca,CA,55048408,2,2,186,8.0
ca,CA,55048408,2,2,187,8.0
ca,CA,55048408,2,2,188,8.0
ca,CA,55048408,2,2,189,8.0
ca,CA,55048408,2,2,190,8.0
ca,CA,55048408,2,2,191,8.0
ca,CA,55048408,2,2,192,8.0
ca,CA,55048408,2,2,193,8.0
ca,CA,55048408,2,2,194,8.0
ca,CA,55048408,2,2,195,8.0
ca,CA,55048408,2,2,196,8.0
ca,CA,55048408,2,2,197,8.0
ca,CA,55048408,2,2,198,8.0
ca,CA,55048408,2,2,199,8.0
ca,CA,55048408,2,2,200,8.0
ca,CA,55048408,2,2,201,8.0
ca,CA,55048408,2,2,202,8.0
ca,CA,55048408,2,2,203,8.0
ca,CA,55048408,2,2,204,8.0
ca,CA,55048408,2,2,205,8.0
ca,CA,55048408,2,2,206,8.0
ca,CA,55048408,2,2,207,8.0
ca,CA,55048408,2,2,208,8.0
ca,CA,55048408,2,2,209,8.0
ca,CA,55048408,2,2,210,8.0
ca,CA,55048408,2,2,211,8.0
ca,CA,55048408,2,2,212,8.0
ca,CA,55048408,2,2,213,8.0
ca,CA,55048408,2,2,214,8.0
ca,CA,55048408,2,2,215,8.0
ca,CA,55048408,2,2,216,8.0
ca,CA,55048408,2,2,217,8.0
ca,CA,55048408,2,2,218,8.0
ca,CA,55048408,2,2,219,8.0
ca,CA,55048408,2,2,220,8.0
ca,CA,55048408,2,2,221,8.0
ca,CA,55048408,2,2,222,8.0
ca,CA,55048408,2,2,223,8.0
ca,CA,55048408,2,2,224,8.0
ca,CA,55048408,2,2,225,8.0
ca,CA,55048408,2,2,226,8.0
ca,CA,55048408,2,2,227,8.0
ca,CA,55048408,2,2,228,8.0
ca,CA,55048408,2,2,229,8.0
ca,CA,55048408,2,2,230,8.0
ca,CA,55048408,2,2,231,8.0
ca,CA,55048408,2,2,232,8.0
ca,CA,55048408,2,2,233,8.0
ca,CA,55048408,2,2,234,8.0
ca,CA,55048408,2,2,235,8.0
ca,CA,55048408,2,2,236,8.0
ca,CA,55048408,2,2,237,8.0
ca,CA,55048408,2,2,238,8.0
ca,CA,55048408,2,2,239,8.0
ca,CA,55048408,2,2,240,8.0
ca,CA,55048408,2,2,241,8.0
ca,CA,55048408,2,2,242,8.0
ca,CA,55048408,2,2,243,8.0
ca,CA,55048408,2,2,244,8.0
ca,CA,55048408,2,2,245,8.0
ca,CA,55048408,2,2,246,8.0
ca,CA,55048408,2,2,247,8.0
ca,CA,55048408,2,2,248,8.0
ca,CA,55048408,2,2,249,8.0
ca,CA,55048408,2,2,250,8.0
ca,CA,55048408,2,2,251,8.0
ca,CA,55048408,2,2,252,8.0
ca,CA,55048408,2,2,253,8.0
ca,CA,55048408,2,2,254,8.0
ca,CA,55048408,2,2,255,8.0
ca,CA,55048408,2,2,256,8.0
ca,CA,55048408,2,2,257,8.0
ca,CA,55048408,2,2,258,8.0
ca,CA,55048408,2,2,259,8.0
ca,CA,55048408,2,2,260,8.0
ca,CA,55048408,2,2,261,8.0
ca,CA,55048408,2,2,262,8.0
ca,CA,55048408,2,2,263,8.0
ca,CA,55048408,2,2,264,8.0
ca,CA,55048408,2,2,265,8.0
ca,CA,55048408,2,2,266,8.0
ca,CA,55048408,2,2,267,8.0
ca,CA,55048408,2,2,268,8.0
ca,CA,55048408,2,2,269,8.0
ca,CA,55048408,2,2,270,8.0
ca,CA,55048408,2,2,271,8.0
ca,CA,55048408,2,2,272,7.0
ca,CA,55048408,2,2,273,7.0
ca,CA,55048408,2,2,274,7.0
ca,CA,55048408,2,2,275,7.0
ca,CA,55048408,2,2,276,7.0
ca,CA,55048408,2,2,277,7.0
ca,CA,55048408,2,2,278,7.0
ca,CA,55048408,2,2,279,7.0
ca,CA,55048408,2,2,280,7.0
ca,CA,55048408,2,2,281,7.0
ca,CA,55048408,2,2,282,7.0
ca,CA,55048408,2,2,283,7.0
ca,CA,55048408,2,2,284,7.0
ca,CA,55048408,2,2,285,7.0
ca,CA,55048408,2,2,286,7.0
ca,CA,55048408,2,2,287,7.0
ca,CA,55048408,2,2,288,6.0
ca,CA,55048408,2,2,289,6.0
ca,CA,55048408,2,2,290,6.0
ca,CA,55048408,2,2,291,6.0
ca,CA,55048408,2,2,292,6.0
ca,CA,55048408,2,2,293,6.0
ca,CA,55048408,2,2,294,6.0
ca,CA,55048408,2,2,295,6.0
ca,CA,55048408,2,2,296,6.0
ca,CA,55048408,2,2,297,6.0
ca,CA,55048408,2,2,298,6.0
ca,CA,55048408,2,2,299,6.0
ca,CA,55048408,2,2,300,6.0
ca,CA,55048408,2,2,301,6.0
ca,CA,55048408,2,2,302,6.0
ca,CA,55048408,2,2,303,6.0
ca,CA,55048408,2,2,304,6.0
ca,CA,55048408,2,2,305,6.0
ca,CA,55048408,2,2,306,6.0
ca,CA,55048408,2,2,307,6.0
ca,CA,55048408,2,2,308,6.0
ca,CA,55048408,2,2,309,6.0
ca,CA,55048408,2,2,310,6.0
ca,CA,55048408,2,2,311,6.0
ca,CA,55048408,2,2,312,5.0
ca,CA,55048408,2,2,313,5.0
ca,CA,55048408,2,2,314,5.0
ca,CA,55048408,2,2,315,5.0
ca,CA,55048408,2,2,316,5.0
ca,CA,55048408,2,2,317,5.0
ca,CA,55048408,2,2,318,5.0
ca,CA,55048408,2,2,319,5.0
ca,CA,55048408,2,2,320,4.0
ca,CA,55048408,2,2,321,4.0
ca,CA,55048408,2,2,322,4.0
ca,CA,55048408,2,2,323,4.0
ca,CA,55048408,2,2,324,4.0
ca,CA,55048408,2,2,325,4.0
ca,CA,55048408,2,2,326,4.0
ca,CA,55048408,2,2,327,4.0
ca,CA,55048408,2,2,328,3.0
ca,CA,55048408,2,2,329,3.0
ca,CA,55048408,2,2,330,3.0
ca,CA,55048408,2,2,331,3.0
ca,CA,55048408,2,2,332,3.0
ca,CA,55048408,2,2,333,3.0
ca,CA,55048408,2,2,334,3.0
ca,CA,55048408,2,2,335,3.0
ca,CA,55048408,2,2,336,2.0
ca,CA,55048408,2,2,337,2.0
ca,CA,55048408,2,2,338,2.0
ca,CA,55048408,2,2,339,2.0
ca,CA,55048408,2,2,340,2.0
ca,CA,55048408,2,2,341,2.0
ca,CA,55048408,2,2,342,2.0
ca,CA,55048408,2,2,343,2.0
ca,CA,55048408,2,2,344,2.0
ca,CA,55048408,2,2,345,2.0
ca,CA,55048408,2,2,346,2.0
ca,CA,55048408,2,2,347,2.0
ca,CA,55048408,2,2,348,1.0
ca,CA,55048408,2,2,349,1.0
ca,CA,55048408,2,2,350,1.0
ca,CA,55048408,2,2,351,1.0
ca,CA,55048408,2,2,352,1.0
ca,CA,55048408,2,2,353,1.0
ca,CA,55048408,2,2,354,1.0
ca,CA,55048408,2,2,355,1.0
ca,CA,55048408,3,0,0,16.0
ca,CA,55048408,3,0,1,16.0
ca,CA,55048408,3,0,2,16.0
ca,CA,55048408,3,0,3,16.0
ca,CA,55048408,3,0,4,16.0
ca,CA,55048408,3,0,5,16.0
ca,CA,55048408,3,0,6,16.0
ca,CA,55048408,3,0,7,16.0
ca,CA,55048408,3,0,8,16.0
ca,CA,55048408,3,0,9,16.0
ca,CA,55048408,3,0,10,16.0
ca,CA,55048408,3,0,11,16.0
ca,CA,55048408,3,0,12,16.0
ca,CA,55048408,3,0,13,16.0
ca,CA,55048408,3,0,14,16.0
ca,CA,55048408,3,0,15,16.0
ca,CA,55048408,3,0,16,16.0
ca,CA,55048408,3,0,17,16.0
ca,CA,55048408,3,0,18,16.0
ca,CA,55048408,3,0,19,16.0
ca,CA,55048408,3,0,20,16.0
ca,CA,55048408,3,0,21,16.0
ca,CA,55048408,3,0,22,16.0
ca,CA,55048408,3,0,23,16.0
ca,CA,55048408,3,0,24,16.0
ca,CA,55048408,3,0,25,16.0
ca,CA,55048408,3,0,26,16.0
ca,CA,55048408,3,0,27,16.0
ca,CA,55048408,3,0,28,15.0
ca,CA,55048408,3,0,29,15.0
ca,CA,55048408,3,0,30,15.0
ca,CA,55048408,3,0,31,15.0
ca,CA,55048408,3,0,32,11.0
ca,CA,55048408,3,0,33,11.0
ca,CA,55048408,3,0,34,11.0
ca,CA,55048408,3,0,35,11.0
ca,CA,55048408,3,0,36,11.0
ca,CA,55048408,3,0,37,11.0
ca,CA,55048408,3,0,38,11.0
ca,CA,55048408,3,0,39,11.0
ca,CA,55048408,3,0,40,11.0
ca,CA,55048408,3,0,41,11.0
ca,CA,55048408,3,0,42,11.0
ca,CA,55048408,3,0,43,11.0
ca,CA,55048408,3,0,44,11.0
ca,CA,55048408,3,0,45,11.0
ca,CA,55048408,3,0,46,11.0
ca,CA,55048408,3,0,47,11.0
ca,CA,55048408,3,0,48,11.0
ca,CA,55048408,3,0,49,11.0
ca,CA,55048408,3,0,50,11.0
ca,CA,55048408,3,0,51,11.0
ca,CA,55048408,3,0,52,11.0
ca,CA,55048408,3,0,53,11.0
ca,CA,55048408,3,0,54,11.0
ca,CA,55048408,3,0,55,11.0
ca,CA,55048408,3,0,56,11.0
ca,CA,55048408,3,0,57,11.0
ca,CA,55048408,3,0,58,11.0
ca,CA,55048408,3,0,59,11.0
ca,CA,55048408,3,0,60,11.0
ca,CA,55048408,3,0,61,11.0
ca,CA,55048408,3,0,62,11.0
ca,CA,55048408,3,0,63,11.0
ca,CA,55048408,3,0,64,11.0
ca,CA,55048408,3,0,65,11.0
ca,CA,55048408,3,0,66,11.0
ca,CA,55048408,3,0,67,11.0
ca,CA,55048408,3,0,68,11.0
ca,CA,55048408,3,0,69,11.0
ca,CA,55048408,3,0,70,11.0
ca,CA,55048408,3,0,71,11.0
ca,CA,55048408,3,0,72,11.0
ca,CA,55048408,3,0,73,11.0
ca,CA,55048408,3,0,74,11.0
ca,CA,55048408,3,0,75,11.0
ca,CA,55048408,3,0,76,11.0
ca,CA,55048408,3,0,77,11.0
ca,CA,55048408,3,0,78,11.0
ca,CA,55048408,3,0,79,11.0
ca,CA,55048408,3,0,80,11.0
ca,CA,55048408,3,0,81,11.0
ca,CA,55048408,3,0,82,11.0
ca,CA,55048408,3,0,83,11.0
ca,CA,55048408,3,0,84,11.0
ca,CA,55048408,3,0,85,11.0
ca,CA,55048408,3,0,86,11.0
ca,CA,55048408,3,0,87,11.0
ca,CA,55048408,3,0,88,11.0
ca,CA,55048408,3,0,89,11.0
ca,CA,55048408,3,0,90,11.0
ca,CA,55048408,3,0,91,11.0
ca,CA,55048408,3,0,92,11.0
ca,CA,55048408,3,0,93,11.0
ca,CA,55048408,3,0,94,11.0
ca,CA,55048408,3,0,95,11.0
ca,CA,55048408,3,0,96,11.0
ca,CA,55048408,3,0,97,11.0
ca,CA,55048408,3,0,98,11.0
ca,CA,55048408,3,0,99,11.0
ca,CA,55048408,3,0,100,10.0
ca,CA,55048408,3,0,101,10.0
ca,CA,55048408,3,0,102,10.0
ca,CA,55048408,3,0,103,10.0
ca,CA,55048408,3,0,104,10.0
ca,CA,55048408,3,0,105,10.0
ca,CA,55048408,3,0,106,10.0
ca,CA,55048408,3,0,107,10.0
ca,CA,55048408,3,0,108,10.0
ca,CA,55048408,3,0,109,10.0
ca,CA,55048408,3,0,110,10.0
ca,CA,55048408,3,0,111,10.0
ca,CA,55048408,3,0,112,10.0
ca,CA,55048408,3,0,113,10.0
ca,CA,55048408,3,0,114,10.0
ca,CA,55048408,3,0,115,10.0
ca,CA,55048408,3,0,116,10.0
ca,CA,55048408,3,0,117,10.0
ca,CA,55048408,3,0,118,10.0
ca,CA,55048408,3,0,119,10.0
ca,CA,55048408,3,0,120,10.0
ca,CA,55048408,3,0,121,10.0
ca,CA,55048408,3,0,122,10.0
ca,CA,55048408,3,0,123,10.0
ca,CA,55048408,3,0,124,10.0
ca,CA,55048408,3,0,125,10.0
ca,CA,55048408,3,0,126,10.0
ca,CA,55048408,3,0,127,10.0
ca,CA,55048408,3,0,128,10.0
ca,CA,55048408,3,0,129,10.0
ca,CA,55048408,3,0,130,10.0
ca,CA,55048408,3,0,131,10.0
ca,CA,55048408,3,0,132,10.0
ca,CA,55048408,3,0,133,10.0
ca,CA,55048408,3,0,134,10.0
ca,CA,55048408,3,0,135,10.0
ca,CA,55048408,3,0,136,10.0
ca,CA,55048408,3,0,137,10.0
ca,CA,55048408,3,0,138,10.0
ca,CA,55048408,3,0,139,10.0
ca,CA,55048408,3,0,140,9.0
ca,CA,55048408,3,0,141,9.0
ca,CA,55048408,3,0,142,9.0
ca,CA,55048408,3,0,143,9.0
ca,CA,55048408,3,0,144,9.0
ca,CA,55048408,3,0,145,9.0
ca,CA,55048408,3,0,146,9.0
ca,CA,55048408,3,0,147,9.0
ca,CA,55048408,3,0,148,9.0
ca,CA,55048408,3,0,149,9.0
ca,CA,55048408,3,0,150,9.0
ca,CA,55048408,3,0,151,9.0
ca,CA,55048408,3,0,152,9.0
ca,CA,55048408,3,0,153,9.0
ca,CA,55048408,3,0,154,9.0
ca,CA,55048408,3,0,155,9.0
ca,CA,55048408,3,0,156,9.0
ca,CA,55048408,3,0,157,9.0
ca,CA,55048408,3,0,158,9.0
ca,CA,55048408,3,0,159,9.0
ca,CA,55048408,3,0,160,9.0
ca,CA,55048408,3,0,161,9.0
ca,CA,55048408,3,0,162,9.0
ca,CA,55048408,3,0,163,9.0
ca,CA,55048408,3,0,164,9.0
ca,CA,55048408,3,0,165,9.0
ca,CA,55048408,3,0,166,9.0
ca,CA,55048408,3,0,167,9.0
ca,CA,55048408,3,0,168,9.0
ca,CA,55048408,3,0,169,9.0
ca,CA,55048408,3,0,170,9.0
ca,CA,55048408,3,0,171,9.0
ca,CA,55048408,3,0,172,8.0
ca,CA,55048408,3,0,173,8.0
ca,CA,55048408,3,0,174,8.0
ca,CA,55048408,3,0,175,8.0
ca,CA,55048408,3,0,176,8.0
ca,CA,55048408,3,0,177,8.0
ca,CA,55048408,3,0,178,8.0
ca,CA,55048408,3,0,179,8.0
ca,CA,55048408,3,0,180,8.0
ca,CA,55048408,3,0,181,8.0
ca,CA,55048408,3,0,182,8.0
ca,CA,55048408,3,0,183,8.0
ca,CA,55048408,3,0,184,8.0
ca,CA,55048408,3,0,185,8.0
ca,CA,55048408,3,0,186,8.0
ca,CA,55048408,3,0,187,8.0
ca,CA,55048408,3,0,188,8.0
ca,CA,55048408,3,0,189,8.0
ca,CA,55048408,3,0,190,8.0
ca,CA,55048408,3,0,191,8.0
ca,CA,55048408,3,0,192,8.0
ca,CA,55048408,3,0,193,8.0
ca,CA,55048408,3,0,194,8.0
ca,CA,55048408,3,0,195,8.0
ca,CA,55048408,3,0,196,8.0
ca,CA,55048408,3,0,197,8.0
ca,CA,55048408,3,0,198,8.0
ca,CA,55048408,3,0,199,8.0
ca,CA,55048408,3,0,200,8.0
ca,CA,55048408,3,0,201,8.0
ca,CA,55048408,3,0,202,8.0
ca,CA,55048408,3,0,203,8.0
ca,CA,55048408,3,0,204,8.0
ca,CA,55048408,3,0,205,8.0
ca,CA,55048408,3,0,206,8.0
ca,CA,55048408,3,0,207,8.0
ca,CA,55048408,3,0,208,8.0
ca,CA,55048408,3,0,209,8.0
ca,CA,55048408,3,0,210,8.0
ca,CA,55048408,3,0,211,8.0
ca,CA,55048408,3,0,212,8.0
ca,CA,55048408,3,0,213,8.0
ca,CA,55048408,3,0,214,8.0
ca,CA,55048408,3,0,215,8.0
ca,CA,55048408,3,0,216,8.0
ca,CA,55048408,3,0,217,8.0
ca,CA,55048408,3,0,218,8.0
ca,CA,55048408,3,0,219,8.0
ca,CA,55048408,3,0,220,8.0
ca,CA,55048408,3,0,221,8.0
ca,CA,55048408,3,0,222,8.0
ca,CA,55048408,3,0,223,8.0
ca,CA,55048408,3,0,224,8.0
ca,CA,55048408,3,0,225,8.0
ca,CA,55048408,3,0,226,8.0
ca,CA,55048408,3,0,227,8.0
ca,CA,55048408,3,0,228,8.0
ca,CA,55048408,3,0,229,8.0
ca,CA,55048408,3,0,230,8.0
ca,CA,55048408,3,0,231,8.0
ca,CA,55048408,3,0,232,8.0
ca,CA,55048408,3,0,233,8.0
ca,CA,55048408,3,0,234,8.0
ca,CA,55048408,3,0,235,8.0
ca,CA,55048408,3,0,236,8.0
ca,CA,55048408,3,0,237,8.0
ca,CA,55048408,3,0,238,8.0
ca,CA,55048408,3,0,239,8.0
ca,CA,55048408,3,0,240,8.0
ca,CA,55048408,3,0,241,8.0
ca,CA,55048408,3,0,242,8.0
ca,CA,55048408,3,0,243,8.0
ca,CA,55048408,3,0,244,8.0
ca,CA,55048408,3,0,245,8.0
ca,CA,55048408,3,0,246,8.0
ca,CA,55048408,3,0,247,8.0
ca,CA,55048408,3,0,248,8.0
ca,CA,55048408,3,0,249,8.0
ca,CA,55048408,3,0,250,8.0
ca,CA,55048408,3,0,251,8.0
ca,CA,55048408,3,0,252,8.0
ca,CA,55048408,3,0,253,8.0
ca,CA,55048408,3,0,254,8.0
ca,CA,55048408,3,0,255,8.0
ca,CA,55048408,3,0,256,8.0
ca,CA,55048408,3,0,257,8.0
ca,CA,55048408,3,0,258,8.0
ca,CA,55048408,3,0,259,8.0
ca,CA,55048408,3,0,260,8.0
ca,CA,55048408,3,0,261,8.0
ca,CA,55048408,3,0,262,8.0
ca,CA,55048408,3,0,263,8.0
ca,CA,55048408,3,0,264,8.0
ca,CA,55048408,3,0,265,8.0
ca,CA,55048408,3,0,266,8.0
ca,CA,55048408,3,0,267,8.0
ca,CA,55048408,3,0,268,8.0
ca,CA,55048408,3,0,269,8.0
ca,CA,55048408,3,0,270,8.0
ca,CA,55048408,3,0,271,8.0
ca,CA,55048408,3,0,272,7.0
ca,CA,55048408,3,0,273,7.0
ca,CA,55048408,3,0,274,7.0
ca,CA,55048408,3,0,275,7.0
ca,CA,55048408,3,0,276,7.0
ca,CA,55048408,3,0,277,7.0
ca,CA,55048408,3,0,278,7.0
ca,CA,55048408,3,0,279,7.0
ca,CA,55048408,3,0,280,7.0
ca,CA,55048408,3,0,281,7.0
ca,CA,55048408,3,0,282,7.0
ca,CA,55048408,3,0,283,7.0
ca,CA,55048408,3,0,284,7.0
ca,CA,55048408,3,0,285,7.0
ca,CA,55048408,3,0,286,7.0
ca,CA,55048408,3,0,287,7.0
ca,CA,55048408,3,0,288,6.0
ca,CA,55048408,3,0,289,6.0
ca,CA,55048408,3,0,290,6.0
ca,CA,55048408,3,0,291,6.0
ca,CA,55048408,3,0,292,6.0
ca,CA,55048408,3,0,293,6.0
ca,CA,55048408,3,0,294,6.0
ca,CA,55048408,3,0,295,6.0
ca,CA,55048408,3,0,296,6.0
ca,CA,55048408,3,0,297,6.0
ca,CA,55048408,3,0,298,6.0
ca,CA,55048408,3,0,299,6.0
ca,CA,55048408,3,0,300,6.0
ca,CA,55048408,3,0,301,6.0
ca,CA,55048408,3,0,302,6.0
ca,CA,55048408,3,0,303,6.0
ca,CA,55048408,3,0,304,6.0
ca,CA,55048408,3,0,305,6.0
ca,CA,55048408,3,0,306,6.0
ca,CA,55048408,3,0,307,6.0
ca,CA,55048408,3,0,308,6.0
ca,CA,55048408,3,0,309,6.0
ca,CA,55048408,3,0,310,6.0
ca,CA,55048408,3,0,311,6.0
ca,CA,55048408,3,0,312,5.0
ca,CA,55048408,3,0,313,5.0
ca,CA,55048408,3,0,314,5.0
ca,CA,55048408,3,0,315,5.0
ca,CA,55048408,3,0,316,5.0
ca,CA,55048408,3,0,317,5.0
ca,CA,55048408,3,0,318,5.0
ca,CA,55048408,3,0,319,5.0
ca,CA,55048408,3,0,320,4.0
ca,CA,55048408,3,0,321,4.0
ca,CA,55048408,3,0,322,4.0
ca,CA,55048408,3,0,323,4.0
ca,CA,55048408,3,0,324,4.0
ca,CA,55048408,3,0,325,4.0
ca,CA,55048408,3,0,326,4.0
ca,CA,55048408,3,0,327,4.0
ca,CA,55048408,3,0,328,3.0
ca,CA,55048408,3,0,329,3.0
ca,CA,55048408,3,0,330,3.0
ca,CA,55048408,3,0,331,3.0
ca,CA,55048408,3,0,332,3.0
ca,CA,55048408,3,0,333,3.0
ca,CA,55048408,3,0,334,3.0
ca,CA,55048408,3,0,335,3.0
ca,CA,55048408,3,0,336,2.0
ca,CA,55048408,3,0,337,2.0
ca,CA,55048408,3,0,338,2.0
ca,CA,55048408,3,0,339,2.0
ca,CA,55048408,3,0,340,2.0
ca,CA,55048408,3,0,341,2.0
ca,CA,55048408,3,0,342,2.0
ca,CA,55048408,3,0,343,2.0
ca,CA,55048408,3,0,344,2.0
ca,CA,55048408,3,0,345,2.0
ca,CA,55048408,3,0,346,2.0
ca,CA,55048408,3,0,347,2.0
ca,CA,55048408,3,0,348,1.0
ca,CA,55048408,3,0,349,1.0
ca,CA,55048408,3,0,350,1.0
ca,CA,55048408,3,0,351,1.0
ca,CA,55048408,3,0,352,1.0
ca,CA,55048408,3,0,353,1.0
ca,CA,55048408,3,0,354,1.0
ca,CA,55048408,3,0,355,1.0
ca,CA,55048408,3,1,0,16.0
ca,CA,55048408,3,1,1,16.0
ca,CA,55048408,3,1,2,16.0
ca,CA,55048408,3,1,3,16.0
ca,CA,55048408,3,1,4,16.0
ca,CA,55048408,3,1,5,16.0
ca,CA,55048408,3,1,6,16.0
ca,CA,55048408,3,1,7,16.0
ca,CA,55048408,3,1,8,16.0
ca,CA,55048408,3,1,9,16.0
ca,CA,55048408,3,1,10,16.0
ca,CA,55048408,3,1,11,16.0
ca,CA,55048408,3,1,12,16.0
ca,CA,55048408,3,1,13,16.0
ca,CA,55048408,3,1,14,16.0
ca,CA,55048408,3,1,15,16.0
ca,CA,55048408,3,1,16,16.0
ca,CA,55048408,3,1,17,16.0
ca,CA,55048408,3,1,18,16.0
ca,CA,55048408,3,1,19,16.0
ca,CA,55048408,3,1,20,16.0
ca,CA,55048408,3,1,21,16.0
ca,CA,55048408,3,1,22,16.0
ca,CA,55048408,3,1,23,16.0
ca,CA,55048408,3,1,24,16.0
ca,CA,55048408,3,1,25,16.0
ca,CA,55048408,3,1,26,16.0
ca,CA,55048408,3,1,27,16.0
ca,CA,55048408,3,1,28,15.0
ca,CA,55048408,3,1,29,15.0
ca,CA,55048408,3,1,30,15.0
ca,CA,55048408,3,1,31,15.0
ca,CA,55048408,3,1,32,11.0
ca,CA,55048408,3,1,33,11.0
ca,CA,55048408,3,1,34,11.0
ca,CA,55048408,3,1,35,11.0
ca,CA,55048408,3,1,36,11.0
ca,CA,55048408,3,1,37,11.0
ca,CA,55048408,3,1,38,11.0
ca,CA,55048408,3,1,39,11.0
ca,CA,55048408,3,1,40,11.0
ca,CA,55048408,3,1,41,11.0
ca,CA,55048408,3,1,42,11.0
ca,CA,55048408,3,1,43,11.0
ca,CA,55048408,3,1,44,11.0
ca,CA,55048408,3,1,45,11.0
ca,CA,55048408,3,1,46,11.0
ca,CA,55048408,3,1,47,11.0
ca,CA,55048408,3,1,48,11.0
ca,CA,55048408,3,1,49,11.0
ca,CA,55048408,3,1,50,11.0
ca,CA,55048408,3,1,51,11.0
ca,CA,55048408,3,1,52,11.0
ca,CA,55048408,3,1,53,11.0
ca,CA,55048408,3,1,54,11.0
ca,CA,55048408,3,1,55,11.0
ca,CA,55048408,3,1,56,11.0
ca,CA,55048408,3,1,57,11.0
ca,CA,55048408,3,1,58,11.0
ca,CA,55048408,3,1,59,11.0
ca,CA,55048408,3,1,60,11.0
ca,CA,55048408,3,1,61,11.0
ca,CA,55048408,3,1,62,11.0
ca,CA,55048408,3,1,63,11.0
ca,CA,55048408,3,1,64,11.0
ca,CA,55048408,3,1,65,11.0
ca,CA,55048408,3,1,66,11.0
ca,CA,55048408,3,1,67,11.0
ca,CA,55048408,3,1,68,11.0
ca,CA,55048408,3,1,69,11.0
ca,CA,55048408,3,1,70,11.0
ca,CA,55048408,3,1,71,11.0
ca,CA,55048408,3,1,72,11.0
ca,CA,55048408,3,1,73,11.0
ca,CA,55048408,3,1,74,11.0
ca,CA,55048408,3,1,75,11.0
ca,CA,55048408,3,1,76,11.0
ca,CA,55048408,3,1,77,11.0
ca,CA,55048408,3,1,78,11.0
ca,CA,55048408,3,1,79,11.0
ca,CA,55048408,3,1,80,11.0
ca,CA,55048408,3,1,81,11.0
ca,CA,55048408,3,1,82,11.0
ca,CA,55048408,3,1,83,11.0
ca,CA,55048408,3,1,84,11.0
ca,CA,55048408,3,1,85,11.0
ca,CA,55048408,3,1,86,11.0
ca,CA,55048408,3,1,87,11.0
ca,CA,55048408,3,1,88,11.0
ca,CA,55048408,3,1,89,11.0
ca,CA,55048408,3,1,90,11.0
ca,CA,55048408,3,1,91,11.0
ca,CA,55048408,3,1,92,11.0
ca,CA,55048408,3,1,93,11.0
ca,CA,55048408,3,1,94,11.0
ca,CA,55048408,3,1,95,11.0
ca,CA,55048408,3,1,96,11.0
ca,CA,55048408,3,1,97,11.0
ca,CA,55048408,3,1,98,11.0
ca,CA,55048408,3,1,99,11.0
ca,CA,55048408,3,1,100,10.0
ca,CA,55048408,3,1,101,10.0
ca,CA,55048408,3,1,102,10.0
ca,CA,55048408,3,1,103,10.0
ca,CA,55048408,3,1,104,10.0
ca,CA,55048408,3,1,105,10.0
ca,CA,55048408,3,1,106,10.0
ca,CA,55048408,3,1,107,10.0
ca,CA,55048408,3,1,108,10.0
ca,CA,55048408,3,1,109,10.0
ca,CA,55048408,3,1,110,10.0
ca,CA,55048408,3,1,111,10.0
ca,CA,55048408,3,1,112,10.0
ca,CA,55048408,3,1,113,10.0
ca,CA,55048408,3,1,114,10.0
ca,CA,55048408,3,1,115,10.0
ca,CA,55048408,3,1,116,10.0
ca,CA,55048408,3,1,117,10.0
ca,CA,55048408,3,1,118,10.0
ca,CA,55048408,3,1,119,10.0
ca,CA,55048408,3,1,120,10.0
ca,CA,55048408,3,1,121,10.0
ca,CA,55048408,3,1,122,10.0
ca,CA,55048408,3,1,123,10.0
ca,CA,55048408,3,1,124,10.0
ca,CA,55048408,3,1,125,10.0
ca,CA,55048408,3,1,126,10.0
ca,CA,55048408,3,1,127,10.0
ca,CA,55048408,3,1,128,10.0
ca,CA,55048408,3,1,129,10.0
ca,CA,55048408,3,1,130,10.0
ca,CA,55048408,3,1,131,10.0
ca,CA,55048408,3,1,132,10.0
ca,CA,55048408,3,1,133,10.0
ca,CA,55048408,3,1,134,10.0
ca,CA,55048408,3,1,135,10.0
ca,CA,55048408,3,1,136,10.0
ca,CA,55048408,3,1,137,10.0
ca,CA,55048408,3,1,138,10.0
ca,CA,55048408,3,1,139,10.0
ca,CA,55048408,3,1,140,9.0
ca,CA,55048408,3,1,141,9.0
ca,CA,55048408,3,1,142,9.0
ca,CA,55048408,3,1,143,9.0
ca,CA,55048408,3,1,144,9.0
ca,CA,55048408,3,1,145,9.0
ca,CA,55048408,3,1,146,9.0
ca,CA,55048408,3,1,147,9.0
ca,CA,55048408,3,1,148,9.0
ca,CA,55048408,3,1,149,9.0
ca,CA,55048408,3,1,150,9.0
ca,CA,55048408,3,1,151,9.0
ca,CA,55048408,3,1,152,9.0
ca,CA,55048408,3,1,153,9.0
ca,CA,55048408,3,1,154,9.0
ca,CA,55048408,3,1,155,9.0
ca,CA,55048408,3,1,156,9.0
ca,CA,55048408,3,1,157,9.0
ca,CA,55048408,3,1,158,9.0
ca,CA,55048408,3,1,159,9.0
ca,CA,55048408,3,1,160,9.0
ca,CA,55048408,3,1,161,9.0
ca,CA,55048408,3,1,162,9.0
ca,CA,55048408,3,1,163,9.0
ca,CA,55048408,3,1,164,9.0
ca,CA,55048408,3,1,165,9.0
ca,CA,55048408,3,1,166,9.0
ca,CA,55048408,3,1,167,9.0
ca,CA,55048408,3,1,168,9.0
ca,CA,55048408,3,1,169,9.0
ca,CA,55048408,3,1,170,9.0
ca,CA,55048408,3,1,171,9.0
ca,CA,55048408,3,1,172,8.0
ca,CA,55048408,3,1,173,8.0
ca,CA,55048408,3,1,174,8.0
ca,CA,55048408,3,1,175,8.0
ca,CA,55048408,3,1,176,8.0
ca,CA,55048408,3,1,177,8.0
ca,CA,55048408,3,1,178,8.0
ca,CA,55048408,3,1,179,8.0
ca,CA,55048408,3,1,180,8.0
ca,CA,55048408,3,1,181,8.0
ca,CA,55048408,3,1,182,8.0
ca,CA,55048408,3,1,183,8.0
ca,CA,55048408,3,1,184,8.0
ca,CA,55048408,3,1,185,8.0
ca,CA,55048408,3,1,186,8.0
ca,CA,55048408,3,1,187,8.0
ca,CA,55048408,3,1,188,8.0
ca,CA,55048408,3,1,189,8.0
ca,CA,55048408,3,1,190,8.0
ca,CA,55048408,3,1,191,8.0
ca,CA,55048408,3,1,192,8.0
ca,CA,55048408,3,1,193,8.0
ca,CA,55048408,3,1,194,8.0
ca,CA,55048408,3,1,195,8.0
ca,CA,55048408,3,1,196,8.0
ca,CA,55048408,3,1,197,8.0
ca,CA,55048408,3,1,198,8.0
ca,CA,55048408,3,1,199,8.0
ca,CA,55048408,3,1,200,8.0
ca,CA,55048408,3,1,201,8.0
ca,CA,55048408,3,1,202,8.0
ca,CA,55048408,3,1,203,8.0
ca,CA,55048408,3,1,204,8.0
ca,CA,55048408,3,1,205,8.0
ca,CA,55048408,3,1,206,8.0
ca,CA,55048408,3,1,207,8.0
ca,CA,55048408,3,1,208,8.0
ca,CA,55048408,3,1,209,8.0
ca,CA,55048408,3,1,210,8.0
ca,CA,55048408,3,1,211,8.0
ca,CA,55048408,3,1,212,8.0
ca,CA,55048408,3,1,213,8.0
ca,CA,55048408,3,1,214,8.0
ca,CA,55048408,3,1,215,8.0
ca,CA,55048408,3,1,216,8.0
ca,CA,55048408,3,1,217,8.0
ca,CA,55048408,3,1,218,8.0
ca,CA,55048408,3,1,219,8.0
ca,CA,55048408,3,1,220,8.0
ca,CA,55048408,3,1,221,8.0
ca,CA,55048408,3,1,222,8.0
ca,CA,55048408,3,1,223,8.0
ca,CA,55048408,3,1,224,8.0
ca,CA,55048408,3,1,225,8.0
ca,CA,55048408,3,1,226,8.0
ca,CA,55048408,3,1,227,8.0
ca,CA,55048408,3,1,228,8.0
ca,CA,55048408,3,1,229,8.0
ca,CA,55048408,3,1,230,8.0
ca,CA,55048408,3,1,231,8.0
ca,CA,55048408,3,1,232,8.0
ca,CA,55048408,3,1,233,8.0
ca,CA,55048408,3,1,234,8.0
ca,CA,55048408,3,1,235,8.0
ca,CA,55048408,3,1,236,8.0
ca,CA,55048408,3,1,237,8.0
ca,CA,55048408,3,1,238,8.0
ca,CA,55048408,3,1,239,8.0
ca,CA,55048408,3,1,240,8.0
ca,CA,55048408,3,1,241,8.0
ca,CA,55048408,3,1,242,8.0
ca,CA,55048408,3,1,243,8.0
ca,CA,55048408,3,1,244,8.0
ca,CA,55048408,3,1,245,8.0
ca,CA,55048408,3,1,246,8.0
ca,CA,55048408,3,1,247,8.0
ca,CA,55048408,3,1,248,8.0
ca,CA,55048408,3,1,249,8.0
ca,CA,55048408,3,1,250,8.0
ca,CA,55048408,3,1,251,8.0
ca,CA,55048408,3,1,252,8.0
ca,CA,55048408,3,1,253,8.0
ca,CA,55048408,3,1,254,8.0
ca,CA,55048408,3,1,255,8.0
ca,CA,55048408,3,1,256,8.0
ca,CA,55048408,3,1,257,8.0
ca,CA,55048408,3,1,258,8.0
ca,CA,55048408,3,1,259,8.0
ca,CA,55048408,3,1,260,8.0
ca,CA,55048408,3,1,261,8.0
ca,CA,55048408,3,1,262,8.0
ca,CA,55048408,3,1,263,8.0
ca,CA,55048408,3,1,264,8.0
ca,CA,55048408,3,1,265,8.0
ca,CA,55048408,3,1,266,8.0
ca,CA,55048408,3,1,267,8.0
ca,CA,55048408,3,1,268,8.0
ca,CA,55048408,3,1,269,8.0
ca,CA,55048408,3,1,270,8.0
ca,CA,55048408,3,1,271,8.0
ca,CA,55048408,3,1,272,7.0
ca,CA,55048408,3,1,273,7.0
ca,CA,55048408,3,1,274,7.0
ca,CA,55048408,3,1,275,7.0
ca,CA,55048408,3,1,276,7.0
ca,CA,55048408,3,1,277,7.0
ca,CA,55048408,3,1,278,7.0
ca,CA,55048408,3,1,279,7.0
ca,CA,55048408,3,1,280,7.0
ca,CA,55048408,3,1,281,7.0
ca,CA,55048408,3,1,282,7.0
ca,CA,55048408,3,1,283,7.0
ca,CA,55048408,3,1,284,7.0
ca,CA,55048408,3,1,285,7.0
ca,CA,55048408,3,1,286,7.0
ca,CA,55048408,3,1,287,7.0
ca,CA,55048408,3,1,288,6.0
ca,CA,55048408,3,1,289,6.0
ca,CA,55048408,3,1,290,6.0
ca,CA,55048408,3,1,291,6.0
ca,CA,55048408,3,1,292,6.0
ca,CA,55048408,3,1,293,6.0
ca,CA,55048408,3,1,294,6.0
ca,CA,55048408,3,1,295,6.0
ca,CA,55048408,3,1,296,6.0
ca,CA,55048408,3,1,297,6.0
ca,CA,55048408,3,1,298,6.0
ca,CA,55048408,3,1,299,6.0
ca,CA,55048408,3,1,300,6.0
ca,CA,55048408,3,1,301,6.0
ca,CA,55048408,3,1,302,6.0
ca,CA,55048408,3,1,303,6.0
ca,CA,55048408,3,1,304,6.0
ca,CA,55048408,3,1,305,6.0
ca,CA,55048408,3,1,306,6.0
ca,CA,55048408,3,1,307,6.0
ca,CA,55048408,3,1,308,6.0
ca,CA,55048408,3,1,309,6.0
ca,CA,55048408,3,1,310,6.0
ca,CA,55048408,3,1,311,6.0
ca,CA,55048408,3,1,312,5.0
ca,CA,55048408,3,1,313,5.0
ca,CA,55048408,3,1,314,5.0
ca,CA,55048408,3,1,315,5.0
ca,CA,55048408,3,1,316,5.0
ca,CA,55048408,3,1,317,5.0
ca,CA,55048408,3,1,318,5.0
ca,CA,55048408,3,1,319,5.0
ca,CA,55048408,3,1,320,4.0
ca,CA,55048408,3,1,321,4.0
ca,CA,55048408,3,1,322,4.0
ca,CA,55048408,3,1,323,4.0
ca,CA,55048408,3,1,324,4.0
ca,CA,55048408,3,1,325,4.0
ca,CA,55048408,3,1,326,4.0
ca,CA,55048408,3,1,327,4.0
ca,CA,55048408,3,1,328,3.0
ca,CA,55048408,3,1,329,3.0
ca,CA,55048408,3,1,330,3.0
ca,CA,55048408,3,1,331,3.0
ca,CA,55048408,3,1,332,3.0
ca,CA,55048408,3,1,333,3.0
ca,CA,55048408,3,1,334,3.0
ca,CA,55048408,3,1,335,3.0
ca,CA,55048408,3,1,336,2.0
ca,CA,55048408,3,1,337,2.0
ca,CA,55048408,3,1,338,2.0
ca,CA,55048408,3,1,339,2.0
ca,CA,55048408,3,1,340,2.0
ca,CA,55048408,3,1,341,2.0
ca,CA,55048408,3,1,342,2.0
ca,CA,55048408,3,1,343,2.0
ca,CA,55048408,3,1,344,2.0
ca,CA,55048408,3,1,345,2.0
ca,CA,55048408,3,1,346,2.0
ca,CA,55048408,3,1,347,2.0
ca,CA,55048408,3,1,348,1.0
ca,CA,55048408,3,1,349,1.0
ca,CA,55048408,3,1,350,1.0
ca,CA,55048408,3,1,351,1.0
ca,CA,55048408,3,1,352,1.0
ca,CA,55048408,3,1,353,1.0
ca,CA,55048408,3,1,354,1.0
ca,CA,55048408,3,1,355,1.0
ca,CA,55048408,3,2,0,16.0
ca,CA,55048408,3,2,1,16.0
ca,CA,55048408,3,2,2,16.0
ca,CA,55048408,3,2,3,16.0
ca,CA,55048408,3,2,4,16.0
ca,CA,55048408,3,2,5,16.0
ca,CA,55048408,3,2,6,16.0
ca,CA,55048408,3,2,7,16.0
ca,CA,55048408,3,2,8,16.0
ca,CA,55048408,3,2,9,16.0
ca,CA,55048408,3,2,10,16.0
ca,CA,55048408,3,2,11,16.0
ca,CA,55048408,3,2,12,16.0
ca,CA,55048408,3,2,13,16.0
ca,CA,55048408,3,2,14,16.0
ca,CA,55048408,3,2,15,16.0
ca,CA,55048408,3,2,16,16.0
ca,CA,55048408,3,2,17,16.0
ca,CA,55048408,3,2,18,16.0
ca,CA,55048408,3,2,19,16.0
ca,CA,55048408,3,2,20,16.0
ca,CA,55048408,3,2,21,16.0
ca,CA,55048408,3,2,22,16.0
ca,CA,55048408,3,2,23,16.0
ca,CA,55048408,3,2,24,16.0
ca,CA,55048408,3,2,25,16.0
ca,CA,55048408,3,2,26,16.0
ca,CA,55048408,3,2,27,16.0
ca,CA,55048408,3,2,28,15.0
ca,CA,55048408,3,2,29,15.0
ca,CA,55048408,3,2,30,15.0
ca,CA,55048408,3,2,31,15.0
ca,CA,55048408,3,2,32,11.0
ca,CA,55048408,3,2,33,11.0
ca,CA,55048408,3,2,34,11.0
ca,CA,55048408,3,2,35,11.0
ca,CA,55048408,3,2,36,11.0
ca,CA,55048408,3,2,37,11.0
ca,CA,55048408,3,2,38,11.0
ca,CA,55048408,3,2,39,11.0
ca,CA,55048408,3,2,40,11.0
ca,CA,55048408,3,2,41,11.0
ca,CA,55048408,3,2,42,11.0
ca,CA,55048408,3,2,43,11.0
ca,CA,55048408,3,2,44,11.0
ca,CA,55048408,3,2,45,11.0
ca,CA,55048408,3,2,46,11.0
ca,CA,55048408,3,2,47,11.0
ca,CA,55048408,3,2,48,11.0
ca,CA,55048408,3,2,49,11.0
ca,CA,55048408,3,2,50,11.0
ca,CA,55048408,3,2,51,11.0
ca,CA,55048408,3,2,52,11.0
ca,CA,55048408,3,2,53,11.0
ca,CA,55048408,3,2,54,11.0
ca,CA,55048408,3,2,55,11.0
ca,CA,55048408,3,2,56,11.0
ca,CA,55048408,3,2,57,11.0
ca,CA,55048408,3,2,58,11.0
ca,CA,55048408,3,2,59,11.0
ca,CA,55048408,3,2,60,11.0
ca,CA,55048408,3,2,61,11.0
ca,CA,55048408,3,2,62,11.0
ca,CA,55048408,3,2,63,11.0
ca,CA,55048408,3,2,64,11.0
ca,CA,55048408,3,2,65,11.0
ca,CA,55048408,3,2,66,11.0
ca,CA,55048408,3,2,67,11.0
ca,CA,55048408,3,2,68,11.0
ca,CA,55048408,3,2,69,11.0
ca,CA,55048408,3,2,70,11.0
ca,CA,55048408,3,2,71,11.0
ca,CA,55048408,3,2,72,11.0
ca,CA,55048408,3,2,73,11.0
ca,CA,55048408,3,2,74,11.0
ca,CA,55048408,3,2,75,11.0
ca,CA,55048408,3,2,76,11.0
ca,CA,55048408,3,2,77,11.0
ca,CA,55048408,3,2,78,11.0
ca,CA,55048408,3,2,79,11.0
ca,CA,55048408,3,2,80,11.0
ca,CA,55048408,3,2,81,11.0
ca,CA,55048408,3,2,82,11.0
ca,CA,55048408,3,2,83,11.0
ca,CA,55048408,3,2,84,11.0
ca,CA,55048408,3,2,85,11.0
ca,CA,55048408,3,2,86,11.0
ca,CA,55048408,3,2,87,11.0
ca,CA,55048408,3,2,88,11.0
ca,CA,55048408,3,2,89,11.0
ca,CA,55048408,3,2,90,11.0
ca,CA,55048408,3,2,91,11.0
ca,CA,55048408,3,2,92,11.0
ca,CA,55048408,3,2,93,11.0
ca,CA,55048408,3,2,94,11.0
ca,CA,55048408,3,2,95,11.0
ca,CA,55048408,3,2,96,11.0
ca,CA,55048408,3,2,97,11.0
ca,CA,55048408,3,2,98,11.0
ca,CA,55048408,3,2,99,11.0
ca,CA,55048408,3,2,100,10.0
ca,CA,55048408,3,2,101,10.0
ca,CA,55048408,3,2,102,10.0
ca,CA,55048408,3,2,103,10.0
ca,CA,55048408,3,2,104,10.0
ca,CA,55048408,3,2,105,10.0
ca,CA,55048408,3,2,106,10.0
ca,CA,55048408,3,2,107,10.0
ca,CA,55048408,3,2,108,10.0
ca,CA,55048408,3,2,109,10.0
ca,CA,55048408,3,2,110,10.0
ca,CA,55048408,3,2,111,10.0
ca,CA,55048408,3,2,112,10.0
ca,CA,55048408,3,2,113,10.0
ca,CA,55048408,3,2,114,10.0
ca,CA,55048408,3,2,115,10.0
ca,CA,55048408,3,2,116,10.0
ca,CA,55048408,3,2,117,10.0
ca,CA,55048408,3,2,118,10.0
ca,CA,55048408,3,2,119,10.0
ca,CA,55048408,3,2,120,10.0
ca,CA,55048408,3,2,121,10.0
ca,CA,55048408,3,2,122,10.0
ca,CA,55048408,3,2,123,10.0
ca,CA,55048408,3,2,124,10.0
ca,CA,55048408,3,2,125,10.0
ca,CA,55048408,3,2,126,10.0
ca,CA,55048408,3,2,127,10.0
ca,CA,55048408,3,2,128,10.0
ca,CA,55048408,3,2,129,10.0
ca,CA,55048408,3,2,130,10.0
ca,CA,55048408,3,2,131,10.0
ca,CA,55048408,3,2,132,10.0
ca,CA,55048408,3,2,133,10.0
ca,CA,55048408,3,2,134,10.0
ca,CA,55048408,3,2,135,10.0
ca,CA,55048408,3,2,136,10.0
ca,CA,55048408,3,2,137,10.0
ca,CA,55048408,3,2,138,10.0
ca,CA,55048408,3,2,139,10.0
ca,CA,55048408,3,2,140,9.0
ca,CA,55048408,3,2,141,9.0
ca,CA,55048408,3,2,142,9.0
ca,CA,55048408,3,2,143,9.0
ca,CA,55048408,3,2,144,9.0
ca,CA,55048408,3,2,145,9.0
ca,CA,55048408,3,2,146,9.0
ca,CA,55048408,3,2,147,9.0
ca,CA,55048408,3,2,148,9.0
ca,CA,55048408,3,2,149,9.0
ca,CA,55048408,3,2,150,9.0
ca,CA,55048408,3,2,151,9.0
ca,CA,55048408,3,2,152,9.0
ca,CA,55048408,3,2,153,9.0
ca,CA,55048408,3,2,154,9.0
ca,CA,55048408,3,2,155,9.0
ca,CA,55048408,3,2,156,9.0
ca,CA,55048408,3,2,157,9.0
ca,CA,55048408,3,2,158,9.0
ca,CA,55048408,3,2,159,9.0
ca,CA,55048408,3,2,160,9.0
ca,CA,55048408,3,2,161,9.0
ca,CA,55048408,3,2,162,9.0
ca,CA,55048408,3,2,163,9.0
ca,CA,55048408,3,2,164,9.0
ca,CA,55048408,3,2,165,9.0
ca,CA,55048408,3,2,166,9.0
ca,CA,55048408,3,2,167,9.0
ca,CA,55048408,3,2,168,9.0
ca,CA,55048408,3,2,169,9.0
ca,CA,55048408,3,2,170,9.0
ca,CA,55048408,3,2,171,9.0
ca,CA,55048408,3,2,172,8.0
ca,CA,55048408,3,2,173,8.0
ca,CA,55048408,3,2,174,8.0
ca,CA,55048408,3,2,175,8.0
ca,CA,55048408,3,2,176,8.0
ca,CA,55048408,3,2,177,8.0
ca,CA,55048408,3,2,178,8.0
ca,CA,55048408,3,2,179,8.0
ca,CA,55048408,3,2,180,8.0
ca,CA,55048408,3,2,181,8.0
ca,CA,55048408,3,2,182,8.0
ca,CA,55048408,3,2,183,8.0
ca,CA,55048408,3,2,184,8.0
ca,CA,55048408,3,2,185,8.0
ca,CA,55048408,3,2,186,8.0
ca,CA,55048408,3,2,187,8.0
ca,CA,55048408,3,2,188,8.0
ca,CA,55048408,3,2,189,8.0
ca,CA,55048408,3,2,190,8.0
ca,CA,55048408,3,2,191,8.0
ca,CA,55048408,3,2,192,8.0
ca,CA,55048408,3,2,193,8.0
ca,CA,55048408,3,2,194,8.0
ca,CA,55048408,3,2,195,8.0
ca,CA,55048408,3,2,196,8.0
ca,CA,55048408,3,2,197,8.0
ca,CA,55048408,3,2,198,8.0
ca,CA,55048408,3,2,199,8.0
ca,CA,55048408,3,2,200,8.0
ca,CA,55048408,3,2,201,8.0
ca,CA,55048408,3,2,202,8.0
ca,CA,55048408,3,2,203,8.0
ca,CA,55048408,3,2,204,8.0
ca,CA,55048408,3,2,205,8.0
ca,CA,55048408,3,2,206,8.0
ca,CA,55048408,3,2,207,8.0
ca,CA,55048408,3,2,208,8.0
ca,CA,55048408,3,2,209,8.0
ca,CA,55048408,3,2,210,8.0
ca,CA,55048408,3,2,211,8.0
ca,CA,55048408,3,2,212,8.0
ca,CA,55048408,3,2,213,8.0
ca,CA,55048408,3,2,214,8.0
ca,CA,55048408,3,2,215,8.0
ca,CA,55048408,3,2,216,8.0
ca,CA,55048408,3,2,217,8.0
ca,CA,55048408,3,2,218,8.0
ca,CA,55048408,3,2,219,8.0
ca,CA,55048408,3,2,220,8.0
ca,CA,55048408,3,2,221,8.0
ca,CA,55048408,3,2,222,8.0
ca,CA,55048408,3,2,223,8.0
ca,CA,55048408,3,2,224,8.0
ca,CA,55048408,3,2,225,8.0
ca,CA,55048408,3,2,226,8.0
ca,CA,55048408,3,2,227,8.0
ca,CA,55048408,3,2,228,8.0
ca,CA,55048408,3,2,229,8.0
ca,CA,55048408,3,2,230,8.0
ca,CA,55048408,3,2,231,8.0
ca,CA,55048408,3,2,232,8.0
ca,CA,55048408,3,2,233,8.0
ca,CA,55048408,3,2,234,8.0
ca,CA,55048408,3,2,235,8.0
ca,CA,55048408,3,2,236,8.0
ca,CA,55048408,3,2,237,8.0
ca,CA,55048408,3,2,238,8.0
ca,CA,55048408,3,2,239,8.0
ca,CA,55048408,3,2,240,8.0
ca,CA,55048408,3,2,241,8.0
ca,CA,55048408,3,2,242,8.0
ca,CA,55048408,3,2,243,8.0
ca,CA,55048408,3,2,244,8.0
ca,CA,55048408,3,2,245,8.0
ca,CA,55048408,3,2,246,8.0
ca,CA,55048408,3,2,247,8.0
ca,CA,55048408,3,2,248,8.0
ca,CA,55048408,3,2,249,8.0
ca,CA,55048408,3,2,250,8.0
ca,CA,55048408,3,2,251,8.0
ca,CA,55048408,3,2,252,8.0
ca,CA,55048408,3,2,253,8.0
ca,CA,55048408,3,2,254,8.0
ca,CA,55048408,3,2,255,8.0
ca,CA,55048408,3,2,256,8.0
ca,CA,55048408,3,2,257,8.0
ca,CA,55048408,3,2,258,8.0
ca,CA,55048408,3,2,259,8.0
ca,CA,55048408,3,2,260,8.0
ca,CA,55048408,3,2,261,8.0
ca,CA,55048408,3,2,262,8.0
ca,CA,55048408,3,2,263,8.0
ca,CA,55048408,3,2,264,8.0
ca,CA,55048408,3,2,265,8.0
ca,CA,55048408,3,2,266,8.0
ca,CA,55048408,3,2,267,8.0
ca,CA,55048408,3,2,268,8.0
ca,CA,55048408,3,2,269,8.0
ca,CA,55048408,3,2,270,8.0
ca,CA,55048408,3,2,271,8.0
ca,CA,55048408,3,2,272,7.0
ca,CA,55048408,3,2,273,7.0
ca,CA,55048408,3,2,274,7.0
ca,CA,55048408,3,2,275,7.0
ca,CA,55048408,3,2,276,7.0
ca,CA,55048408,3,2,277,7.0
ca,CA,55048408,3,2,278,7.0
ca,CA,55048408,3,2,279,7.0
ca,CA,55048408,3,2,280,7.0
ca,CA,55048408,3,2,281,7.0
ca,CA,55048408,3,2,282,7.0
ca,CA,55048408,3,2,283,7.0
ca,CA,55048408,3,2,284,7.0
ca,CA,55048408,3,2,285,7.0
ca,CA,55048408,3,2,286,7.0
ca,CA,55048408,3,2,287,7.0
ca,CA,55048408,3,2,288,6.0
ca,CA,55048408,3,2,289,6.0
ca,CA,55048408,3,2,290,6.0
ca,CA,55048408,3,2,291,6.0
ca,CA,55048408,3,2,292,6.0
ca,CA,55048408,3,2,293,6.0
ca,CA,55048408,3,2,294,6.0
ca,CA,55048408,3,2,295,6.0
ca,CA,55048408,3,2,296,6.0
ca,CA,55048408,3,2,297,6.0
ca,CA,55048408,3,2,298,6.0
ca,CA,55048408,3,2,299,6.0
ca,CA,55048408,3,2,300,6.0
ca,CA,55048408,3,2,301,6.0
ca,CA,55048408,3,2,302,6.0
ca,CA,55048408,3,2,303,6.0
ca,CA,55048408,3,2,304,6.0
ca,CA,55048408,3,2,305,6.0
ca,CA,55048408,3,2,306,6.0
ca,CA,55048408,3,2,307,6.0
ca,CA,55048408,3,2,308,6.0
ca,CA,55048408,3,2,309,6.0
ca,CA,55048408,3,2,310,6.0
ca,CA,55048408,3,2,311,6.0
ca,CA,55048408,3,2,312,5.0
ca,CA,55048408,3,2,313,5.0
ca,CA,55048408,3,2,314,5.0
ca,CA,55048408,3,2,315,5.0
ca,CA,55048408,3,2,316,5.0
ca,CA,55048408,3,2,317,5.0
ca,CA,55048408,3,2,318,5.0
ca,CA,55048408,3,2,319,5.0
ca,CA,55048408,3,2,320,4.0
ca,CA,55048408,3,2,321,4.0
ca,CA,55048408,3,2,322,4.0
ca,CA,55048408,3,2,323,4.0
ca,CA,55048408,3,2,324,4.0
ca,CA,55048408,3,2,325,4.0
ca,CA,55048408,3,2,326,4.0
ca,CA,55048408,3,2,327,4.0
ca,CA,55048408,3,2,328,3.0
ca,CA,55048408,3,2,329,3.0
ca,CA,55048408,3,2,330,3.0
ca,CA,55048408,3,2,331,3.0
ca,CA,55048408,3,2,332,3.0
ca,CA,55048408,3,2,333,3.0
ca,CA,55048408,3,2,334,3.0
ca,CA,55048408,3,2,335,3.0
ca,CA,55048408,3,2,336,2.0
ca,CA,55048408,3,2,337,2.0
ca,CA,55048408,3,2,338,2.0
ca,CA,55048408,3,2,339,2.0
ca,CA,55048408,3,2,340,2.0
ca,CA,55048408,3,2,341,2.0
ca,CA,55048408,3,2,342,2.0
ca,CA,55048408,3,2,343,2.0
ca,CA,55048408,3,2,344,2.0
ca,CA,55048408,3,2,345,2.0
ca,CA,55048408,3,2,346,2.0
ca,CA,55048408,3,2,347,2.0
ca,CA,55048408,3,2,348,1.0
ca,CA,55048408,3,2,349,1.0
ca,CA,55048408,3,2,350,1.0
ca,CA,55048408,3,2,351,1.0
ca,CA,55048408,3,2,352,1.0
ca,CA,55048408,3,2,353,1.0
ca,CA,55048408,3,2,354,1.0
ca,CA,55048408,3,2,355,1.0
ca,CA,979986572,0,0,0,16.0
ca,CA,979986572,0,0,1,16.0
ca,CA,979986572,0,0,2,16.0
ca,CA,979986572,0,0,3,16.0
ca,CA,979986572,0,0,4,16.0
ca,CA,979986572,0,0,5,16.0
ca,CA,979986572,0,0,6,16.0
ca,CA,979986572,0,0,7,16.0
ca,CA,979986572,0,0,8,16.0
ca,CA,979986572,0,0,9,16.0
ca,CA,979986572,0,0,10,16.0
ca,CA,979986572,0,0,11,16.0
ca,CA,979986572,0,0,12,16.0
ca,CA,979986572,0,0,13,16.0
ca,CA,979986572,0,0,14,16.0
ca,CA,979986572,0,0,15,16.0
ca,CA,979986572,0,0,16,16.0
ca,CA,979986572,0,0,17,16.0
ca,CA,979986572,0,0,18,16.0
ca,CA,979986572,0,0,19,16.0
ca,CA,979986572,0,0,20,16.0
ca,CA,979986572,0,0,21,16.0
ca,CA,979986572,0,0,22,16.0
ca,CA,979986572,0,0,23,16.0
ca,CA,979986572,0,0,24,16.0
ca,CA,979986572,0,0,25,16.0
ca,CA,979986572,0,0,26,16.0
ca,CA,979986572,0,0,27,16.0
ca,CA,979986572,0,0,28,15.0
ca,CA,979986572,0,0,29,15.0
ca,CA,979986572,0,0,30,15.0
ca,CA,979986572,0,0,31,15.0
ca,CA,979986572,0,0,32,11.0
ca,CA,979986572,0,0,33,11.0
ca,CA,979986572,0,0,34,11.0
ca,CA,979986572,0,0,35,11.0
ca,CA,979986572,0,0,36,11.0
ca,CA,979986572,0,0,37,11.0
ca,CA,979986572,0,0,38,11.0
ca,CA,979986572,0,0,39,11.0
ca,CA,979986572,0,0,40,11.0
ca,CA,979986572,0,0,41,11.0
ca,CA,979986572,0,0,42,11.0
ca,CA,979986572,0,0,43,11.0
ca,CA,979986572,0,0,44,11.0
ca,CA,979986572,0,0,45,11.0
ca,CA,979986572,0,0,46,11.0
ca,CA,979986572,0,0,47,11.0
ca,CA,979986572,0,0,48,11.0
ca,CA,979986572,0,0,49,11.0
ca,CA,979986572,0,0,50,11.0
ca,CA,979986572,0,0,51,11.0
ca,CA,979986572,0,0,52,11.0
ca,CA,979986572,0,0,53,11.0
ca,CA,979986572,0,0,54,11.0
ca,CA,979986572,0,0,55,11.0
ca,CA,979986572,0,0,56,11.0
ca,CA,979986572,0,0,57,11.0
ca,CA,979986572,0,0,58,11.0
ca,CA,979986572,0,0,59,11.0
ca,CA,979986572,0,0,60,11.0
ca,CA,979986572,0,0,61,11.0
ca,CA,979986572,0,0,62,11.0
ca,CA,979986572,0,0,63,11.0
ca,CA,979986572,0,0,64,11.0
ca,CA,979986572,0,0,65,11.0
ca,CA,979986572,0,0,66,11.0
ca,CA,979986572,0,0,67,11.0
ca,CA,979986572,0,0,68,11.0
ca,CA,979986572,0,0,69,11.0
ca,CA,979986572,0,0,70,11.0
ca,CA,979986572,0,0,71,11.0
ca,CA,979986572,0,0,72,11.0
ca,CA,979986572,0,0,73,11.0
ca,CA,979986572,0,0,74,11.0
ca,CA,979986572,0,0,75,11.0
ca,CA,979986572,0,0,76,11.0
ca,CA,979986572,0,0,77,11.0
ca,CA,979986572,0,0,78,11.0
ca,CA,979986572,0,0,79,11.0
ca,CA,979986572,0,0,80,11.0
ca,CA,979986572,0,0,81,11.0
ca,CA,979986572,0,0,82,11.0
ca,CA,979986572,0,0,83,11.0
ca,CA,979986572,0,0,84,11.0
ca,CA,979986572,0,0,85,11.0
ca,CA,979986572,0,0,86,11.0
ca,CA,979986572,0,0,87,11.0
ca,CA,979986572,0,0,88,11.0
ca,CA,979986572,0,0,89,11.0
ca,CA,979986572,0,0,90,11.0
ca,CA,979986572,0,0,91,11.0
ca,CA,979986572,0,0,92,11.0
ca,CA,979986572,0,0,93,11.0
ca,CA,979986572,0,0,94,11.0
ca,CA,979986572,0,0,95,11.0
ca,CA,979986572,0,0,96,11.0
ca,CA,979986572,0,0,97,11.0
ca,CA,979986572,0,0,98,11.0
ca,CA,979986572,0,0,99,11.0
ca,CA,979986572,0,0,100,10.0
ca,CA,979986572,0,0,101,10.0
ca,CA,979986572,0,0,102,10.0
ca,CA,979986572,0,0,103,10.0
ca,CA,979986572,0,0,104,10.0
ca,CA,979986572,0,0,105,10.0
ca,CA,979986572,0,0,106,10.0
ca,CA,979986572,0,0,107,10.0
ca,CA,979986572,0,0,108,10.0
ca,CA,979986572,0,0,109,10.0
ca,CA,979986572,0,0,110,10.0
ca,CA,979986572,0,0,111,10.0
ca,CA,979986572,0,0,112,10.0
ca,CA,979986572,0,0,113,10.0
ca,CA,979986572,0,0,114,10.0
ca,CA,979986572,0,0,115,10.0
ca,CA,979986572,0,0,116,10.0
ca,CA,979986572,0,0,117,10.0
ca,CA,979986572,0,0,118,10.0
ca,CA,979986572,0,0,119,10.0
ca,CA,979986572,0,0,120,10.0
ca,CA,979986572,0,0,121,10.0
ca,CA,979986572,0,0,122,10.0
ca,CA,979986572,0,0,123,10.0
ca,CA,979986572,0,0,124,10.0
ca,CA,979986572,0,0,125,10.0
ca,CA,979986572,0,0,126,10.0
ca,CA,979986572,0,0,127,10.0
ca,CA,979986572,0,0,128,10.0
ca,CA,979986572,0,0,129,10.0
ca,CA,979986572,0,0,130,10.0
ca,CA,979986572,0,0,131,10.0
ca,CA,979986572,0,0,132,10.0
ca,CA,979986572,0,0,133,10.0
ca,CA,979986572,0,0,134,10.0
ca,CA,979986572,0,0,135,10.0
ca,CA,979986572,0,0,136,10.0
ca,CA,979986572,0,0,137,10.0
ca,CA,979986572,0,0,138,10.0
ca,CA,979986572,0,0,139,10.0
ca,CA,979986572,0,0,140,9.0
ca,CA,979986572,0,0,141,9.0
ca,CA,979986572,0,0,142,9.0
ca,CA,979986572,0,0,143,9.0
ca,CA,979986572,0,0,144,9.0
ca,CA,979986572,0,0,145,9.0
ca,CA,979986572,0,0,146,9.0
ca,CA,979986572,0,0,147,9.0
ca,CA,979986572,0,0,148,9.0
ca,CA,979986572,0,0,149,9.0
ca,CA,979986572,0,0,150,9.0
ca,CA,979986572,0,0,151,9.0
ca,CA,979986572,0,0,152,9.0
ca,CA,979986572,0,0,153,9.0
ca,CA,979986572,0,0,154,9.0
ca,CA,979986572,0,0,155,9.0
ca,CA,979986572,0,0,156,9.0
ca,CA,979986572,0,0,157,9.0
ca,CA,979986572,0,0,158,9.0
ca,CA,979986572,0,0,159,9.0
ca,CA,979986572,0,0,160,9.0
ca,CA,979986572,0,0,161,9.0
ca,CA,979986572,0,0,162,9.0
ca,CA,979986572,0,0,163,9.0
ca,CA,979986572,0,0,164,9.0
ca,CA,979986572,0,0,165,9.0
ca,CA,979986572,0,0,166,9.0
ca,CA,979986572,0,0,167,9.0
ca,CA,979986572,0,0,168,9.0
ca,CA,979986572,0,0,169,9.0
ca,CA,979986572,0,0,170,9.0
ca,CA,979986572,0,0,171,9.0
ca,CA,979986572,0,0,172,8.0
ca,CA,979986572,0,0,173,8.0
ca,CA,979986572,0,0,174,8.0
ca,CA,979986572,0,0,175,8.0
ca,CA,979986572,0,0,176,8.0
ca,CA,979986572,0,0,177,8.0
ca,CA,979986572,0,0,178,8.0
ca,CA,979986572,0,0,179,8.0
ca,CA,979986572,0,0,180,8.0
ca,CA,979986572,0,0,181,8.0
ca,CA,979986572,0,0,182,8.0
ca,CA,979986572,0,0,183,8.0
ca,CA,979986572,0,0,184,8.0
ca,CA,979986572,0,0,185,8.0
ca,CA,979986572,0,0,186,8.0
ca,CA,979986572,0,0,187,8.0
ca,CA,979986572,0,0,188,8.0
ca,CA,979986572,0,0,189,8.0
ca,CA,979986572,0,0,190,8.0
ca,CA,979986572,0,0,191,8.0
ca,CA,979986572,0,0,192,8.0
ca,CA,979986572,0,0,193,8.0
ca,CA,979986572,0,0,194,8.0
ca,CA,979986572,0,0,195,8.0
ca,CA,979986572,0,0,196,8.0
ca,CA,979986572,0,0,197,8.0
ca,CA,979986572,0,0,198,8.0
ca,CA,979986572,0,0,199,8.0
ca,CA,979986572,0,0,200,8.0
ca,CA,979986572,0,0,201,8.0
ca,CA,979986572,0,0,202,8.0
ca,CA,979986572,0,0,203,8.0
ca,CA,979986572,0,0,204,8.0
ca,CA,979986572,0,0,205,8.0
ca,CA,979986572,0,0,206,8.0
ca,CA,979986572,0,0,207,8.0
ca,CA,979986572,0,0,208,8.0
ca,CA,979986572,0,0,209,8.0
ca,CA,979986572,0,0,210,8.0
ca,CA,979986572,0,0,211,8.0
ca,CA,979986572,0,0,212,8.0
ca,CA,979986572,0,0,213,8.0
ca,CA,979986572,0,0,214,8.0
ca,CA,979986572,0,0,215,8.0
ca,CA,979986572,0,0,216,8.0
ca,CA,979986572,0,0,217,8.0
ca,CA,979986572,0,0,218,8.0
ca,CA,979986572,0,0,219,8.0
ca,CA,979986572,0,0,220,8.0
ca,CA,979986572,0,0,221,8.0
ca,CA,979986572,0,0,222,8.0
ca,CA,979986572,0,0,223,8.0
ca,CA,979986572,0,0,224,8.0
ca,CA,979986572,0,0,225,8.0
ca,CA,979986572,0,0,226,8.0
ca,CA,979986572,0,0,227,8.0
ca,CA,979986572,0,0,228,8.0
ca,CA,979986572,0,0,229,8.0
ca,CA,979986572,0,0,230,8.0
ca,CA,979986572,0,0,231,8.0
ca,CA,979986572,0,0,232,8.0
ca,CA,979986572,0,0,233,8.0
ca,CA,979986572,0,0,234,8.0
ca,CA,979986572,0,0,235,8.0
ca,CA,979986572,0,0,236,8.0
ca,CA,979986572,0,0,237,8.0
ca,CA,979986572,0,0,238,8.0
ca,CA,979986572,0,0,239,8.0
ca,CA,979986572,0,0,240,8.0
ca,CA,979986572,0,0,241,8.0
ca,CA,979986572,0,0,242,8.0
ca,CA,979986572,0,0,243,8.0
ca,CA,979986572,0,0,244,8.0
ca,CA,979986572,0,0,245,8.0
ca,CA,979986572,0,0,246,8.0
ca,CA,979986572,0,0,247,8.0
ca,CA,979986572,0,0,248,8.0
ca,CA,979986572,0,0,249,8.0
ca,CA,979986572,0,0,250,8.0
ca,CA,979986572,0,0,251,8.0
ca,CA,979986572,0,0,252,8.0
ca,CA,979986572,0,0,253,8.0
ca,CA,979986572,0,0,254,8.0
ca,CA,979986572,0,0,255,8.0
ca,CA,979986572,0,0,256,8.0
ca,CA,979986572,0,0,257,8.0
ca,CA,979986572,0,0,258,8.0
ca,CA,979986572,0,0,259,8.0
ca,CA,979986572,0,0,260,8.0
ca,CA,979986572,0,0,261,8.0
ca,CA,979986572,0,0,262,8.0
ca,CA,979986572,0,0,263,8.0
ca,CA,979986572,0,0,264,8.0
ca,CA,979986572,0,0,265,8.0
ca,CA,979986572,0,0,266,8.0
ca,CA,979986572,0,0,267,8.0
ca,CA,979986572,0,0,268,8.0
ca,CA,979986572,0,0,269,8.0
ca,CA,979986572,0,0,270,8.0
ca,CA,979986572,0,0,271,8.0
ca,CA,979986572,0,0,272,7.0
ca,CA,979986572,0,0,273,7.0
ca,CA,979986572,0,0,274,7.0
ca,CA,979986572,0,0,275,7.0
ca,CA,979986572,0,0,276,7.0
ca,CA,979986572,0,0,277,7.0
ca,CA,979986572,0,0,278,7.0
ca,CA,979986572,0,0,279,7.0
ca,CA,979986572,0,0,280,7.0
ca,CA,979986572,0,0,281,7.0
ca,CA,979986572,0,0,282,7.0
ca,CA,979986572,0,0,283,7.0
ca,CA,979986572,0,0,284,7.0
ca,CA,979986572,0,0,285,7.0
ca,CA,979986572,0,0,286,7.0
ca,CA,979986572,0,0,287,7.0
ca,CA,979986572,0,0,288,6.0
ca,CA,979986572,0,0,289,6.0
ca,CA,979986572,0,0,290,6.0
ca,CA,979986572,0,0,291,6.0
ca,CA,979986572,0,0,292,6.0
ca,CA,979986572,0,0,293,6.0
ca,CA,979986572,0,0,294,6.0
ca,CA,979986572,0,0,295,6.0
ca,CA,979986572,0,0,296,6.0
ca,CA,979986572,0,0,297,6.0
ca,CA,979986572,0,0,298,6.0
ca,CA,979986572,0,0,299,6.0
ca,CA,979986572,0,0,300,6.0
ca,CA,979986572,0,0,301,6.0
ca,CA,979986572,0,0,302,6.0
ca,CA,979986572,0,0,303,6.0
ca,CA,979986572,0,0,304,6.0
ca,CA,979986572,0,0,305,6.0
ca,CA,979986572,0,0,306,6.0
ca,CA,979986572,0,0,307,6.0
ca,CA,979986572,0,0,308,6.0
ca,CA,979986572,0,0,309,6.0
ca,CA,979986572,0,0,310,6.0
ca,CA,979986572,0,0,311,6.0
ca,CA,979986572,0,0,312,5.0
ca,CA,979986572,0,0,313,5.0
ca,CA,979986572,0,0,314,5.0
ca,CA,979986572,0,0,315,5.0
ca,CA,979986572,0,0,316,5.0
ca,CA,979986572,0,0,317,5.0
ca,CA,979986572,0,0,318,5.0
ca,CA,979986572,0,0,319,5.0
ca,CA,979986572,0,0,320,4.0
ca,CA,979986572,0,0,321,4.0
ca,CA,979986572,0,0,322,4.0
ca,CA,979986572,0,0,323,4.0
ca,CA,979986572,0,0,324,4.0
ca,CA,979986572,0,0,325,4.0
ca,CA,979986572,0,0,326,4.0
ca,CA,979986572,0,0,327,4.0
ca,CA,979986572,0,0,328,3.0
ca,CA,979986572,0,0,329,3.0
ca,CA,979986572,0,0,330,3.0
ca,CA,979986572,0,0,331,3.0
ca,CA,979986572,0,0,332,3.0
ca,CA,979986572,0,0,333,3.0
ca,CA,979986572,0,0,334,3.0
ca,CA,979986572,0,0,335,3.0
ca,CA,979986572,0,0,336,2.0
ca,CA,979986572,0,0,337,2.0
ca,CA,979986572,0,0,338,2.0
ca,CA,979986572,0,0,339,2.0
ca,CA,979986572,0,0,340,2.0
ca,CA,979986572,0,0,341,2.0
ca,CA,979986572,0,0,342,2.0
ca,CA,979986572,0,0,343,2.0
ca,CA,979986572,0,0,344,2.0
ca,CA,979986572,0,0,345,2.0
ca,CA,979986572,0,0,346,2.0
ca,CA,979986572,0,0,347,2.0
ca,CA,979986572,0,0,348,1.0
ca,CA,979986572,0,0,349,1.0
ca,CA,979986572,0,0,350,1.0
ca,CA,979986572,0,0,351,1.0
ca,CA,979986572,0,0,352,1.0
ca,CA,979986572,0,0,353,1.0
ca,CA,979986572,0,0,354,1.0
ca,CA,979986572,0,0,355,1.0
ca,CA,979986572,0,1,0,16.0
ca,CA,979986572,0,1,1,16.0
ca,CA,979986572,0,1,2,16.0
ca,CA,979986572,0,1,3,16.0
ca,CA,979986572,0,1,4,16.0
ca,CA,979986572,0,1,5,16.0
ca,CA,979986572,0,1,6,16.0
ca,CA,979986572,0,1,7,16.0
ca,CA,979986572,0,1,8,16.0
ca,CA,979986572,0,1,9,16.0
ca,CA,979986572,0,1,10,16.0
ca,CA,979986572,0,1,11,16.0
ca,CA,979986572,0,1,12,16.0
ca,CA,979986572,0,1,13,16.0
ca,CA,979986572,0,1,14,16.0
ca,CA,979986572,0,1,15,16.0
ca,CA,979986572,0,1,16,16.0
ca,CA,979986572,0,1,17,16.0
ca,CA,979986572,0,1,18,16.0
ca,CA,979986572,0,1,19,16.0
ca,CA,979986572,0,1,20,16.0
ca,CA,979986572,0,1,21,16.0
ca,CA,979986572,0,1,22,16.0
ca,CA,979986572,0,1,23,16.0
ca,CA,979986572,0,1,24,16.0
ca,CA,979986572,0,1,25,16.0
ca,CA,979986572,0,1,26,16.0
ca,CA,979986572,0,1,27,16.0
ca,CA,979986572,0,1,28,15.0
ca,CA,979986572,0,1,29,15.0
ca,CA,979986572,0,1,30,15.0
ca,CA,979986572,0,1,31,15.0
ca,CA,979986572,0,1,32,11.0
ca,CA,979986572,0,1,33,11.0
ca,CA,979986572,0,1,34,11.0
ca,CA,979986572,0,1,35,11.0
ca,CA,979986572,0,1,36,11.0
ca,CA,979986572,0,1,37,11.0
ca,CA,979986572,0,1,38,11.0
ca,CA,979986572,0,1,39,11.0
ca,CA,979986572,0,1,40,11.0
ca,CA,979986572,0,1,41,11.0
ca,CA,979986572,0,1,42,11.0
ca,CA,979986572,0,1,43,11.0
ca,CA,979986572,0,1,44,11.0
ca,CA,979986572,0,1,45,11.0
ca,CA,979986572,0,1,46,11.0
ca,CA,979986572,0,1,47,11.0
ca,CA,979986572,0,1,48,11.0
ca,CA,979986572,0,1,49,11.0
ca,CA,979986572,0,1,50,11.0
ca,CA,979986572,0,1,51,11.0
ca,CA,979986572,0,1,52,11.0
ca,CA,979986572,0,1,53,11.0
ca,CA,979986572,0,1,54,11.0
ca,CA,979986572,0,1,55,11.0
ca,CA,979986572,0,1,56,11.0
ca,CA,979986572,0,1,57,11.0
ca,CA,979986572,0,1,58,11.0
ca,CA,979986572,0,1,59,11.0
ca,CA,979986572,0,1,60,11.0
ca,CA,979986572,0,1,61,11.0
ca,CA,979986572,0,1,62,11.0
ca,CA,979986572,0,1,63,11.0
ca,CA,979986572,0,1,64,11.0
ca,CA,979986572,0,1,65,11.0
ca,CA,979986572,0,1,66,11.0
ca,CA,979986572,0,1,67,11.0
ca,CA,979986572,0,1,68,11.0
ca,CA,979986572,0,1,69,11.0
ca,CA,979986572,0,1,70,11.0
ca,CA,979986572,0,1,71,11.0
ca,CA,979986572,0,1,72,11.0
ca,CA,979986572,0,1,73,11.0
ca,CA,979986572,0,1,74,11.0
ca,CA,979986572,0,1,75,11.0
ca,CA,979986572,0,1,76,11.0
ca,CA,979986572,0,1,77,11.0
ca,CA,979986572,0,1,78,11.0
ca,CA,979986572,0,1,79,11.0
ca,CA,979986572,0,1,80,11.0
ca,CA,979986572,0,1,81,11.0
ca,CA,979986572,0,1,82,11.0
ca,CA,979986572,0,1,83,11.0
ca,CA,979986572,0,1,84,11.0
ca,CA,979986572,0,1,85,11.0
ca,CA,979986572,0,1,86,11.0
ca,CA,979986572,0,1,87,11.0
ca,CA,979986572,0,1,88,11.0
ca,CA,979986572,0,1,89,11.0
ca,CA,979986572,0,1,90,11.0
ca,CA,979986572,0,1,91,11.0
ca,CA,979986572,0,1,92,11.0
ca,CA,979986572,0,1,93,11.0
ca,CA,979986572,0,1,94,11.0
ca,CA,979986572,0,1,95,11.0
ca,CA,979986572,0,1,96,11.0
ca,CA,979986572,0,1,97,11.0
ca,CA,979986572,0,1,98,11.0
ca,CA,979986572,0,1,99,11.0
ca,CA,979986572,0,1,100,10.0
ca,CA,979986572,0,1,101,10.0
ca,CA,979986572,0,1,102,10.0
ca,CA,979986572,0,1,103,10.0
ca,CA,979986572,0,1,104,10.0
ca,CA,979986572,0,1,105,10.0
ca,CA,979986572,0,1,106,10.0
ca,CA,979986572,0,1,107,10.0
ca,CA,979986572,0,1,108,10.0
ca,CA,979986572,0,1,109,10.0
ca,CA,979986572,0,1,110,10.0
ca,CA,979986572,0,1,111,10.0
ca,CA,979986572,0,1,112,10.0
ca,CA,979986572,0,1,113,10.0
ca,CA,979986572,0,1,114,10.0
ca,CA,979986572,0,1,115,10.0
ca,CA,979986572,0,1,116,10.0
ca,CA,979986572,0,1,117,10.0
ca,CA,979986572,0,1,118,10.0
ca,CA,979986572,0,1,119,10.0
ca,CA,979986572,0,1,120,10.0
ca,CA,979986572,0,1,121,10.0
ca,CA,979986572,0,1,122,10.0
ca,CA,979986572,0,1,123,10.0
ca,CA,979986572,0,1,124,10.0
ca,CA,979986572,0,1,125,10.0
ca,CA,979986572,0,1,126,10.0
ca,CA,979986572,0,1,127,10.0
ca,CA,979986572,0,1,128,10.0
ca,CA,979986572,0,1,129,10.0
ca,CA,979986572,0,1,130,10.0
ca,CA,979986572,0,1,131,10.0
ca,CA,979986572,0,1,132,10.0
ca,CA,979986572,0,1,133,10.0
ca,CA,979986572,0,1,134,10.0
ca,CA,979986572,0,1,135,10.0
ca,CA,979986572,0,1,136,10.0
ca,CA,979986572,0,1,137,10.0
ca,CA,979986572,0,1,138,10.0
ca,CA,979986572,0,1,139,10.0
ca,CA,979986572,0,1,140,9.0
ca,CA,979986572,0,1,141,9.0
ca,CA,979986572,0,1,142,9.0
ca,CA,979986572,0,1,143,9.0
ca,CA,979986572,0,1,144,9.0
ca,CA,979986572,0,1,145,9.0
ca,CA,979986572,0,1,146,9.0
ca,CA,979986572,0,1,147,9.0
ca,CA,979986572,0,1,148,9.0
ca,CA,979986572,0,1,149,9.0
ca,CA,979986572,0,1,150,9.0
ca,CA,979986572,0,1,151,9.0
ca,CA,979986572,0,1,152,9.0
ca,CA,979986572,0,1,153,9.0
ca,CA,979986572,0,1,154,9.0
ca,CA,979986572,0,1,155,9.0
ca,CA,979986572,0,1,156,9.0
ca,CA,979986572,0,1,157,9.0
ca,CA,979986572,0,1,158,9.0
ca,CA,979986572,0,1,159,9.0
ca,CA,979986572,0,1,160,9.0
ca,CA,979986572,0,1,161,9.0
ca,CA,979986572,0,1,162,9.0
ca,CA,979986572,0,1,163,9.0
ca,CA,979986572,0,1,164,9.0
ca,CA,979986572,0,1,165,9.0
ca,CA,979986572,0,1,166,9.0
ca,CA,979986572,0,1,167,9.0
ca,CA,979986572,0,1,168,9.0
ca,CA,979986572,0,1,169,9.0
ca,CA,979986572,0,1,170,9.0
ca,CA,979986572,0,1,171,9.0
ca,CA,979986572,0,1,172,8.0
ca,CA,979986572,0,1,173,8.0
ca,CA,979986572,0,1,174,8.0
ca,CA,979986572,0,1,175,8.0
ca,CA,979986572,0,1,176,8.0
ca,CA,979986572,0,1,177,8.0
ca,CA,979986572,0,1,178,8.0
ca,CA,979986572,0,1,179,8.0
ca,CA,979986572,0,1,180,8.0
ca,CA,979986572,0,1,181,8.0
ca,CA,979986572,0,1,182,8.0
ca,CA,979986572,0,1,183,8.0
ca,CA,979986572,0,1,184,8.0
ca,CA,979986572,0,1,185,8.0
ca,CA,979986572,0,1,186,8.0
ca,CA,979986572,0,1,187,8.0
ca,CA,979986572,0,1,188,8.0
ca,CA,979986572,0,1,189,8.0
ca,CA,979986572,0,1,190,8.0
ca,CA,979986572,0,1,191,8.0
ca,CA,979986572,0,1,192,8.0
ca,CA,979986572,0,1,193,8.0
ca,CA,979986572,0,1,194,8.0
ca,CA,979986572,0,1,195,8.0
ca,CA,979986572,0,1,196,8.0
ca,CA,979986572,0,1,197,8.0
ca,CA,979986572,0,1,198,8.0
ca,CA,979986572,0,1,199,8.0
ca,CA,979986572,0,1,200,8.0
ca,CA,979986572,0,1,201,8.0
ca,CA,979986572,0,1,202,8.0
ca,CA,979986572,0,1,203,8.0
ca,CA,979986572,0,1,204,8.0
ca,CA,979986572,0,1,205,8.0
ca,CA,979986572,0,1,206,8.0
ca,CA,979986572,0,1,207,8.0
ca,CA,979986572,0,1,208,8.0
ca,CA,979986572,0,1,209,8.0
ca,CA,979986572,0,1,210,8.0
ca,CA,979986572,0,1,211,8.0
ca,CA,979986572,0,1,212,8.0
ca,CA,979986572,0,1,213,8.0
ca,CA,979986572,0,1,214,8.0
ca,CA,979986572,0,1,215,8.0
ca,CA,979986572,0,1,216,8.0
ca,CA,979986572,0,1,217,8.0
ca,CA,979986572,0,1,218,8.0
ca,CA,979986572,0,1,219,8.0
ca,CA,979986572,0,1,220,8.0
ca,CA,979986572,0,1,221,8.0
ca,CA,979986572,0,1,222,8.0
ca,CA,979986572,0,1,223,8.0
ca,CA,979986572,0,1,224,8.0
ca,CA,979986572,0,1,225,8.0
ca,CA,979986572,0,1,226,8.0
ca,CA,979986572,0,1,227,8.0
ca,CA,979986572,0,1,228,8.0
ca,CA,979986572,0,1,229,8.0
ca,CA,979986572,0,1,230,8.0
ca,CA,979986572,0,1,231,8.0
ca,CA,979986572,0,1,232,8.0
ca,CA,979986572,0,1,233,8.0
ca,CA,979986572,0,1,234,8.0
ca,CA,979986572,0,1,235,8.0
ca,CA,979986572,0,1,236,8.0
ca,CA,979986572,0,1,237,8.0
ca,CA,979986572,0,1,238,8.0
ca,CA,979986572,0,1,239,8.0
ca,CA,979986572,0,1,240,8.0
ca,CA,979986572,0,1,241,8.0
ca,CA,979986572,0,1,242,8.0
ca,CA,979986572,0,1,243,8.0
ca,CA,979986572,0,1,244,8.0
ca,CA,979986572,0,1,245,8.0
ca,CA,979986572,0,1,246,8.0
ca,CA,979986572,0,1,247,8.0
ca,CA,979986572,0,1,248,8.0
ca,CA,979986572,0,1,249,8.0
ca,CA,979986572,0,1,250,8.0
ca,CA,979986572,0,1,251,8.0
ca,CA,979986572,0,1,252,8.0
ca,CA,979986572,0,1,253,8.0
ca,CA,979986572,0,1,254,8.0
ca,CA,979986572,0,1,255,8.0
ca,CA,979986572,0,1,256,8.0
ca,CA,979986572,0,1,257,8.0
ca,CA,979986572,0,1,258,8.0
ca,CA,979986572,0,1,259,8.0
ca,CA,979986572,0,1,260,8.0
ca,CA,979986572,0,1,261,8.0
ca,CA,979986572,0,1,262,8.0
ca,CA,979986572,0,1,263,8.0
ca,CA,979986572,0,1,264,8.0
ca,CA,979986572,0,1,265,8.0
ca,CA,979986572,0,1,266,8.0
ca,CA,979986572,0,1,267,8.0
ca,CA,979986572,0,1,268,8.0
ca,CA,979986572,0,1,269,8.0
ca,CA,979986572,0,1,270,8.0
ca,CA,979986572,0,1,271,8.0
ca,CA,979986572,0,1,272,7.0
ca,CA,979986572,0,1,273,7.0
ca,CA,979986572,0,1,274,7.0
ca,CA,979986572,0,1,275,7.0
ca,CA,979986572,0,1,276,7.0
ca,CA,979986572,0,1,277,7.0
ca,CA,979986572,0,1,278,7.0
ca,CA,979986572,0,1,279,7.0
ca,CA,979986572,0,1,280,7.0
ca,CA,979986572,0,1,281,7.0
ca,CA,979986572,0,1,282,7.0
ca,CA,979986572,0,1,283,7.0
ca,CA,979986572,0,1,284,7.0
ca,CA,979986572,0,1,285,7.0
ca,CA,979986572,0,1,286,7.0
ca,CA,979986572,0,1,287,7.0
ca,CA,979986572,0,1,288,6.0
ca,CA,979986572,0,1,289,6.0
ca,CA,979986572,0,1,290,6.0
ca,CA,979986572,0,1,291,6.0
ca,CA,979986572,0,1,292,6.0
ca,CA,979986572,0,1,293,6.0
ca,CA,979986572,0,1,294,6.0
ca,CA,979986572,0,1,295,6.0
ca,CA,979986572,0,1,296,6.0
ca,CA,979986572,0,1,297,6.0
ca,CA,979986572,0,1,298,6.0
ca,CA,979986572,0,1,299,6.0
ca,CA,979986572,0,1,300,6.0
ca,CA,979986572,0,1,301,6.0
ca,CA,979986572,0,1,302,6.0
ca,CA,979986572,0,1,303,6.0
ca,CA,979986572,0,1,304,6.0
ca,CA,979986572,0,1,305,6.0
ca,CA,979986572,0,1,306,6.0
ca,CA,979986572,0,1,307,6.0
ca,CA,979986572,0,1,308,6.0
ca,CA,979986572,0,1,309,6.0
ca,CA,979986572,0,1,310,6.0
ca,CA,979986572,0,1,311,6.0
ca,CA,979986572,0,1,312,5.0
ca,CA,979986572,0,1,313,5.0
ca,CA,979986572,0,1,314,5.0
ca,CA,979986572,0,1,315,5.0
ca,CA,979986572,0,1,316,5.0
ca,CA,979986572,0,1,317,5.0
ca,CA,979986572,0,1,318,5.0
ca,CA,979986572,0,1,319,5.0
ca,CA,979986572,0,1,320,4.0
ca,CA,979986572,0,1,321,4.0
ca,CA,979986572,0,1,322,4.0
ca,CA,979986572,0,1,323,4.0
ca,CA,979986572,0,1,324,4.0
ca,CA,979986572,0,1,325,4.0
ca,CA,979986572,0,1,326,4.0
ca,CA,979986572,0,1,327,4.0
ca,CA,979986572,0,1,328,3.0
ca,CA,979986572,0,1,329,3.0
ca,CA,979986572,0,1,330,3.0
ca,CA,979986572,0,1,331,3.0
ca,CA,979986572,0,1,332,3.0
ca,CA,979986572,0,1,333,3.0
ca,CA,979986572,0,1,334,3.0
ca,CA,979986572,0,1,335,3.0
ca,CA,979986572,0,1,336,2.0
ca,CA,979986572,0,1,337,2.0
ca,CA,979986572,0,1,338,2.0
ca,CA,979986572,0,1,339,2.0
ca,CA,979986572,0,1,340,2.0
ca,CA,979986572,0,1,341,2.0
ca,CA,979986572,0,1,342,2.0
ca,CA,979986572,0,1,343,2.0
ca,CA,979986572,0,1,344,2.0
ca,CA,979986572,0,1,345,2.0
ca,CA,979986572,0,1,346,2.0
ca,CA,979986572,0,1,347,2.0
ca,CA,979986572,0,1,348,1.0
ca,CA,979986572,0,1,349,1.0
ca,CA,979986572,0,1,350,1.0
ca,CA,979986572,0,1,351,1.0
ca,CA,979986572,0,1,352,1.0
ca,CA,979986572,0,1,353,1.0
ca,CA,979986572,0,1,354,1.0
ca,CA,979986572,0,1,355,1.0
ca,CA,979986572,0,2,0,16.0
ca,CA,979986572,0,2,1,16.0
ca,CA,979986572,0,2,2,16.0
ca,CA,979986572,0,2,3,16.0
ca,CA,979986572,0,2,4,16.0
ca,CA,979986572,0,2,5,16.0
ca,CA,979986572,0,2,6,16.0
ca,CA,979986572,0,2,7,16.0
ca,CA,979986572,0,2,8,16.0
ca,CA,979986572,0,2,9,16.0
ca,CA,979986572,0,2,10,16.0
ca,CA,979986572,0,2,11,16.0
ca,CA,979986572,0,2,12,16.0
ca,CA,979986572,0,2,13,16.0
ca,CA,979986572,0,2,14,16.0
ca,CA,979986572,0,2,15,16.0
ca,CA,979986572,0,2,16,16.0
ca,CA,979986572,0,2,17,16.0
ca,CA,979986572,0,2,18,16.0
ca,CA,979986572,0,2,19,16.0
ca,CA,979986572,0,2,20,16.0
ca,CA,979986572,0,2,21,16.0
ca,CA,979986572,0,2,22,16.0
ca,CA,979986572,0,2,23,16.0
ca,CA,979986572,0,2,24,16.0
ca,CA,979986572,0,2,25,16.0
ca,CA,979986572,0,2,26,16.0
ca,CA,979986572,0,2,27,16.0
ca,CA,979986572,0,2,28,15.0
ca,CA,979986572,0,2,29,15.0
ca,CA,979986572,0,2,30,15.0
ca,CA,979986572,0,2,31,15.0
ca,CA,979986572,0,2,32,11.0
ca,CA,979986572,0,2,33,11.0
ca,CA,979986572,0,2,34,11.0
ca,CA,979986572,0,2,35,11.0
ca,CA,979986572,0,2,36,11.0
ca,CA,979986572,0,2,37,11.0
ca,CA,979986572,0,2,38,11.0
ca,CA,979986572,0,2,39,11.0
ca,CA,979986572,0,2,40,11.0
ca,CA,979986572,0,2,41,11.0
ca,CA,979986572,0,2,42,11.0
ca,CA,979986572,0,2,43,11.0
ca,CA,979986572,0,2,44,11.0
ca,CA,979986572,0,2,45,11.0
ca,CA,979986572,0,2,46,11.0
ca,CA,979986572,0,2,47,11.0
ca,CA,979986572,0,2,48,11.0
ca,CA,979986572,0,2,49,11.0
ca,CA,979986572,0,2,50,11.0
ca,CA,979986572,0,2,51,11.0
ca,CA,979986572,0,2,52,11.0
ca,CA,979986572,0,2,53,11.0
ca,CA,979986572,0,2,54,11.0
ca,CA,979986572,0,2,55,11.0
ca,CA,979986572,0,2,56,11.0
ca,CA,979986572,0,2,57,11.0
ca,CA,979986572,0,2,58,11.0
ca,CA,979986572,0,2,59,11.0
ca,CA,979986572,0,2,60,11.0
ca,CA,979986572,0,2,61,11.0
ca,CA,979986572,0,2,62,11.0
ca,CA,979986572,0,2,63,11.0
ca,CA,979986572,0,2,64,11.0
ca,CA,979986572,0,2,65,11.0
ca,CA,979986572,0,2,66,11.0
ca,CA,979986572,0,2,67,11.0
ca,CA,979986572,0,2,68,11.0
ca,CA,979986572,0,2,69,11.0
ca,CA,979986572,0,2,70,11.0
ca,CA,979986572,0,2,71,11.0
ca,CA,979986572,0,2,72,11.0
ca,CA,979986572,0,2,73,11.0
ca,CA,979986572,0,2,74,11.0
ca,CA,979986572,0,2,75,11.0
ca,CA,979986572,0,2,76,11.0
ca,CA,979986572,0,2,77,11.0
ca,CA,979986572,0,2,78,11.0
ca,CA,979986572,0,2,79,11.0
ca,CA,979986572,0,2,80,11.0
ca,CA,979986572,0,2,81,11.0
ca,CA,979986572,0,2,82,11.0
ca,CA,979986572,0,2,83,11.0
ca,CA,979986572,0,2,84,11.0
ca,CA,979986572,0,2,85,11.0
ca,CA,979986572,0,2,86,11.0
ca,CA,979986572,0,2,87,11.0
ca,CA,979986572,0,2,88,11.0
ca,CA,979986572,0,2,89,11.0
ca,CA,979986572,0,2,90,11.0
ca,CA,979986572,0,2,91,11.0
ca,CA,979986572,0,2,92,11.0
ca,CA,979986572,0,2,93,11.0
ca,CA,979986572,0,2,94,11.0
ca,CA,979986572,0,2,95,11.0
ca,CA,979986572,0,2,96,11.0
ca,CA,979986572,0,2,97,11.0
ca,CA,979986572,0,2,98,11.0
ca,CA,979986572,0,2,99,11.0
ca,CA,979986572,0,2,100,10.0
ca,CA,979986572,0,2,101,10.0
ca,CA,979986572,0,2,102,10.0
ca,CA,979986572,0,2,103,10.0
ca,CA,979986572,0,2,104,10.0
ca,CA,979986572,0,2,105,10.0
ca,CA,979986572,0,2,106,10.0
ca,CA,979986572,0,2,107,10.0
ca,CA,979986572,0,2,108,10.0
ca,CA,979986572,0,2,109,10.0
ca,CA,979986572,0,2,110,10.0
ca,CA,979986572,0,2,111,10.0
ca,CA,979986572,0,2,112,10.0
ca,CA,979986572,0,2,113,10.0
ca,CA,979986572,0,2,114,10.0
ca,CA,979986572,0,2,115,10.0
ca,CA,979986572,0,2,116,10.0
ca,CA,979986572,0,2,117,10.0
ca,CA,979986572,0,2,118,10.0
ca,CA,979986572,0,2,119,10.0
ca,CA,979986572,0,2,120,10.0
ca,CA,979986572,0,2,121,10.0
ca,CA,979986572,0,2,122,10.0
ca,CA,979986572,0,2,123,10.0
ca,CA,979986572,0,2,124,10.0
ca,CA,979986572,0,2,125,10.0
ca,CA,979986572,0,2,126,10.0
ca,CA,979986572,0,2,127,10.0
ca,CA,979986572,0,2,128,10.0
ca,CA,979986572,0,2,129,10.0
ca,CA,979986572,0,2,130,10.0
ca,CA,979986572,0,2,131,10.0
ca,CA,979986572,0,2,132,10.0
ca,CA,979986572,0,2,133,10.0
ca,CA,979986572,0,2,134,10.0
ca,CA,979986572,0,2,135,10.0
ca,CA,979986572,0,2,136,10.0
ca,CA,979986572,0,2,137,10.0
ca,CA,979986572,0,2,138,10.0
ca,CA,979986572,0,2,139,10.0
ca,CA,979986572,0,2,140,9.0
ca,CA,979986572,0,2,141,9.0
ca,CA,979986572,0,2,142,9.0
ca,CA,979986572,0,2,143,9.0
ca,CA,979986572,0,2,144,9.0
ca,CA,979986572,0,2,145,9.0
ca,CA,979986572,0,2,146,9.0
ca,CA,979986572,0,2,147,9.0
ca,CA,979986572,0,2,148,9.0
ca,CA,979986572,0,2,149,9.0
ca,CA,979986572,0,2,150,9.0
ca,CA,979986572,0,2,151,9.0
ca,CA,979986572,0,2,152,9.0
ca,CA,979986572,0,2,153,9.0
ca,CA,979986572,0,2,154,9.0
ca,CA,979986572,0,2,155,9.0
ca,CA,979986572,0,2,156,9.0
ca,CA,979986572,0,2,157,9.0
ca,CA,979986572,0,2,158,9.0
ca,CA,979986572,0,2,159,9.0
ca,CA,979986572,0,2,160,9.0
ca,CA,979986572,0,2,161,9.0
ca,CA,979986572,0,2,162,9.0
ca,CA,979986572,0,2,163,9.0
ca,CA,979986572,0,2,164,9.0
ca,CA,979986572,0,2,165,9.0
ca,CA,979986572,0,2,166,9.0
ca,CA,979986572,0,2,167,9.0
ca,CA,979986572,0,2,168,9.0
ca,CA,979986572,0,2,169,9.0
ca,CA,979986572,0,2,170,9.0
ca,CA,979986572,0,2,171,9.0
ca,CA,979986572,0,2,172,8.0
ca,CA,979986572,0,2,173,8.0
ca,CA,979986572,0,2,174,8.0
ca,CA,979986572,0,2,175,8.0
ca,CA,979986572,0,2,176,8.0
ca,CA,979986572,0,2,177,8.0
ca,CA,979986572,0,2,178,8.0
ca,CA,979986572,0,2,179,8.0
ca,CA,979986572,0,2,180,8.0
ca,CA,979986572,0,2,181,8.0
ca,CA,979986572,0,2,182,8.0
ca,CA,979986572,0,2,183,8.0
ca,CA,979986572,0,2,184,8.0
ca,CA,979986572,0,2,185,8.0
ca,CA,979986572,0,2,186,8.0
ca,CA,979986572,0,2,187,8.0
ca,CA,979986572,0,2,188,8.0
ca,CA,979986572,0,2,189,8.0
ca,CA,979986572,0,2,190,8.0
ca,CA,979986572,0,2,191,8.0
ca,CA,979986572,0,2,192,8.0
ca,CA,979986572,0,2,193,8.0
ca,CA,979986572,0,2,194,8.0
ca,CA,979986572,0,2,195,8.0
ca,CA,979986572,0,2,196,8.0
ca,CA,979986572,0,2,197,8.0
ca,CA,979986572,0,2,198,8.0
ca,CA,979986572,0,2,199,8.0
ca,CA,979986572,0,2,200,8.0
ca,CA,979986572,0,2,201,8.0
ca,CA,979986572,0,2,202,8.0
ca,CA,979986572,0,2,203,8.0
ca,CA,979986572,0,2,204,8.0
ca,CA,979986572,0,2,205,8.0
ca,CA,979986572,0,2,206,8.0
ca,CA,979986572,0,2,207,8.0
ca,CA,979986572,0,2,208,8.0
ca,CA,979986572,0,2,209,8.0
ca,CA,979986572,0,2,210,8.0
ca,CA,979986572,0,2,211,8.0
ca,CA,979986572,0,2,212,8.0
ca,CA,979986572,0,2,213,8.0
ca,CA,979986572,0,2,214,8.0
ca,CA,979986572,0,2,215,8.0
ca,CA,979986572,0,2,216,8.0
ca,CA,979986572,0,2,217,8.0
ca,CA,979986572,0,2,218,8.0
ca,CA,979986572,0,2,219,8.0
ca,CA,979986572,0,2,220,8.0
ca,CA,979986572,0,2,221,8.0
ca,CA,979986572,0,2,222,8.0
ca,CA,979986572,0,2,223,8.0
ca,CA,979986572,0,2,224,8.0
ca,CA,979986572,0,2,225,8.0
ca,CA,979986572,0,2,226,8.0
ca,CA,979986572,0,2,227,8.0
ca,CA,979986572,0,2,228,8.0
ca,CA,979986572,0,2,229,8.0
ca,CA,979986572,0,2,230,8.0
ca,CA,979986572,0,2,231,8.0
ca,CA,979986572,0,2,232,8.0
ca,CA,979986572,0,2,233,8.0
ca,CA,979986572,0,2,234,8.0
ca,CA,979986572,0,2,235,8.0
ca,CA,979986572,0,2,236,8.0
ca,CA,979986572,0,2,237,8.0
ca,CA,979986572,0,2,238,8.0
ca,CA,979986572,0,2,239,8.0
ca,CA,979986572,0,2,240,8.0
ca,CA,979986572,0,2,241,8.0
ca,CA,979986572,0,2,242,8.0
ca,CA,979986572,0,2,243,8.0
ca,CA,979986572,0,2,244,8.0
ca,CA,979986572,0,2,245,8.0
ca,CA,979986572,0,2,246,8.0
ca,CA,979986572,0,2,247,8.0
ca,CA,979986572,0,2,248,8.0
ca,CA,979986572,0,2,249,8.0
ca,CA,979986572,0,2,250,8.0
ca,CA,979986572,0,2,251,8.0
ca,CA,979986572,0,2,252,8.0
ca,CA,979986572,0,2,253,8.0
ca,CA,979986572,0,2,254,8.0
ca,CA,979986572,0,2,255,8.0
ca,CA,979986572,0,2,256,8.0
ca,CA,979986572,0,2,257,8.0
ca,CA,979986572,0,2,258,8.0
ca,CA,979986572,0,2,259,8.0
ca,CA,979986572,0,2,260,8.0
ca,CA,979986572,0,2,261,8.0
ca,CA,979986572,0,2,262,8.0
ca,CA,979986572,0,2,263,8.0
ca,CA,979986572,0,2,264,8.0
ca,CA,979986572,0,2,265,8.0
ca,CA,979986572,0,2,266,8.0
ca,CA,979986572,0,2,267,8.0
ca,CA,979986572,0,2,268,8.0
ca,CA,979986572,0,2,269,8.0
ca,CA,979986572,0,2,270,8.0
ca,CA,979986572,0,2,271,8.0
ca,CA,979986572,0,2,272,7.0
ca,CA,979986572,0,2,273,7.0
ca,CA,979986572,0,2,274,7.0
ca,CA,979986572,0,2,275,7.0
ca,CA,979986572,0,2,276,7.0
ca,CA,979986572,0,2,277,7.0
ca,CA,979986572,0,2,278,7.0
ca,CA,979986572,0,2,279,7.0
ca,CA,979986572,0,2,280,7.0
ca,CA,979986572,0,2,281,7.0
ca,CA,979986572,0,2,282,7.0
ca,CA,979986572,0,2,283,7.0
ca,CA,979986572,0,2,284,7.0
ca,CA,979986572,0,2,285,7.0
ca,CA,979986572,0,2,286,7.0
ca,CA,979986572,0,2,287,7.0
ca,CA,979986572,0,2,288,6.0
ca,CA,979986572,0,2,289,6.0
ca,CA,979986572,0,2,290,6.0
ca,CA,979986572,0,2,291,6.0
ca,CA,979986572,0,2,292,6.0
ca,CA,979986572,0,2,293,6.0
ca,CA,979986572,0,2,294,6.0
ca,CA,979986572,0,2,295,6.0
ca,CA,979986572,0,2,296,6.0
ca,CA,979986572,0,2,297,6.0
ca,CA,979986572,0,2,298,6.0
ca,CA,979986572,0,2,299,6.0
ca,CA,979986572,0,2,300,6.0
ca,CA,979986572,0,2,301,6.0
ca,CA,979986572,0,2,302,6.0
ca,CA,979986572,0,2,303,6.0
ca,CA,979986572,0,2,304,6.0
ca,CA,979986572,0,2,305,6.0
ca,CA,979986572,0,2,306,6.0
ca,CA,979986572,0,2,307,6.0
ca,CA,979986572,0,2,308,6.0
ca,CA,979986572,0,2,309,6.0
ca,CA,979986572,0,2,310,6.0
ca,CA,979986572,0,2,311,6.0
ca,CA,979986572,0,2,312,5.0
ca,CA,979986572,0,2,313,5.0
ca,CA,979986572,0,2,314,5.0
ca,CA,979986572,0,2,315,5.0
ca,CA,979986572,0,2,316,5.0
ca,CA,979986572,0,2,317,5.0
ca,CA,979986572,0,2,318,5.0
ca,CA,979986572,0,2,319,5.0
ca,CA,979986572,0,2,320,4.0
ca,CA,979986572,0,2,321,4.0
ca,CA,979986572,0,2,322,4.0
ca,CA,979986572,0,2,323,4.0
ca,CA,979986572,0,2,324,4.0
ca,CA,979986572,0,2,325,4.0
ca,CA,979986572,0,2,326,4.0
ca,CA,979986572,0,2,327,4.0
ca,CA,979986572,0,2,328,3.0
ca,CA,979986572,0,2,329,3.0
ca,CA,979986572,0,2,330,3.0
ca,CA,979986572,0,2,331,3.0
ca,CA,979986572,0,2,332,3.0
ca,CA,979986572,0,2,333,3.0
ca,CA,979986572,0,2,334,3.0
ca,CA,979986572,0,2,335,3.0
ca,CA,979986572,0,2,336,2.0
ca,CA,979986572,0,2,337,2.0
ca,CA,979986572,0,2,338,2.0
ca,CA,979986572,0,2,339,2.0
ca,CA,979986572,0,2,340,2.0
ca,CA,979986572,0,2,341,2.0
ca,CA,979986572,0,2,342,2.0
ca,CA,979986572,0,2,343,2.0
ca,CA,979986572,0,2,344,2.0
ca,CA,979986572,0,2,345,2.0
ca,CA,979986572,0,2,346,2.0
ca,CA,979986572,0,2,347,2.0
ca,CA,979986572,0,2,348,1.0
ca,CA,979986572,0,2,349,1.0
ca,CA,979986572,0,2,350,1.0
ca,CA,979986572,0,2,351,1.0
ca,CA,979986572,0,2,352,1.0
ca,CA,979986572,0,2,353,1.0
ca,CA,979986572,0,2,354,1.0
ca,CA,979986572,0,2,355,1.0
ca,CA,979986572,1,0,0,16.0
ca,CA,979986572,1,0,1,16.0
ca,CA,979986572,1,0,2,16.0
ca,CA,979986572,1,0,3,16.0
ca,CA,979986572,1,0,4,16.0
ca,CA,979986572,1,0,5,16.0
ca,CA,979986572,1,0,6,16.0
ca,CA,979986572,1,0,7,16.0
ca,CA,979986572,1,0,8,16.0
ca,CA,979986572,1,0,9,16.0
ca,CA,979986572,1,0,10,16.0
ca,CA,979986572,1,0,11,16.0
ca,CA,979986572,1,0,12,16.0
ca,CA,979986572,1,0,13,16.0
ca,CA,979986572,1,0,14,16.0
ca,CA,979986572,1,0,15,16.0
ca,CA,979986572,1,0,16,16.0
ca,CA,979986572,1,0,17,16.0
ca,CA,979986572,1,0,18,16.0
ca,CA,979986572,1,0,19,16.0
ca,CA,979986572,1,0,20,16.0
ca,CA,979986572,1,0,21,16.0
ca,CA,979986572,1,0,22,16.0
ca,CA,979986572,1,0,23,16.0
ca,CA,979986572,1,0,24,16.0
ca,CA,979986572,1,0,25,16.0
ca,CA,979986572,1,0,26,16.0
ca,CA,979986572,1,0,27,16.0
ca,CA,979986572,1,0,28,15.0
ca,CA,979986572,1,0,29,15.0
ca,CA,979986572,1,0,30,15.0
ca,CA,979986572,1,0,31,15.0
ca,CA,979986572,1,0,32,11.0
ca,CA,979986572,1,0,33,11.0
ca,CA,979986572,1,0,34,11.0
ca,CA,979986572,1,0,35,11.0
ca,CA,979986572,1,0,36,11.0
ca,CA,979986572,1,0,37,11.0
ca,CA,979986572,1,0,38,11.0
ca,CA,979986572,1,0,39,11.0
ca,CA,979986572,1,0,40,11.0
ca,CA,979986572,1,0,41,11.0
ca,CA,979986572,1,0,42,11.0
ca,CA,979986572,1,0,43,11.0
ca,CA,979986572,1,0,44,11.0
ca,CA,979986572,1,0,45,11.0
ca,CA,979986572,1,0,46,11.0
ca,CA,979986572,1,0,47,11.0
ca,CA,979986572,1,0,48,11.0
ca,CA,979986572,1,0,49,11.0
ca,CA,979986572,1,0,50,11.0
ca,CA,979986572,1,0,51,11.0
ca,CA,979986572,1,0,52,11.0
ca,CA,979986572,1,0,53,11.0
ca,CA,979986572,1,0,54,11.0
ca,CA,979986572,1,0,55,11.0
ca,CA,979986572,1,0,56,11.0
ca,CA,979986572,1,0,57,11.0
ca,CA,979986572,1,0,58,11.0
ca,CA,979986572,1,0,59,11.0
ca,CA,979986572,1,0,60,11.0
ca,CA,979986572,1,0,61,11.0
ca,CA,979986572,1,0,62,11.0
ca,CA,979986572,1,0,63,11.0
ca,CA,979986572,1,0,64,11.0
ca,CA,979986572,1,0,65,11.0
ca,CA,979986572,1,0,66,11.0
ca,CA,979986572,1,0,67,11.0
ca,CA,979986572,1,0,68,11.0
ca,CA,979986572,1,0,69,11.0
ca,CA,979986572,1,0,70,11.0
ca,CA,979986572,1,0,71,11.0
ca,CA,979986572,1,0,72,11.0
ca,CA,979986572,1,0,73,11.0
ca,CA,979986572,1,0,74,11.0
ca,CA,979986572,1,0,75,11.0
ca,CA,979986572,1,0,76,11.0
ca,CA,979986572,1,0,77,11.0
ca,CA,979986572,1,0,78,11.0
ca,CA,979986572,1,0,79,11.0
ca,CA,979986572,1,0,80,11.0
ca,CA,979986572,1,0,81,11.0
ca,CA,979986572,1,0,82,11.0
ca,CA,979986572,1,0,83,11.0
ca,CA,979986572,1,0,84,11.0
ca,CA,979986572,1,0,85,11.0
ca,CA,979986572,1,0,86,11.0
ca,CA,979986572,1,0,87,11.0
ca,CA,979986572,1,0,88,11.0
ca,CA,979986572,1,0,89,11.0
ca,CA,979986572,1,0,90,11.0
ca,CA,979986572,1,0,91,11.0
ca,CA,979986572,1,0,92,11.0
ca,CA,979986572,1,0,93,11.0
ca,CA,979986572,1,0,94,11.0
ca,CA,979986572,1,0,95,11.0
ca,CA,979986572,1,0,96,11.0
ca,CA,979986572,1,0,97,11.0
ca,CA,979986572,1,0,98,11.0
ca,CA,979986572,1,0,99,11.0
ca,CA,979986572,1,0,100,10.0
ca,CA,979986572,1,0,101,10.0
ca,CA,979986572,1,0,102,10.0
ca,CA,979986572,1,0,103,10.0
ca,CA,979986572,1,0,104,10.0
ca,CA,979986572,1,0,105,10.0
ca,CA,979986572,1,0,106,10.0
ca,CA,979986572,1,0,107,10.0
ca,CA,979986572,1,0,108,10.0
ca,CA,979986572,1,0,109,10.0
ca,CA,979986572,1,0,110,10.0
ca,CA,979986572,1,0,111,10.0
ca,CA,979986572,1,0,112,10.0
ca,CA,979986572,1,0,113,10.0
ca,CA,979986572,1,0,114,10.0
ca,CA,979986572,1,0,115,10.0
ca,CA,979986572,1,0,116,10.0
ca,CA,979986572,1,0,117,10.0
ca,CA,979986572,1,0,118,10.0
ca,CA,979986572,1,0,119,10.0
ca,CA,979986572,1,0,120,10.0
ca,CA,979986572,1,0,121,10.0
ca,CA,979986572,1,0,122,10.0
ca,CA,979986572,1,0,123,10.0
ca,CA,979986572,1,0,124,10.0
ca,CA,979986572,1,0,125,10.0
ca,CA,979986572,1,0,126,10.0
ca,CA,979986572,1,0,127,10.0
ca,CA,979986572,1,0,128,10.0
ca,CA,979986572,1,0,129,10.0
ca,CA,979986572,1,0,130,10.0
ca,CA,979986572,1,0,131,10.0
ca,CA,979986572,1,0,132,10.0
ca,CA,979986572,1,0,133,10.0
ca,CA,979986572,1,0,134,10.0
ca,CA,979986572,1,0,135,10.0
ca,CA,979986572,1,0,136,10.0
ca,CA,979986572,1,0,137,10.0
ca,CA,979986572,1,0,138,10.0
ca,CA,979986572,1,0,139,10.0
ca,CA,979986572,1,0,140,9.0
ca,CA,979986572,1,0,141,9.0
ca,CA,979986572,1,0,142,9.0
ca,CA,979986572,1,0,143,9.0
ca,CA,979986572,1,0,144,9.0
ca,CA,979986572,1,0,145,9.0
ca,CA,979986572,1,0,146,9.0
ca,CA,979986572,1,0,147,9.0
ca,CA,979986572,1,0,148,9.0
ca,CA,979986572,1,0,149,9.0
ca,CA,979986572,1,0,150,9.0
ca,CA,979986572,1,0,151,9.0
ca,CA,979986572,1,0,152,9.0
ca,CA,979986572,1,0,153,9.0
ca,CA,979986572,1,0,154,9.0
ca,CA,979986572,1,0,155,9.0
ca,CA,979986572,1,0,156,9.0
ca,CA,979986572,1,0,157,9.0
ca,CA,979986572,1,0,158,9.0
ca,CA,979986572,1,0,159,9.0
ca,CA,979986572,1,0,160,9.0
ca,CA,979986572,1,0,161,9.0
ca,CA,979986572,1,0,162,9.0
ca,CA,979986572,1,0,163,9.0
ca,CA,979986572,1,0,164,9.0
ca,CA,979986572,1,0,165,9.0
ca,CA,979986572,1,0,166,9.0
ca,CA,979986572,1,0,167,9.0
ca,CA,979986572,1,0,168,9.0
ca,CA,979986572,1,0,169,9.0
ca,CA,979986572,1,0,170,9.0
ca,CA,979986572,1,0,171,9.0
ca,CA,979986572,1,0,172,8.0
ca,CA,979986572,1,0,173,8.0
ca,CA,979986572,1,0,174,8.0
ca,CA,979986572,1,0,175,8.0
ca,CA,979986572,1,0,176,8.0
ca,CA,979986572,1,0,177,8.0
ca,CA,979986572,1,0,178,8.0
ca,CA,979986572,1,0,179,8.0
ca,CA,979986572,1,0,180,8.0
ca,CA,979986572,1,0,181,8.0
ca,CA,979986572,1,0,182,8.0
ca,CA,979986572,1,0,183,8.0
ca,CA,979986572,1,0,184,8.0
ca,CA,979986572,1,0,185,8.0
ca,CA,979986572,1,0,186,8.0
ca,CA,979986572,1,0,187,8.0
ca,CA,979986572,1,0,188,8.0
ca,CA,979986572,1,0,189,8.0
ca,CA,979986572,1,0,190,8.0
ca,CA,979986572,1,0,191,8.0
ca,CA,979986572,1,0,192,8.0
ca,CA,979986572,1,0,193,8.0
ca,CA,979986572,1,0,194,8.0
ca,CA,979986572,1,0,195,8.0
ca,CA,979986572,1,0,196,8.0
ca,CA,979986572,1,0,197,8.0
ca,CA,979986572,1,0,198,8.0
ca,CA,979986572,1,0,199,8.0
ca,CA,979986572,1,0,200,8.0
ca,CA,979986572,1,0,201,8.0
ca,CA,979986572,1,0,202,8.0
ca,CA,979986572,1,0,203,8.0
ca,CA,979986572,1,0,204,8.0
ca,CA,979986572,1,0,205,8.0
ca,CA,979986572,1,0,206,8.0
ca,CA,979986572,1,0,207,8.0
ca,CA,979986572,1,0,208,8.0
ca,CA,979986572,1,0,209,8.0
ca,CA,979986572,1,0,210,8.0
ca,CA,979986572,1,0,211,8.0
ca,CA,979986572,1,0,212,8.0
ca,CA,979986572,1,0,213,8.0
ca,CA,979986572,1,0,214,8.0
ca,CA,979986572,1,0,215,8.0
ca,CA,979986572,1,0,216,8.0
ca,CA,979986572,1,0,217,8.0
ca,CA,979986572,1,0,218,8.0
ca,CA,979986572,1,0,219,8.0
ca,CA,979986572,1,0,220,8.0
ca,CA,979986572,1,0,221,8.0
ca,CA,979986572,1,0,222,8.0
ca,CA,979986572,1,0,223,8.0
ca,CA,979986572,1,0,224,8.0
ca,CA,979986572,1,0,225,8.0
ca,CA,979986572,1,0,226,8.0
ca,CA,979986572,1,0,227,8.0
ca,CA,979986572,1,0,228,8.0
ca,CA,979986572,1,0,229,8.0
ca,CA,979986572,1,0,230,8.0
ca,CA,979986572,1,0,231,8.0
ca,CA,979986572,1,0,232,8.0
ca,CA,979986572,1,0,233,8.0
ca,CA,979986572,1,0,234,8.0
ca,CA,979986572,1,0,235,8.0
ca,CA,979986572,1,0,236,8.0
ca,CA,979986572,1,0,237,8.0
ca,CA,979986572,1,0,238,8.0
ca,CA,979986572,1,0,239,8.0
ca,CA,979986572,1,0,240,8.0
ca,CA,979986572,1,0,241,8.0
ca,CA,979986572,1,0,242,8.0
ca,CA,979986572,1,0,243,8.0
ca,CA,979986572,1,0,244,8.0
ca,CA,979986572,1,0,245,8.0
ca,CA,979986572,1,0,246,8.0
ca,CA,979986572,1,0,247,8.0
ca,CA,979986572,1,0,248,8.0
ca,CA,979986572,1,0,249,8.0
ca,CA,979986572,1,0,250,8.0
ca,CA,979986572,1,0,251,8.0
ca,CA,979986572,1,0,252,8.0
ca,CA,979986572,1,0,253,8.0
ca,CA,979986572,1,0,254,8.0
ca,CA,979986572,1,0,255,8.0
ca,CA,979986572,1,0,256,8.0
ca,CA,979986572,1,0,257,8.0
ca,CA,979986572,1,0,258,8.0
ca,CA,979986572,1,0,259,8.0
ca,CA,979986572,1,0,260,8.0
ca,CA,979986572,1,0,261,8.0
ca,CA,979986572,1,0,262,8.0
ca,CA,979986572,1,0,263,8.0
ca,CA,979986572,1,0,264,8.0
ca,CA,979986572,1,0,265,8.0
ca,CA,979986572,1,0,266,8.0
ca,CA,979986572,1,0,267,8.0
ca,CA,979986572,1,0,268,8.0
ca,CA,979986572,1,0,269,8.0
ca,CA,979986572,1,0,270,8.0
ca,CA,979986572,1,0,271,8.0
ca,CA,979986572,1,0,272,7.0
ca,CA,979986572,1,0,273,7.0
ca,CA,979986572,1,0,274,7.0
ca,CA,979986572,1,0,275,7.0
ca,CA,979986572,1,0,276,7.0
ca,CA,979986572,1,0,277,7.0
ca,CA,979986572,1,0,278,7.0
ca,CA,979986572,1,0,279,7.0
ca,CA,979986572,1,0,280,7.0
ca,CA,979986572,1,0,281,7.0
ca,CA,979986572,1,0,282,7.0
ca,CA,979986572,1,0,283,7.0
ca,CA,979986572,1,0,284,7.0
ca,CA,979986572,1,0,285,7.0
ca,CA,979986572,1,0,286,7.0
ca,CA,979986572,1,0,287,7.0
ca,CA,979986572,1,0,288,6.0
ca,CA,979986572,1,0,289,6.0
ca,CA,979986572,1,0,290,6.0
ca,CA,979986572,1,0,291,6.0
ca,CA,979986572,1,0,292,6.0
ca,CA,979986572,1,0,293,6.0
ca,CA,979986572,1,0,294,6.0
ca,CA,979986572,1,0,295,6.0
ca,CA,979986572,1,0,296,6.0
ca,CA,979986572,1,0,297,6.0
ca,CA,979986572,1,0,298,6.0
ca,CA,979986572,1,0,299,6.0
ca,CA,979986572,1,0,300,6.0
ca,CA,979986572,1,0,301,6.0
ca,CA,979986572,1,0,302,6.0
ca,CA,979986572,1,0,303,6.0
ca,CA,979986572,1,0,304,6.0
ca,CA,979986572,1,0,305,6.0
ca,CA,979986572,1,0,306,6.0
ca,CA,979986572,1,0,307,6.0
ca,CA,979986572,1,0,308,6.0
ca,CA,979986572,1,0,309,6.0
ca,CA,979986572,1,0,310,6.0
ca,CA,979986572,1,0,311,6.0
ca,CA,979986572,1,0,312,5.0
ca,CA,979986572,1,0,313,5.0
ca,CA,979986572,1,0,314,5.0
ca,CA,979986572,1,0,315,5.0
ca,CA,979986572,1,0,316,5.0
ca,CA,979986572,1,0,317,5.0
ca,CA,979986572,1,0,318,5.0
ca,CA,979986572,1,0,319,5.0
ca,CA,979986572,1,0,320,4.0
ca,CA,979986572,1,0,321,4.0
ca,CA,979986572,1,0,322,4.0
ca,CA,979986572,1,0,323,4.0
ca,CA,979986572,1,0,324,4.0
ca,CA,979986572,1,0,325,4.0
ca,CA,979986572,1,0,326,4.0
ca,CA,979986572,1,0,327,4.0
ca,CA,979986572,1,0,328,3.0
ca,CA,979986572,1,0,329,3.0
ca,CA,979986572,1,0,330,3.0
ca,CA,979986572,1,0,331,3.0
ca,CA,979986572,1,0,332,3.0
ca,CA,979986572,1,0,333,3.0
ca,CA,979986572,1,0,334,3.0
ca,CA,979986572,1,0,335,3.0
ca,CA,979986572,1,0,336,2.0
ca,CA,979986572,1,0,337,2.0
ca,CA,979986572,1,0,338,2.0
ca,CA,979986572,1,0,339,2.0
ca,CA,979986572,1,0,340,2.0
ca,CA,979986572,1,0,341,2.0
ca,CA,979986572,1,0,342,2.0
ca,CA,979986572,1,0,343,2.0
ca,CA,979986572,1,0,344,2.0
ca,CA,979986572,1,0,345,2.0
ca,CA,979986572,1,0,346,2.0
ca,CA,979986572,1,0,347,2.0
ca,CA,979986572,1,0,348,1.0
ca,CA,979986572,1,0,349,1.0
ca,CA,979986572,1,0,350,1.0
ca,CA,979986572,1,0,351,1.0
ca,CA,979986572,1,0,352,1.0
ca,CA,979986572,1,0,353,1.0
ca,CA,979986572,1,0,354,1.0
ca,CA,979986572,1,0,355,1.0
ca,CA,979986572,1,1,0,16.0
ca,CA,979986572,1,1,1,16.0
ca,CA,979986572,1,1,2,16.0
ca,CA,979986572,1,1,3,16.0
ca,CA,979986572,1,1,4,16.0
ca,CA,979986572,1,1,5,16.0
ca,CA,979986572,1,1,6,16.0
ca,CA,979986572,1,1,7,16.0
ca,CA,979986572,1,1,8,16.0
ca,CA,979986572,1,1,9,16.0
ca,CA,979986572,1,1,10,16.0
ca,CA,979986572,1,1,11,16.0
ca,CA,979986572,1,1,12,16.0
ca,CA,979986572,1,1,13,16.0
ca,CA,979986572,1,1,14,16.0
ca,CA,979986572,1,1,15,16.0
ca,CA,979986572,1,1,16,16.0
ca,CA,979986572,1,1,17,16.0
ca,CA,979986572,1,1,18,16.0
ca,CA,979986572,1,1,19,16.0
ca,CA,979986572,1,1,20,16.0
ca,CA,979986572,1,1,21,16.0
ca,CA,979986572,1,1,22,16.0
ca,CA,979986572,1,1,23,16.0
ca,CA,979986572,1,1,24,16.0
ca,CA,979986572,1,1,25,16.0
ca,CA,979986572,1,1,26,16.0
ca,CA,979986572,1,1,27,16.0
ca,CA,979986572,1,1,28,15.0
ca,CA,979986572,1,1,29,15.0
ca,CA,979986572,1,1,30,15.0
ca,CA,979986572,1,1,31,15.0
ca,CA,979986572,1,1,32,11.0
ca,CA,979986572,1,1,33,11.0
ca,CA,979986572,1,1,34,11.0
ca,CA,979986572,1,1,35,11.0
ca,CA,979986572,1,1,36,11.0
ca,CA,979986572,1,1,37,11.0
ca,CA,979986572,1,1,38,11.0
ca,CA,979986572,1,1,39,11.0
ca,CA,979986572,1,1,40,11.0
ca,CA,979986572,1,1,41,11.0
ca,CA,979986572,1,1,42,11.0
ca,CA,979986572,1,1,43,11.0
ca,CA,979986572,1,1,44,11.0
ca,CA,979986572,1,1,45,11.0
ca,CA,979986572,1,1,46,11.0
ca,CA,979986572,1,1,47,11.0
ca,CA,979986572,1,1,48,11.0
ca,CA,979986572,1,1,49,11.0
ca,CA,979986572,1,1,50,11.0
ca,CA,979986572,1,1,51,11.0
ca,CA,979986572,1,1,52,11.0
ca,CA,979986572,1,1,53,11.0
ca,CA,979986572,1,1,54,11.0
ca,CA,979986572,1,1,55,11.0
ca,CA,979986572,1,1,56,11.0
ca,CA,979986572,1,1,57,11.0
ca,CA,979986572,1,1,58,11.0
ca,CA,979986572,1,1,59,11.0
ca,CA,979986572,1,1,60,11.0
ca,CA,979986572,1,1,61,11.0
ca,CA,979986572,1,1,62,11.0
ca,CA,979986572,1,1,63,11.0
ca,CA,979986572,1,1,64,11.0
ca,CA,979986572,1,1,65,11.0
ca,CA,979986572,1,1,66,11.0
ca,CA,979986572,1,1,67,11.0
ca,CA,979986572,1,1,68,11.0
ca,CA,979986572,1,1,69,11.0
ca,CA,979986572,1,1,70,11.0
ca,CA,979986572,1,1,71,11.0
ca,CA,979986572,1,1,72,11.0
ca,CA,979986572,1,1,73,11.0
ca,CA,979986572,1,1,74,11.0
ca,CA,979986572,1,1,75,11.0
ca,CA,979986572,1,1,76,11.0
ca,CA,979986572,1,1,77,11.0
ca,CA,979986572,1,1,78,11.0
ca,CA,979986572,1,1,79,11.0
ca,CA,979986572,1,1,80,11.0
ca,CA,979986572,1,1,81,11.0
ca,CA,979986572,1,1,82,11.0
ca,CA,979986572,1,1,83,11.0
ca,CA,979986572,1,1,84,11.0
ca,CA,979986572,1,1,85,11.0
ca,CA,979986572,1,1,86,11.0
ca,CA,979986572,1,1,87,11.0
ca,CA,979986572,1,1,88,11.0
ca,CA,979986572,1,1,89,11.0
ca,CA,979986572,1,1,90,11.0
ca,CA,979986572,1,1,91,11.0
ca,CA,979986572,1,1,92,11.0
ca,CA,979986572,1,1,93,11.0
ca,CA,979986572,1,1,94,11.0
ca,CA,979986572,1,1,95,11.0
ca,CA,979986572,1,1,96,11.0
ca,CA,979986572,1,1,97,11.0
ca,CA,979986572,1,1,98,11.0
ca,CA,979986572,1,1,99,11.0
ca,CA,979986572,1,1,100,10.0
ca,CA,979986572,1,1,101,10.0
ca,CA,979986572,1,1,102,10.0
ca,CA,979986572,1,1,103,10.0
ca,CA,979986572,1,1,104,10.0
ca,CA,979986572,1,1,105,10.0
ca,CA,979986572,1,1,106,10.0
ca,CA,979986572,1,1,107,10.0
ca,CA,979986572,1,1,108,10.0
ca,CA,979986572,1,1,109,10.0
ca,CA,979986572,1,1,110,10.0
ca,CA,979986572,1,1,111,10.0
ca,CA,979986572,1,1,112,10.0
ca,CA,979986572,1,1,113,10.0
ca,CA,979986572,1,1,114,10.0
ca,CA,979986572,1,1,115,10.0
ca,CA,979986572,1,1,116,10.0
ca,CA,979986572,1,1,117,10.0
ca,CA,979986572,1,1,118,10.0
ca,CA,979986572,1,1,119,10.0
ca,CA,979986572,1,1,120,10.0
ca,CA,979986572,1,1,121,10.0
ca,CA,979986572,1,1,122,10.0
ca,CA,979986572,1,1,123,10.0
ca,CA,979986572,1,1,124,10.0
ca,CA,979986572,1,1,125,10.0
ca,CA,979986572,1,1,126,10.0
ca,CA,979986572,1,1,127,10.0
ca,CA,979986572,1,1,128,10.0
ca,CA,979986572,1,1,129,10.0
ca,CA,979986572,1,1,130,10.0
ca,CA,979986572,1,1,131,10.0
ca,CA,979986572,1,1,132,10.0
ca,CA,979986572,1,1,133,10.0
ca,CA,979986572,1,1,134,10.0
ca,CA,979986572,1,1,135,10.0
ca,CA,979986572,1,1,136,10.0
ca,CA,979986572,1,1,137,10.0
ca,CA,979986572,1,1,138,10.0
ca,CA,979986572,1,1,139,10.0
ca,CA,979986572,1,1,140,9.0
ca,CA,979986572,1,1,141,9.0
ca,CA,979986572,1,1,142,9.0
ca,CA,979986572,1,1,143,9.0
ca,CA,979986572,1,1,144,9.0
ca,CA,979986572,1,1,145,9.0
ca,CA,979986572,1,1,146,9.0
ca,CA,979986572,1,1,147,9.0
ca,CA,979986572,1,1,148,9.0
ca,CA,979986572,1,1,149,9.0
ca,CA,979986572,1,1,150,9.0
ca,CA,979986572,1,1,151,9.0
ca,CA,979986572,1,1,152,9.0
ca,CA,979986572,1,1,153,9.0
ca,CA,979986572,1,1,154,9.0
ca,CA,979986572,1,1,155,9.0
ca,CA,979986572,1,1,156,9.0
ca,CA,979986572,1,1,157,9.0
ca,CA,979986572,1,1,158,9.0
ca,CA,979986572,1,1,159,9.0
ca,CA,979986572,1,1,160,9.0
ca,CA,979986572,1,1,161,9.0
ca,CA,979986572,1,1,162,9.0
ca,CA,979986572,1,1,163,9.0
ca,CA,979986572,1,1,164,9.0
ca,CA,979986572,1,1,165,9.0
ca,CA,979986572,1,1,166,9.0
ca,CA,979986572,1,1,167,9.0
ca,CA,979986572,1,1,168,9.0
ca,CA,979986572,1,1,169,9.0
ca,CA,979986572,1,1,170,9.0
ca,CA,979986572,1,1,171,9.0
ca,CA,979986572,1,1,172,8.0
ca,CA,979986572,1,1,173,8.0
ca,CA,979986572,1,1,174,8.0
ca,CA,979986572,1,1,175,8.0
ca,CA,979986572,1,1,176,8.0
ca,CA,979986572,1,1,177,8.0
ca,CA,979986572,1,1,178,8.0
ca,CA,979986572,1,1,179,8.0
ca,CA,979986572,1,1,180,8.0
ca,CA,979986572,1,1,181,8.0
ca,CA,979986572,1,1,182,8.0
ca,CA,979986572,1,1,183,8.0
ca,CA,979986572,1,1,184,8.0
ca,CA,979986572,1,1,185,8.0
ca,CA,979986572,1,1,186,8.0
ca,CA,979986572,1,1,187,8.0
ca,CA,979986572,1,1,188,8.0
ca,CA,979986572,1,1,189,8.0
ca,CA,979986572,1,1,190,8.0
ca,CA,979986572,1,1,191,8.0
ca,CA,979986572,1,1,192,8.0
ca,CA,979986572,1,1,193,8.0
ca,CA,979986572,1,1,194,8.0
ca,CA,979986572,1,1,195,8.0
ca,CA,979986572,1,1,196,8.0
ca,CA,979986572,1,1,197,8.0
ca,CA,979986572,1,1,198,8.0
ca,CA,979986572,1,1,199,8.0
ca,CA,979986572,1,1,200,8.0
ca,CA,979986572,1,1,201,8.0
ca,CA,979986572,1,1,202,8.0
ca,CA,979986572,1,1,203,8.0
ca,CA,979986572,1,1,204,8.0
ca,CA,979986572,1,1,205,8.0
ca,CA,979986572,1,1,206,8.0
ca,CA,979986572,1,1,207,8.0
ca,CA,979986572,1,1,208,8.0
ca,CA,979986572,1,1,209,8.0
ca,CA,979986572,1,1,210,8.0
ca,CA,979986572,1,1,211,8.0
ca,CA,979986572,1,1,212,8.0
ca,CA,979986572,1,1,213,8.0
ca,CA,979986572,1,1,214,8.0
ca,CA,979986572,1,1,215,8.0
ca,CA,979986572,1,1,216,8.0
ca,CA,979986572,1,1,217,8.0
ca,CA,979986572,1,1,218,8.0
ca,CA,979986572,1,1,219,8.0
ca,CA,979986572,1,1,220,8.0
ca,CA,979986572,1,1,221,8.0
ca,CA,979986572,1,1,222,8.0
ca,CA,979986572,1,1,223,8.0
ca,CA,979986572,1,1,224,8.0
ca,CA,979986572,1,1,225,8.0
ca,CA,979986572,1,1,226,8.0
ca,CA,979986572,1,1,227,8.0
ca,CA,979986572,1,1,228,8.0
ca,CA,979986572,1,1,229,8.0
ca,CA,979986572,1,1,230,8.0
ca,CA,979986572,1,1,231,8.0
ca,CA,979986572,1,1,232,8.0
ca,CA,979986572,1,1,233,8.0
ca,CA,979986572,1,1,234,8.0
ca,CA,979986572,1,1,235,8.0
ca,CA,979986572,1,1,236,8.0
ca,CA,979986572,1,1,237,8.0
ca,CA,979986572,1,1,238,8.0
ca,CA,979986572,1,1,239,8.0
ca,CA,979986572,1,1,240,8.0
ca,CA,979986572,1,1,241,8.0
ca,CA,979986572,1,1,242,8.0
ca,CA,979986572,1,1,243,8.0
ca,CA,979986572,1,1,244,8.0
ca,CA,979986572,1,1,245,8.0
ca,CA,979986572,1,1,246,8.0
ca,CA,979986572,1,1,247,8.0
ca,CA,979986572,1,1,248,8.0
ca,CA,979986572,1,1,249,8.0
ca,CA,979986572,1,1,250,8.0
ca,CA,979986572,1,1,251,8.0
ca,CA,979986572,1,1,252,8.0
ca,CA,979986572,1,1,253,8.0
ca,CA,979986572,1,1,254,8.0
ca,CA,979986572,1,1,255,8.0
ca,CA,979986572,1,1,256,8.0
ca,CA,979986572,1,1,257,8.0
ca,CA,979986572,1,1,258,8.0
ca,CA,979986572,1,1,259,8.0
ca,CA,979986572,1,1,260,8.0
ca,CA,979986572,1,1,261,8.0
ca,CA,979986572,1,1,262,8.0
ca,CA,979986572,1,1,263,8.0
ca,CA,979986572,1,1,264,8.0
ca,CA,979986572,1,1,265,8.0
ca,CA,979986572,1,1,266,8.0
ca,CA,979986572,1,1,267,8.0
ca,CA,979986572,1,1,268,8.0
ca,CA,979986572,1,1,269,8.0
ca,CA,979986572,1,1,270,8.0
ca,CA,979986572,1,1,271,8.0
ca,CA,979986572,1,1,272,7.0
ca,CA,979986572,1,1,273,7.0
ca,CA,979986572,1,1,274,7.0
ca,CA,979986572,1,1,275,7.0
ca,CA,979986572,1,1,276,7.0
ca,CA,979986572,1,1,277,7.0
ca,CA,979986572,1,1,278,7.0
ca,CA,979986572,1,1,279,7.0
ca,CA,979986572,1,1,280,7.0
ca,CA,979986572,1,1,281,7.0
ca,CA,979986572,1,1,282,7.0
ca,CA,979986572,1,1,283,7.0
ca,CA,979986572,1,1,284,7.0
ca,CA,979986572,1,1,285,7.0
ca,CA,979986572,1,1,286,7.0
ca,CA,979986572,1,1,287,7.0
ca,CA,979986572,1,1,288,6.0
ca,CA,979986572,1,1,289,6.0
ca,CA,979986572,1,1,290,6.0
ca,CA,979986572,1,1,291,6.0
ca,CA,979986572,1,1,292,6.0
ca,CA,979986572,1,1,293,6.0
ca,CA,979986572,1,1,294,6.0
ca,CA,979986572,1,1,295,6.0
ca,CA,979986572,1,1,296,6.0
ca,CA,979986572,1,1,297,6.0
ca,CA,979986572,1,1,298,6.0
ca,CA,979986572,1,1,299,6.0
ca,CA,979986572,1,1,300,6.0
ca,CA,979986572,1,1,301,6.0
ca,CA,979986572,1,1,302,6.0
ca,CA,979986572,1,1,303,6.0
ca,CA,979986572,1,1,304,6.0
ca,CA,979986572,1,1,305,6.0
ca,CA,979986572,1,1,306,6.0
ca,CA,979986572,1,1,307,6.0
ca,CA,979986572,1,1,308,6.0
ca,CA,979986572,1,1,309,6.0
ca,CA,979986572,1,1,310,6.0
ca,CA,979986572,1,1,311,6.0
ca,CA,979986572,1,1,312,5.0
ca,CA,979986572,1,1,313,5.0
ca,CA,979986572,1,1,314,5.0
ca,CA,979986572,1,1,315,5.0
ca,CA,979986572,1,1,316,5.0
ca,CA,979986572,1,1,317,5.0
ca,CA,979986572,1,1,318,5.0
ca,CA,979986572,1,1,319,5.0
ca,CA,979986572,1,1,320,4.0
ca,CA,979986572,1,1,321,4.0
ca,CA,979986572,1,1,322,4.0
ca,CA,979986572,1,1,323,4.0
ca,CA,979986572,1,1,324,4.0
ca,CA,979986572,1,1,325,4.0
ca,CA,979986572,1,1,326,4.0
ca,CA,979986572,1,1,327,4.0
ca,CA,979986572,1,1,328,3.0
ca,CA,979986572,1,1,329,3.0
ca,CA,979986572,1,1,330,3.0
ca,CA,979986572,1,1,331,3.0
ca,CA,979986572,1,1,332,3.0
ca,CA,979986572,1,1,333,3.0
ca,CA,979986572,1,1,334,3.0
ca,CA,979986572,1,1,335,3.0
ca,CA,979986572,1,1,336,2.0
ca,CA,979986572,1,1,337,2.0
ca,CA,979986572,1,1,338,2.0
ca,CA,979986572,1,1,339,2.0
ca,CA,979986572,1,1,340,2.0
ca,CA,979986572,1,1,341,2.0
ca,CA,979986572,1,1,342,2.0
ca,CA,979986572,1,1,343,2.0
ca,CA,979986572,1,1,344,2.0
ca,CA,979986572,1,1,345,2.0
ca,CA,979986572,1,1,346,2.0
ca,CA,979986572,1,1,347,2.0
ca,CA,979986572,1,1,348,1.0
ca,CA,979986572,1,1,349,1.0
ca,CA,979986572,1,1,350,1.0
ca,CA,979986572,1,1,351,1.0
ca,CA,979986572,1,1,352,1.0
ca,CA,979986572,1,1,353,1.0
ca,CA,979986572,1,1,354,1.0
ca,CA,979986572,1,1,355,1.0
ca,CA,979986572,1,2,0,16.0
ca,CA,979986572,1,2,1,16.0
ca,CA,979986572,1,2,2,16.0
ca,CA,979986572,1,2,3,16.0
ca,CA,979986572,1,2,4,16.0
ca,CA,979986572,1,2,5,16.0
ca,CA,979986572,1,2,6,16.0
ca,CA,979986572,1,2,7,16.0
ca,CA,979986572,1,2,8,16.0
ca,CA,979986572,1,2,9,16.0
ca,CA,979986572,1,2,10,16.0
ca,CA,979986572,1,2,11,16.0
ca,CA,979986572,1,2,12,16.0
ca,CA,979986572,1,2,13,16.0
ca,CA,979986572,1,2,14,16.0
ca,CA,979986572,1,2,15,16.0
ca,CA,979986572,1,2,16,16.0
ca,CA,979986572,1,2,17,16.0
ca,CA,979986572,1,2,18,16.0
ca,CA,979986572,1,2,19,16.0
ca,CA,979986572,1,2,20,16.0
ca,CA,979986572,1,2,21,16.0
ca,CA,979986572,1,2,22,16.0
ca,CA,979986572,1,2,23,16.0
ca,CA,979986572,1,2,24,16.0
ca,CA,979986572,1,2,25,16.0
ca,CA,979986572,1,2,26,16.0
ca,CA,979986572,1,2,27,16.0
ca,CA,979986572,1,2,28,15.0
ca,CA,979986572,1,2,29,15.0
ca,CA,979986572,1,2,30,15.0
ca,CA,979986572,1,2,31,15.0
ca,CA,979986572,1,2,32,11.0
ca,CA,979986572,1,2,33,11.0
ca,CA,979986572,1,2,34,11.0
ca,CA,979986572,1,2,35,11.0
ca,CA,979986572,1,2,36,11.0
ca,CA,979986572,1,2,37,11.0
ca,CA,979986572,1,2,38,11.0
ca,CA,979986572,1,2,39,11.0
ca,CA,979986572,1,2,40,11.0
ca,CA,979986572,1,2,41,11.0
ca,CA,979986572,1,2,42,11.0
ca,CA,979986572,1,2,43,11.0
ca,CA,979986572,1,2,44,11.0
ca,CA,979986572,1,2,45,11.0
ca,CA,979986572,1,2,46,11.0
ca,CA,979986572,1,2,47,11.0
ca,CA,979986572,1,2,48,11.0
ca,CA,979986572,1,2,49,11.0
ca,CA,979986572,1,2,50,11.0
ca,CA,979986572,1,2,51,11.0
ca,CA,979986572,1,2,52,11.0
ca,CA,979986572,1,2,53,11.0
ca,CA,979986572,1,2,54,11.0
ca,CA,979986572,1,2,55,11.0
ca,CA,979986572,1,2,56,11.0
ca,CA,979986572,1,2,57,11.0
ca,CA,979986572,1,2,58,11.0
ca,CA,979986572,1,2,59,11.0
ca,CA,979986572,1,2,60,11.0
ca,CA,979986572,1,2,61,11.0
ca,CA,979986572,1,2,62,11.0
ca,CA,979986572,1,2,63,11.0
ca,CA,979986572,1,2,64,11.0
ca,CA,979986572,1,2,65,11.0
ca,CA,979986572,1,2,66,11.0
ca,CA,979986572,1,2,67,11.0
ca,CA,979986572,1,2,68,11.0
ca,CA,979986572,1,2,69,11.0
ca,CA,979986572,1,2,70,11.0
ca,CA,979986572,1,2,71,11.0
ca,CA,979986572,1,2,72,11.0
ca,CA,979986572,1,2,73,11.0
ca,CA,979986572,1,2,74,11.0
ca,CA,979986572,1,2,75,11.0
ca,CA,979986572,1,2,76,11.0
ca,CA,979986572,1,2,77,11.0
ca,CA,979986572,1,2,78,11.0
ca,CA,979986572,1,2,79,11.0
ca,CA,979986572,1,2,80,11.0
ca,CA,979986572,1,2,81,11.0
ca,CA,979986572,1,2,82,11.0
ca,CA,979986572,1,2,83,11.0
ca,CA,979986572,1,2,84,11.0
ca,CA,979986572,1,2,85,11.0
ca,CA,979986572,1,2,86,11.0
ca,CA,979986572,1,2,87,11.0
ca,CA,979986572,1,2,88,11.0
ca,CA,979986572,1,2,89,11.0
ca,CA,979986572,1,2,90,11.0
ca,CA,979986572,1,2,91,11.0
ca,CA,979986572,1,2,92,11.0
ca,CA,979986572,1,2,93,11.0
ca,CA,979986572,1,2,94,11.0
ca,CA,979986572,1,2,95,11.0
ca,CA,979986572,1,2,96,11.0
ca,CA,979986572,1,2,97,11.0
ca,CA,979986572,1,2,98,11.0
ca,CA,979986572,1,2,99,11.0
ca,CA,979986572,1,2,100,10.0
ca,CA,979986572,1,2,101,10.0
ca,CA,979986572,1,2,102,10.0
ca,CA,979986572,1,2,103,10.0
ca,CA,979986572,1,2,104,10.0
ca,CA,979986572,1,2,105,10.0
ca,CA,979986572,1,2,106,10.0
ca,CA,979986572,1,2,107,10.0
ca,CA,979986572,1,2,108,10.0
ca,CA,979986572,1,2,109,10.0
ca,CA,979986572,1,2,110,10.0
ca,CA,979986572,1,2,111,10.0
ca,CA,979986572,1,2,112,10.0
ca,CA,979986572,1,2,113,10.0
ca,CA,979986572,1,2,114,10.0
ca,CA,979986572,1,2,115,10.0
ca,CA,979986572,1,2,116,10.0
ca,CA,979986572,1,2,117,10.0
ca,CA,979986572,1,2,118,10.0
ca,CA,979986572,1,2,119,10.0
ca,CA,979986572,1,2,120,10.0
ca,CA,979986572,1,2,121,10.0
ca,CA,979986572,1,2,122,10.0
ca,CA,979986572,1,2,123,10.0
ca,CA,979986572,1,2,124,10.0
ca,CA,979986572,1,2,125,10.0
ca,CA,979986572,1,2,126,10.0
ca,CA,979986572,1,2,127,10.0
ca,CA,979986572,1,2,128,10.0
ca,CA,979986572,1,2,129,10.0
ca,CA,979986572,1,2,130,10.0
ca,CA,979986572,1,2,131,10.0
ca,CA,979986572,1,2,132,10.0
ca,CA,979986572,1,2,133,10.0
ca,CA,979986572,1,2,134,10.0
ca,CA,979986572,1,2,135,10.0
ca,CA,979986572,1,2,136,10.0
ca,CA,979986572,1,2,137,10.0
ca,CA,979986572,1,2,138,10.0
ca,CA,979986572,1,2,139,10.0
ca,CA,979986572,1,2,140,9.0
ca,CA,979986572,1,2,141,9.0
ca,CA,979986572,1,2,142,9.0
ca,CA,979986572,1,2,143,9.0
ca,CA,979986572,1,2,144,9.0
ca,CA,979986572,1,2,145,9.0
ca,CA,979986572,1,2,146,9.0
ca,CA,979986572,1,2,147,9.0
ca,CA,979986572,1,2,148,9.0
ca,CA,979986572,1,2,149,9.0
ca,CA,979986572,1,2,150,9.0
ca,CA,979986572,1,2,151,9.0
ca,CA,979986572,1,2,152,9.0
ca,CA,979986572,1,2,153,9.0
ca,CA,979986572,1,2,154,9.0
ca,CA,979986572,1,2,155,9.0
ca,CA,979986572,1,2,156,9.0
ca,CA,979986572,1,2,157,9.0
ca,CA,979986572,1,2,158,9.0
ca,CA,979986572,1,2,159,9.0
ca,CA,979986572,1,2,160,9.0
ca,CA,979986572,1,2,161,9.0
ca,CA,979986572,1,2,162,9.0
ca,CA,979986572,1,2,163,9.0
ca,CA,979986572,1,2,164,9.0
ca,CA,979986572,1,2,165,9.0
ca,CA,979986572,1,2,166,9.0
ca,CA,979986572,1,2,167,9.0
ca,CA,979986572,1,2,168,9.0
ca,CA,979986572,1,2,169,9.0
ca,CA,979986572,1,2,170,9.0
ca,CA,979986572,1,2,171,9.0
ca,CA,979986572,1,2,172,8.0
ca,CA,979986572,1,2,173,8.0
ca,CA,979986572,1,2,174,8.0
ca,CA,979986572,1,2,175,8.0
ca,CA,979986572,1,2,176,8.0
ca,CA,979986572,1,2,177,8.0
ca,CA,979986572,1,2,178,8.0
ca,CA,979986572,1,2,179,8.0
ca,CA,979986572,1,2,180,8.0
ca,CA,979986572,1,2,181,8.0
ca,CA,979986572,1,2,182,8.0
ca,CA,979986572,1,2,183,8.0
ca,CA,979986572,1,2,184,8.0
ca,CA,979986572,1,2,185,8.0
ca,CA,979986572,1,2,186,8.0
ca,CA,979986572,1,2,187,8.0
ca,CA,979986572,1,2,188,8.0
ca,CA,979986572,1,2,189,8.0
ca,CA,979986572,1,2,190,8.0
ca,CA,979986572,1,2,191,8.0
ca,CA,979986572,1,2,192,8.0
ca,CA,979986572,1,2,193,8.0
ca,CA,979986572,1,2,194,8.0
ca,CA,979986572,1,2,195,8.0
ca,CA,979986572,1,2,196,8.0
ca,CA,979986572,1,2,197,8.0
ca,CA,979986572,1,2,198,8.0
ca,CA,979986572,1,2,199,8.0
ca,CA,979986572,1,2,200,8.0
ca,CA,979986572,1,2,201,8.0
ca,CA,979986572,1,2,202,8.0
ca,CA,979986572,1,2,203,8.0
ca,CA,979986572,1,2,204,8.0
ca,CA,979986572,1,2,205,8.0
ca,CA,979986572,1,2,206,8.0
ca,CA,979986572,1,2,207,8.0
ca,CA,979986572,1,2,208,8.0
ca,CA,979986572,1,2,209,8.0
ca,CA,979986572,1,2,210,8.0
ca,CA,979986572,1,2,211,8.0
ca,CA,979986572,1,2,212,8.0
ca,CA,979986572,1,2,213,8.0
ca,CA,979986572,1,2,214,8.0
ca,CA,979986572,1,2,215,8.0
ca,CA,979986572,1,2,216,8.0
ca,CA,979986572,1,2,217,8.0
ca,CA,979986572,1,2,218,8.0
ca,CA,979986572,1,2,219,8.0
ca,CA,979986572,1,2,220,8.0
ca,CA,979986572,1,2,221,8.0
ca,CA,979986572,1,2,222,8.0
ca,CA,979986572,1,2,223,8.0
ca,CA,979986572,1,2,224,8.0
ca,CA,979986572,1,2,225,8.0
ca,CA,979986572,1,2,226,8.0
ca,CA,979986572,1,2,227,8.0
ca,CA,979986572,1,2,228,8.0
ca,CA,979986572,1,2,229,8.0
ca,CA,979986572,1,2,230,8.0
ca,CA,979986572,1,2,231,8.0
ca,CA,979986572,1,2,232,8.0
ca,CA,979986572,1,2,233,8.0
ca,CA,979986572,1,2,234,8.0
ca,CA,979986572,1,2,235,8.0
ca,CA,979986572,1,2,236,8.0
ca,CA,979986572,1,2,237,8.0
ca,CA,979986572,1,2,238,8.0
ca,CA,979986572,1,2,239,8.0
ca,CA,979986572,1,2,240,8.0
ca,CA,979986572,1,2,241,8.0
ca,CA,979986572,1,2,242,8.0
ca,CA,979986572,1,2,243,8.0
ca,CA,979986572,1,2,244,8.0
ca,CA,979986572,1,2,245,8.0
ca,CA,979986572,1,2,246,8.0
ca,CA,979986572,1,2,247,8.0
ca,CA,979986572,1,2,248,8.0
ca,CA,979986572,1,2,249,8.0
ca,CA,979986572,1,2,250,8.0
ca,CA,979986572,1,2,251,8.0
ca,CA,979986572,1,2,252,8.0
ca,CA,979986572,1,2,253,8.0
ca,CA,979986572,1,2,254,8.0
ca,CA,979986572,1,2,255,8.0
ca,CA,979986572,1,2,256,8.0
ca,CA,979986572,1,2,257,8.0
ca,CA,979986572,1,2,258,8.0
ca,CA,979986572,1,2,259,8.0
ca,CA,979986572,1,2,260,8.0
ca,CA,979986572,1,2,261,8.0
ca,CA,979986572,1,2,262,8.0
ca,CA,979986572,1,2,263,8.0
ca,CA,979986572,1,2,264,8.0
ca,CA,979986572,1,2,265,8.0
ca,CA,979986572,1,2,266,8.0
ca,CA,979986572,1,2,267,8.0
ca,CA,979986572,1,2,268,8.0
ca,CA,979986572,1,2,269,8.0
ca,CA,979986572,1,2,270,8.0
ca,CA,979986572,1,2,271,8.0
ca,CA,979986572,1,2,272,7.0
ca,CA,979986572,1,2,273,7.0
ca,CA,979986572,1,2,274,7.0
ca,CA,979986572,1,2,275,7.0
ca,CA,979986572,1,2,276,7.0
ca,CA,979986572,1,2,277,7.0
ca,CA,979986572,1,2,278,7.0
ca,CA,979986572,1,2,279,7.0
ca,CA,979986572,1,2,280,7.0
ca,CA,979986572,1,2,281,7.0
ca,CA,979986572,1,2,282,7.0
ca,CA,979986572,1,2,283,7.0
ca,CA,979986572,1,2,284,7.0
ca,CA,979986572,1,2,285,7.0
ca,CA,979986572,1,2,286,7.0
ca,CA,979986572,1,2,287,7.0
ca,CA,979986572,1,2,288,6.0
ca,CA,979986572,1,2,289,6.0
ca,CA,979986572,1,2,290,6.0
ca,CA,979986572,1,2,291,6.0
ca,CA,979986572,1,2,292,6.0
ca,CA,979986572,1,2,293,6.0
ca,CA,979986572,1,2,294,6.0
ca,CA,979986572,1,2,295,6.0
ca,CA,979986572,1,2,296,6.0
ca,CA,979986572,1,2,297,6.0
ca,CA,979986572,1,2,298,6.0
ca,CA,979986572,1,2,299,6.0
ca,CA,979986572,1,2,300,6.0
ca,CA,979986572,1,2,301,6.0
ca,CA,979986572,1,2,302,6.0
ca,CA,979986572,1,2,303,6.0
ca,CA,979986572,1,2,304,6.0
ca,CA,979986572,1,2,305,6.0
ca,CA,979986572,1,2,306,6.0
ca,CA,979986572,1,2,307,6.0
ca,CA,979986572,1,2,308,6.0
ca,CA,979986572,1,2,309,6.0
ca,CA,979986572,1,2,310,6.0
ca,CA,979986572,1,2,311,6.0
ca,CA,979986572,1,2,312,5.0
ca,CA,979986572,1,2,313,5.0
ca,CA,979986572,1,2,314,5.0
ca,CA,979986572,1,2,315,5.0
ca,CA,979986572,1,2,316,5.0
ca,CA,979986572,1,2,317,5.0
ca,CA,979986572,1,2,318,5.0
ca,CA,979986572,1,2,319,5.0
ca,CA,979986572,1,2,320,4.0
ca,CA,979986572,1,2,321,4.0
ca,CA,979986572,1,2,322,4.0
ca,CA,979986572,1,2,323,4.0
ca,CA,979986572,1,2,324,4.0
ca,CA,979986572,1,2,325,4.0
ca,CA,979986572,1,2,326,4.0
ca,CA,979986572,1,2,327,4.0
ca,CA,979986572,1,2,328,3.0
ca,CA,979986572,1,2,329,3.0
ca,CA,979986572,1,2,330,3.0
ca,CA,979986572,1,2,331,3.0
ca,CA,979986572,1,2,332,3.0
ca,CA,979986572,1,2,333,3.0
ca,CA,979986572,1,2,334,3.0
ca,CA,979986572,1,2,335,3.0
ca,CA,979986572,1,2,336,2.0
ca,CA,979986572,1,2,337,2.0
ca,CA,979986572,1,2,338,2.0
ca,CA,979986572,1,2,339,2.0
ca,CA,979986572,1,2,340,2.0
ca,CA,979986572,1,2,341,2.0
ca,CA,979986572,1,2,342,2.0
ca,CA,979986572,1,2,343,2.0
ca,CA,979986572,1,2,344,2.0
ca,CA,979986572,1,2,345,2.0
ca,CA,979986572,1,2,346,2.0
ca,CA,979986572,1,2,347,2.0
ca,CA,979986572,1,2,348,1.0
ca,CA,979986572,1,2,349,1.0
ca,CA,979986572,1,2,350,1.0
ca,CA,979986572,1,2,351,1.0
ca,CA,979986572,1,2,352,1.0
ca,CA,979986572,1,2,353,1.0
ca,CA,979986572,1,2,354,1.0
ca,CA,979986572,1,2,355,1.0
ca,CA,979986572,2,0,0,16.0
ca,CA,979986572,2,0,1,16.0
ca,CA,979986572,2,0,2,16.0
ca,CA,979986572,2,0,3,16.0
ca,CA,979986572,2,0,4,16.0
ca,CA,979986572,2,0,5,16.0
ca,CA,979986572,2,0,6,16.0
ca,CA,979986572,2,0,7,16.0
ca,CA,979986572,2,0,8,16.0
ca,CA,979986572,2,0,9,16.0
ca,CA,979986572,2,0,10,16.0
ca,CA,979986572,2,0,11,16.0
ca,CA,979986572,2,0,12,16.0
ca,CA,979986572,2,0,13,16.0
ca,CA,979986572,2,0,14,16.0
ca,CA,979986572,2,0,15,16.0
ca,CA,979986572,2,0,16,16.0
ca,CA,979986572,2,0,17,16.0
ca,CA,979986572,2,0,18,16.0
ca,CA,979986572,2,0,19,16.0
ca,CA,979986572,2,0,20,16.0
ca,CA,979986572,2,0,21,16.0
ca,CA,979986572,2,0,22,16.0
ca,CA,979986572,2,0,23,16.0
ca,CA,979986572,2,0,24,16.0
ca,CA,979986572,2,0,25,16.0
ca,CA,979986572,2,0,26,16.0
ca,CA,979986572,2,0,27,16.0
ca,CA,979986572,2,0,28,15.0
ca,CA,979986572,2,0,29,15.0
ca,CA,979986572,2,0,30,15.0
ca,CA,979986572,2,0,31,15.0
ca,CA,979986572,2,0,32,11.0
ca,CA,979986572,2,0,33,11.0
ca,CA,979986572,2,0,34,11.0
ca,CA,979986572,2,0,35,11.0
ca,CA,979986572,2,0,36,11.0
ca,CA,979986572,2,0,37,11.0
ca,CA,979986572,2,0,38,11.0
ca,CA,979986572,2,0,39,11.0
ca,CA,979986572,2,0,40,11.0
ca,CA,979986572,2,0,41,11.0
ca,CA,979986572,2,0,42,11.0
ca,CA,979986572,2,0,43,11.0
ca,CA,979986572,2,0,44,11.0
ca,CA,979986572,2,0,45,11.0
ca,CA,979986572,2,0,46,11.0
ca,CA,979986572,2,0,47,11.0
ca,CA,979986572,2,0,48,11.0
ca,CA,979986572,2,0,49,11.0
ca,CA,979986572,2,0,50,11.0
ca,CA,979986572,2,0,51,11.0
ca,CA,979986572,2,0,52,11.0
ca,CA,979986572,2,0,53,11.0
ca,CA,979986572,2,0,54,11.0
ca,CA,979986572,2,0,55,11.0
ca,CA,979986572,2,0,56,11.0
ca,CA,979986572,2,0,57,11.0
ca,CA,979986572,2,0,58,11.0
ca,CA,979986572,2,0,59,11.0
ca,CA,979986572,2,0,60,11.0
ca,CA,979986572,2,0,61,11.0
ca,CA,979986572,2,0,62,11.0
ca,CA,979986572,2,0,63,11.0
ca,CA,979986572,2,0,64,11.0
ca,CA,979986572,2,0,65,11.0
ca,CA,979986572,2,0,66,11.0
ca,CA,979986572,2,0,67,11.0
ca,CA,979986572,2,0,68,11.0
ca,CA,979986572,2,0,69,11.0
ca,CA,979986572,2,0,70,11.0
ca,CA,979986572,2,0,71,11.0
ca,CA,979986572,2,0,72,11.0
ca,CA,979986572,2,0,73,11.0
ca,CA,979986572,2,0,74,11.0
ca,CA,979986572,2,0,75,11.0
ca,CA,979986572,2,0,76,11.0
ca,CA,979986572,2,0,77,11.0
ca,CA,979986572,2,0,78,11.0
ca,CA,979986572,2,0,79,11.0
ca,CA,979986572,2,0,80,11.0
ca,CA,979986572,2,0,81,11.0
ca,CA,979986572,2,0,82,11.0
ca,CA,979986572,2,0,83,11.0
ca,CA,979986572,2,0,84,11.0
ca,CA,979986572,2,0,85,11.0
ca,CA,979986572,2,0,86,11.0
ca,CA,979986572,2,0,87,11.0
ca,CA,979986572,2,0,88,11.0
ca,CA,979986572,2,0,89,11.0
ca,CA,979986572,2,0,90,11.0
ca,CA,979986572,2,0,91,11.0
ca,CA,979986572,2,0,92,11.0
ca,CA,979986572,2,0,93,11.0
ca,CA,979986572,2,0,94,11.0
ca,CA,979986572,2,0,95,11.0
ca,CA,979986572,2,0,96,11.0
ca,CA,979986572,2,0,97,11.0
ca,CA,979986572,2,0,98,11.0
ca,CA,979986572,2,0,99,11.0
ca,CA,979986572,2,0,100,10.0
ca,CA,979986572,2,0,101,10.0
ca,CA,979986572,2,0,102,10.0
ca,CA,979986572,2,0,103,10.0
ca,CA,979986572,2,0,104,10.0
ca,CA,979986572,2,0,105,10.0
ca,CA,979986572,2,0,106,10.0
ca,CA,979986572,2,0,107,10.0
ca,CA,979986572,2,0,108,10.0
ca,CA,979986572,2,0,109,10.0
ca,CA,979986572,2,0,110,10.0
ca,CA,979986572,2,0,111,10.0
ca,CA,979986572,2,0,112,10.0
ca,CA,979986572,2,0,113,10.0
ca,CA,979986572,2,0,114,10.0
ca,CA,979986572,2,0,115,10.0
ca,CA,979986572,2,0,116,10.0
ca,CA,979986572,2,0,117,10.0
ca,CA,979986572,2,0,118,10.0
ca,CA,979986572,2,0,119,10.0
ca,CA,979986572,2,0,120,10.0
ca,CA,979986572,2,0,121,10.0
ca,CA,979986572,2,0,122,10.0
ca,CA,979986572,2,0,123,10.0
ca,CA,979986572,2,0,124,10.0
ca,CA,979986572,2,0,125,10.0
ca,CA,979986572,2,0,126,10.0
ca,CA,979986572,2,0,127,10.0
ca,CA,979986572,2,0,128,10.0
ca,CA,979986572,2,0,129,10.0
ca,CA,979986572,2,0,130,10.0
ca,CA,979986572,2,0,131,10.0
ca,CA,979986572,2,0,132,10.0
ca,CA,979986572,2,0,133,10.0
ca,CA,979986572,2,0,134,10.0
ca,CA,979986572,2,0,135,10.0
ca,CA,979986572,2,0,136,10.0
ca,CA,979986572,2,0,137,10.0
ca,CA,979986572,2,0,138,10.0
ca,CA,979986572,2,0,139,10.0
ca,CA,979986572,2,0,140,9.0
ca,CA,979986572,2,0,141,9.0
ca,CA,979986572,2,0,142,9.0
ca,CA,979986572,2,0,143,9.0
ca,CA,979986572,2,0,144,9.0
ca,CA,979986572,2,0,145,9.0
ca,CA,979986572,2,0,146,9.0
ca,CA,979986572,2,0,147,9.0
ca,CA,979986572,2,0,148,9.0
ca,CA,979986572,2,0,149,9.0
ca,CA,979986572,2,0,150,9.0
ca,CA,979986572,2,0,151,9.0
ca,CA,979986572,2,0,152,9.0
ca,CA,979986572,2,0,153,9.0
ca,CA,979986572,2,0,154,9.0
ca,CA,979986572,2,0,155,9.0
ca,CA,979986572,2,0,156,9.0
ca,CA,979986572,2,0,157,9.0
ca,CA,979986572,2,0,158,9.0
ca,CA,979986572,2,0,159,9.0
ca,CA,979986572,2,0,160,9.0
ca,CA,979986572,2,0,161,9.0
ca,CA,979986572,2,0,162,9.0
ca,CA,979986572,2,0,163,9.0
ca,CA,979986572,2,0,164,9.0
ca,CA,979986572,2,0,165,9.0
ca,CA,979986572,2,0,166,9.0
ca,CA,979986572,2,0,167,9.0
ca,CA,979986572,2,0,168,9.0
ca,CA,979986572,2,0,169,9.0
ca,CA,979986572,2,0,170,9.0
ca,CA,979986572,2,0,171,9.0
ca,CA,979986572,2,0,172,8.0
ca,CA,979986572,2,0,173,8.0
ca,CA,979986572,2,0,174,8.0
ca,CA,979986572,2,0,175,8.0
ca,CA,979986572,2,0,176,8.0
ca,CA,979986572,2,0,177,8.0
ca,CA,979986572,2,0,178,8.0
ca,CA,979986572,2,0,179,8.0
ca,CA,979986572,2,0,180,8.0
ca,CA,979986572,2,0,181,8.0
ca,CA,979986572,2,0,182,8.0
ca,CA,979986572,2,0,183,8.0
ca,CA,979986572,2,0,184,8.0
ca,CA,979986572,2,0,185,8.0
ca,CA,979986572,2,0,186,8.0
ca,CA,979986572,2,0,187,8.0
ca,CA,979986572,2,0,188,8.0
ca,CA,979986572,2,0,189,8.0
ca,CA,979986572,2,0,190,8.0
ca,CA,979986572,2,0,191,8.0
ca,CA,979986572,2,0,192,8.0
ca,CA,979986572,2,0,193,8.0
ca,CA,979986572,2,0,194,8.0
ca,CA,979986572,2,0,195,8.0
ca,CA,979986572,2,0,196,8.0
ca,CA,979986572,2,0,197,8.0
ca,CA,979986572,2,0,198,8.0
ca,CA,979986572,2,0,199,8.0
ca,CA,979986572,2,0,200,8.0
ca,CA,979986572,2,0,201,8.0
ca,CA,979986572,2,0,202,8.0
ca,CA,979986572,2,0,203,8.0
ca,CA,979986572,2,0,204,8.0
ca,CA,979986572,2,0,205,8.0
ca,CA,979986572,2,0,206,8.0
ca,CA,979986572,2,0,207,8.0
ca,CA,979986572,2,0,208,8.0
ca,CA,979986572,2,0,209,8.0
ca,CA,979986572,2,0,210,8.0
ca,CA,979986572,2,0,211,8.0
ca,CA,979986572,2,0,212,8.0
ca,CA,979986572,2,0,213,8.0
ca,CA,979986572,2,0,214,8.0
ca,CA,979986572,2,0,215,8.0
ca,CA,979986572,2,0,216,8.0
ca,CA,979986572,2,0,217,8.0
ca,CA,979986572,2,0,218,8.0
ca,CA,979986572,2,0,219,8.0
ca,CA,979986572,2,0,220,8.0
ca,CA,979986572,2,0,221,8.0
ca,CA,979986572,2,0,222,8.0
ca,CA,979986572,2,0,223,8.0
ca,CA,979986572,2,0,224,8.0
ca,CA,979986572,2,0,225,8.0
ca,CA,979986572,2,0,226,8.0
ca,CA,979986572,2,0,227,8.0
ca,CA,979986572,2,0,228,8.0
ca,CA,979986572,2,0,229,8.0
ca,CA,979986572,2,0,230,8.0
ca,CA,979986572,2,0,231,8.0
ca,CA,979986572,2,0,232,8.0
ca,CA,979986572,2,0,233,8.0
ca,CA,979986572,2,0,234,8.0
ca,CA,979986572,2,0,235,8.0
ca,CA,979986572,2,0,236,8.0
ca,CA,979986572,2,0,237,8.0
ca,CA,979986572,2,0,238,8.0
ca,CA,979986572,2,0,239,8.0
ca,CA,979986572,2,0,240,8.0
ca,CA,979986572,2,0,241,8.0
ca,CA,979986572,2,0,242,8.0
ca,CA,979986572,2,0,243,8.0
ca,CA,979986572,2,0,244,8.0
ca,CA,979986572,2,0,245,8.0
ca,CA,979986572,2,0,246,8.0
ca,CA,979986572,2,0,247,8.0
ca,CA,979986572,2,0,248,8.0
ca,CA,979986572,2,0,249,8.0
ca,CA,979986572,2,0,250,8.0
ca,CA,979986572,2,0,251,8.0
ca,CA,979986572,2,0,252,8.0
ca,CA,979986572,2,0,253,8.0
ca,CA,979986572,2,0,254,8.0
ca,CA,979986572,2,0,255,8.0
ca,CA,979986572,2,0,256,8.0
ca,CA,979986572,2,0,257,8.0
ca,CA,979986572,2,0,258,8.0
ca,CA,979986572,2,0,259,8.0
ca,CA,979986572,2,0,260,8.0
ca,CA,979986572,2,0,261,8.0
ca,CA,979986572,2,0,262,8.0
ca,CA,979986572,2,0,263,8.0
ca,CA,979986572,2,0,264,8.0
ca,CA,979986572,2,0,265,8.0
ca,CA,979986572,2,0,266,8.0
ca,CA,979986572,2,0,267,8.0
ca,CA,979986572,2,0,268,8.0
ca,CA,979986572,2,0,269,8.0
ca,CA,979986572,2,0,270,8.0
ca,CA,979986572,2,0,271,8.0
ca,CA,979986572,2,0,272,7.0
ca,CA,979986572,2,0,273,7.0
ca,CA,979986572,2,0,274,7.0
ca,CA,979986572,2,0,275,7.0
ca,CA,979986572,2,0,276,7.0
ca,CA,979986572,2,0,277,7.0
ca,CA,979986572,2,0,278,7.0
ca,CA,979986572,2,0,279,7.0
ca,CA,979986572,2,0,280,7.0
ca,CA,979986572,2,0,281,7.0
ca,CA,979986572,2,0,282,7.0
ca,CA,979986572,2,0,283,7.0
ca,CA,979986572,2,0,284,7.0
ca,CA,979986572,2,0,285,7.0
ca,CA,979986572,2,0,286,7.0
ca,CA,979986572,2,0,287,7.0
ca,CA,979986572,2,0,288,6.0
ca,CA,979986572,2,0,289,6.0
ca,CA,979986572,2,0,290,6.0
ca,CA,979986572,2,0,291,6.0
ca,CA,979986572,2,0,292,6.0
ca,CA,979986572,2,0,293,6.0
ca,CA,979986572,2,0,294,6.0
ca,CA,979986572,2,0,295,6.0
ca,CA,979986572,2,0,296,6.0
ca,CA,979986572,2,0,297,6.0
ca,CA,979986572,2,0,298,6.0
ca,CA,979986572,2,0,299,6.0
ca,CA,979986572,2,0,300,6.0
ca,CA,979986572,2,0,301,6.0
ca,CA,979986572,2,0,302,6.0
ca,CA,979986572,2,0,303,6.0
ca,CA,979986572,2,0,304,6.0
ca,CA,979986572,2,0,305,6.0
ca,CA,979986572,2,0,306,6.0
ca,CA,979986572,2,0,307,6.0
ca,CA,979986572,2,0,308,6.0
ca,CA,979986572,2,0,309,6.0
ca,CA,979986572,2,0,310,6.0
ca,CA,979986572,2,0,311,6.0
ca,CA,979986572,2,0,312,5.0
ca,CA,979986572,2,0,313,5.0
ca,CA,979986572,2,0,314,5.0
ca,CA,979986572,2,0,315,5.0
ca,CA,979986572,2,0,316,5.0
ca,CA,979986572,2,0,317,5.0
ca,CA,979986572,2,0,318,5.0
ca,CA,979986572,2,0,319,5.0
ca,CA,979986572,2,0,320,4.0
ca,CA,979986572,2,0,321,4.0
ca,CA,979986572,2,0,322,4.0
ca,CA,979986572,2,0,323,4.0
ca,CA,979986572,2,0,324,4.0
ca,CA,979986572,2,0,325,4.0
ca,CA,979986572,2,0,326,4.0
ca,CA,979986572,2,0,327,4.0
ca,CA,979986572,2,0,328,3.0
ca,CA,979986572,2,0,329,3.0
ca,CA,979986572,2,0,330,3.0
ca,CA,979986572,2,0,331,3.0
ca,CA,979986572,2,0,332,3.0
ca,CA,979986572,2,0,333,3.0
ca,CA,979986572,2,0,334,3.0
ca,CA,979986572,2,0,335,3.0
ca,CA,979986572,2,0,336,2.0
ca,CA,979986572,2,0,337,2.0
ca,CA,979986572,2,0,338,2.0
ca,CA,979986572,2,0,339,2.0
ca,CA,979986572,2,0,340,2.0
ca,CA,979986572,2,0,341,2.0
ca,CA,979986572,2,0,342,2.0
ca,CA,979986572,2,0,343,2.0
ca,CA,979986572,2,0,344,2.0
ca,CA,979986572,2,0,345,2.0
ca,CA,979986572,2,0,346,2.0
ca,CA,979986572,2,0,347,2.0
ca,CA,979986572,2,0,348,1.0
ca,CA,979986572,2,0,349,1.0
ca,CA,979986572,2,0,350,1.0
ca,CA,979986572,2,0,351,1.0
ca,CA,979986572,2,0,352,1.0
ca,CA,979986572,2,0,353,1.0
ca,CA,979986572,2,0,354,1.0
ca,CA,979986572,2,0,355,1.0
ca,CA,979986572,2,1,0,16.0
ca,CA,979986572,2,1,1,16.0
ca,CA,979986572,2,1,2,16.0
ca,CA,979986572,2,1,3,16.0
ca,CA,979986572,2,1,4,16.0
ca,CA,979986572,2,1,5,16.0
ca,CA,979986572,2,1,6,16.0
ca,CA,979986572,2,1,7,16.0
ca,CA,979986572,2,1,8,16.0
ca,CA,979986572,2,1,9,16.0
ca,CA,979986572,2,1,10,16.0
ca,CA,979986572,2,1,11,16.0
ca,CA,979986572,2,1,12,16.0
ca,CA,979986572,2,1,13,16.0
ca,CA,979986572,2,1,14,16.0
ca,CA,979986572,2,1,15,16.0
ca,CA,979986572,2,1,16,16.0
ca,CA,979986572,2,1,17,16.0
ca,CA,979986572,2,1,18,16.0
ca,CA,979986572,2,1,19,16.0
ca,CA,979986572,2,1,20,16.0
ca,CA,979986572,2,1,21,16.0
ca,CA,979986572,2,1,22,16.0
ca,CA,979986572,2,1,23,16.0
ca,CA,979986572,2,1,24,16.0
ca,CA,979986572,2,1,25,16.0
ca,CA,979986572,2,1,26,16.0
ca,CA,979986572,2,1,27,16.0
ca,CA,979986572,2,1,28,15.0
ca,CA,979986572,2,1,29,15.0
ca,CA,979986572,2,1,30,15.0
ca,CA,979986572,2,1,31,15.0
ca,CA,979986572,2,1,32,11.0
ca,CA,979986572,2,1,33,11.0
ca,CA,979986572,2,1,34,11.0
ca,CA,979986572,2,1,35,11.0
ca,CA,979986572,2,1,36,11.0
ca,CA,979986572,2,1,37,11.0
ca,CA,979986572,2,1,38,11.0
ca,CA,979986572,2,1,39,11.0
ca,CA,979986572,2,1,40,11.0
ca,CA,979986572,2,1,41,11.0
ca,CA,979986572,2,1,42,11.0
ca,CA,979986572,2,1,43,11.0
ca,CA,979986572,2,1,44,11.0
ca,CA,979986572,2,1,45,11.0
ca,CA,979986572,2,1,46,11.0
ca,CA,979986572,2,1,47,11.0
ca,CA,979986572,2,1,48,11.0
ca,CA,979986572,2,1,49,11.0
ca,CA,979986572,2,1,50,11.0
ca,CA,979986572,2,1,51,11.0
ca,CA,979986572,2,1,52,11.0
ca,CA,979986572,2,1,53,11.0
ca,CA,979986572,2,1,54,11.0
ca,CA,979986572,2,1,55,11.0
ca,CA,979986572,2,1,56,11.0
ca,CA,979986572,2,1,57,11.0
ca,CA,979986572,2,1,58,11.0
ca,CA,979986572,2,1,59,11.0
ca,CA,979986572,2,1,60,11.0
ca,CA,979986572,2,1,61,11.0
ca,CA,979986572,2,1,62,11.0
ca,CA,979986572,2,1,63,11.0
ca,CA,979986572,2,1,64,11.0
ca,CA,979986572,2,1,65,11.0
ca,CA,979986572,2,1,66,11.0
ca,CA,979986572,2,1,67,11.0
ca,CA,979986572,2,1,68,11.0
ca,CA,979986572,2,1,69,11.0
ca,CA,979986572,2,1,70,11.0
ca,CA,979986572,2,1,71,11.0
ca,CA,979986572,2,1,72,11.0
ca,CA,979986572,2,1,73,11.0
ca,CA,979986572,2,1,74,11.0
ca,CA,979986572,2,1,75,11.0
ca,CA,979986572,2,1,76,11.0
ca,CA,979986572,2,1,77,11.0
ca,CA,979986572,2,1,78,11.0
ca,CA,979986572,2,1,79,11.0
ca,CA,979986572,2,1,80,11.0
ca,CA,979986572,2,1,81,11.0
ca,CA,979986572,2,1,82,11.0
ca,CA,979986572,2,1,83,11.0
ca,CA,979986572,2,1,84,11.0
ca,CA,979986572,2,1,85,11.0
ca,CA,979986572,2,1,86,11.0
ca,CA,979986572,2,1,87,11.0
ca,CA,979986572,2,1,88,11.0
ca,CA,979986572,2,1,89,11.0
ca,CA,979986572,2,1,90,11.0
ca,CA,979986572,2,1,91,11.0
ca,CA,979986572,2,1,92,11.0
ca,CA,979986572,2,1,93,11.0
ca,CA,979986572,2,1,94,11.0
ca,CA,979986572,2,1,95,11.0
ca,CA,979986572,2,1,96,11.0
ca,CA,979986572,2,1,97,11.0
ca,CA,979986572,2,1,98,11.0
ca,CA,979986572,2,1,99,11.0
ca,CA,979986572,2,1,100,10.0
ca,CA,979986572,2,1,101,10.0
ca,CA,979986572,2,1,102,10.0
ca,CA,979986572,2,1,103,10.0
ca,CA,979986572,2,1,104,10.0
ca,CA,979986572,2,1,105,10.0
ca,CA,979986572,2,1,106,10.0
ca,CA,979986572,2,1,107,10.0
ca,CA,979986572,2,1,108,10.0
ca,CA,979986572,2,1,109,10.0
ca,CA,979986572,2,1,110,10.0
ca,CA,979986572,2,1,111,10.0
ca,CA,979986572,2,1,112,10.0
ca,CA,979986572,2,1,113,10.0
ca,CA,979986572,2,1,114,10.0
ca,CA,979986572,2,1,115,10.0
ca,CA,979986572,2,1,116,10.0
ca,CA,979986572,2,1,117,10.0
ca,CA,979986572,2,1,118,10.0
ca,CA,979986572,2,1,119,10.0
ca,CA,979986572,2,1,120,10.0
ca,CA,979986572,2,1,121,10.0
ca,CA,979986572,2,1,122,10.0
ca,CA,979986572,2,1,123,10.0
ca,CA,979986572,2,1,124,10.0
ca,CA,979986572,2,1,125,10.0
ca,CA,979986572,2,1,126,10.0
ca,CA,979986572,2,1,127,10.0
ca,CA,979986572,2,1,128,10.0
ca,CA,979986572,2,1,129,10.0
ca,CA,979986572,2,1,130,10.0
ca,CA,979986572,2,1,131,10.0
ca,CA,979986572,2,1,132,10.0
ca,CA,979986572,2,1,133,10.0
ca,CA,979986572,2,1,134,10.0
ca,CA,979986572,2,1,135,10.0
ca,CA,979986572,2,1,136,10.0
ca,CA,979986572,2,1,137,10.0
ca,CA,979986572,2,1,138,10.0
ca,CA,979986572,2,1,139,10.0
ca,CA,979986572,2,1,140,9.0
ca,CA,979986572,2,1,141,9.0
ca,CA,979986572,2,1,142,9.0
ca,CA,979986572,2,1,143,9.0
ca,CA,979986572,2,1,144,9.0
ca,CA,979986572,2,1,145,9.0
ca,CA,979986572,2,1,146,9.0
ca,CA,979986572,2,1,147,9.0
ca,CA,979986572,2,1,148,9.0
ca,CA,979986572,2,1,149,9.0
ca,CA,979986572,2,1,150,9.0
ca,CA,979986572,2,1,151,9.0
ca,CA,979986572,2,1,152,9.0
ca,CA,979986572,2,1,153,9.0
ca,CA,979986572,2,1,154,9.0
ca,CA,979986572,2,1,155,9.0
ca,CA,979986572,2,1,156,9.0
ca,CA,979986572,2,1,157,9.0
ca,CA,979986572,2,1,158,9.0
ca,CA,979986572,2,1,159,9.0
ca,CA,979986572,2,1,160,9.0
ca,CA,979986572,2,1,161,9.0
ca,CA,979986572,2,1,162,9.0
ca,CA,979986572,2,1,163,9.0
ca,CA,979986572,2,1,164,9.0
ca,CA,979986572,2,1,165,9.0
ca,CA,979986572,2,1,166,9.0
ca,CA,979986572,2,1,167,9.0
ca,CA,979986572,2,1,168,9.0
ca,CA,979986572,2,1,169,9.0
ca,CA,979986572,2,1,170,9.0
ca,CA,979986572,2,1,171,9.0
ca,CA,979986572,2,1,172,8.0
ca,CA,979986572,2,1,173,8.0
ca,CA,979986572,2,1,174,8.0
ca,CA,979986572,2,1,175,8.0
ca,CA,979986572,2,1,176,8.0
ca,CA,979986572,2,1,177,8.0
ca,CA,979986572,2,1,178,8.0
ca,CA,979986572,2,1,179,8.0
ca,CA,979986572,2,1,180,8.0
ca,CA,979986572,2,1,181,8.0
ca,CA,979986572,2,1,182,8.0
ca,CA,979986572,2,1,183,8.0
ca,CA,979986572,2,1,184,8.0
ca,CA,979986572,2,1,185,8.0
ca,CA,979986572,2,1,186,8.0
ca,CA,979986572,2,1,187,8.0
ca,CA,979986572,2,1,188,8.0
ca,CA,979986572,2,1,189,8.0
ca,CA,979986572,2,1,190,8.0
ca,CA,979986572,2,1,191,8.0
ca,CA,979986572,2,1,192,8.0
ca,CA,979986572,2,1,193,8.0
ca,CA,979986572,2,1,194,8.0
ca,CA,979986572,2,1,195,8.0
ca,CA,979986572,2,1,196,8.0
ca,CA,979986572,2,1,197,8.0
ca,CA,979986572,2,1,198,8.0
ca,CA,979986572,2,1,199,8.0
ca,CA,979986572,2,1,200,8.0
ca,CA,979986572,2,1,201,8.0
ca,CA,979986572,2,1,202,8.0
ca,CA,979986572,2,1,203,8.0
ca,CA,979986572,2,1,204,8.0
ca,CA,979986572,2,1,205,8.0
ca,CA,979986572,2,1,206,8.0
ca,CA,979986572,2,1,207,8.0
ca,CA,979986572,2,1,208,8.0
ca,CA,979986572,2,1,209,8.0
ca,CA,979986572,2,1,210,8.0
ca,CA,979986572,2,1,211,8.0
ca,CA,979986572,2,1,212,8.0
ca,CA,979986572,2,1,213,8.0
ca,CA,979986572,2,1,214,8.0
ca,CA,979986572,2,1,215,8.0
ca,CA,979986572,2,1,216,8.0
ca,CA,979986572,2,1,217,8.0
ca,CA,979986572,2,1,218,8.0
ca,CA,979986572,2,1,219,8.0
ca,CA,979986572,2,1,220,8.0
ca,CA,979986572,2,1,221,8.0
ca,CA,979986572,2,1,222,8.0
ca,CA,979986572,2,1,223,8.0
ca,CA,979986572,2,1,224,8.0
ca,CA,979986572,2,1,225,8.0
ca,CA,979986572,2,1,226,8.0
ca,CA,979986572,2,1,227,8.0
ca,CA,979986572,2,1,228,8.0
ca,CA,979986572,2,1,229,8.0
ca,CA,979986572,2,1,230,8.0
ca,CA,979986572,2,1,231,8.0
ca,CA,979986572,2,1,232,8.0
ca,CA,979986572,2,1,233,8.0
ca,CA,979986572,2,1,234,8.0
ca,CA,979986572,2,1,235,8.0
ca,CA,979986572,2,1,236,8.0
ca,CA,979986572,2,1,237,8.0
ca,CA,979986572,2,1,238,8.0
ca,CA,979986572,2,1,239,8.0
ca,CA,979986572,2,1,240,8.0
ca,CA,979986572,2,1,241,8.0
ca,CA,979986572,2,1,242,8.0
ca,CA,979986572,2,1,243,8.0
ca,CA,979986572,2,1,244,8.0
ca,CA,979986572,2,1,245,8.0
ca,CA,979986572,2,1,246,8.0
ca,CA,979986572,2,1,247,8.0
ca,CA,979986572,2,1,248,8.0
ca,CA,979986572,2,1,249,8.0
ca,CA,979986572,2,1,250,8.0
ca,CA,979986572,2,1,251,8.0
ca,CA,979986572,2,1,252,8.0
ca,CA,979986572,2,1,253,8.0
ca,CA,979986572,2,1,254,8.0
ca,CA,979986572,2,1,255,8.0
ca,CA,979986572,2,1,256,8.0
ca,CA,979986572,2,1,257,8.0
ca,CA,979986572,2,1,258,8.0
ca,CA,979986572,2,1,259,8.0
ca,CA,979986572,2,1,260,8.0
ca,CA,979986572,2,1,261,8.0
ca,CA,979986572,2,1,262,8.0
ca,CA,979986572,2,1,263,8.0
ca,CA,979986572,2,1,264,8.0
ca,CA,979986572,2,1,265,8.0
ca,CA,979986572,2,1,266,8.0
ca,CA,979986572,2,1,267,8.0
ca,CA,979986572,2,1,268,8.0
ca,CA,979986572,2,1,269,8.0
ca,CA,979986572,2,1,270,8.0
ca,CA,979986572,2,1,271,8.0
ca,CA,979986572,2,1,272,7.0
ca,CA,979986572,2,1,273,7.0
ca,CA,979986572,2,1,274,7.0
ca,CA,979986572,2,1,275,7.0
ca,CA,979986572,2,1,276,7.0
ca,CA,979986572,2,1,277,7.0
ca,CA,979986572,2,1,278,7.0
ca,CA,979986572,2,1,279,7.0
ca,CA,979986572,2,1,280,7.0
ca,CA,979986572,2,1,281,7.0
ca,CA,979986572,2,1,282,7.0
ca,CA,979986572,2,1,283,7.0
ca,CA,979986572,2,1,284,7.0
ca,CA,979986572,2,1,285,7.0
ca,CA,979986572,2,1,286,7.0
ca,CA,979986572,2,1,287,7.0
ca,CA,979986572,2,1,288,6.0
ca,CA,979986572,2,1,289,6.0
ca,CA,979986572,2,1,290,6.0
ca,CA,979986572,2,1,291,6.0
ca,CA,979986572,2,1,292,6.0
ca,CA,979986572,2,1,293,6.0
ca,CA,979986572,2,1,294,6.0
ca,CA,979986572,2,1,295,6.0
ca,CA,979986572,2,1,296,6.0
ca,CA,979986572,2,1,297,6.0
ca,CA,979986572,2,1,298,6.0
ca,CA,979986572,2,1,299,6.0
ca,CA,979986572,2,1,300,6.0
ca,CA,979986572,2,1,301,6.0
ca,CA,979986572,2,1,302,6.0
ca,CA,979986572,2,1,303,6.0
ca,CA,979986572,2,1,304,6.0
ca,CA,979986572,2,1,305,6.0
ca,CA,979986572,2,1,306,6.0
ca,CA,979986572,2,1,307,6.0
ca,CA,979986572,2,1,308,6.0
ca,CA,979986572,2,1,309,6.0
ca,CA,979986572,2,1,310,6.0
ca,CA,979986572,2,1,311,6.0
ca,CA,979986572,2,1,312,5.0
ca,CA,979986572,2,1,313,5.0
ca,CA,979986572,2,1,314,5.0
ca,CA,979986572,2,1,315,5.0
ca,CA,979986572,2,1,316,5.0
ca,CA,979986572,2,1,317,5.0
ca,CA,979986572,2,1,318,5.0
ca,CA,979986572,2,1,319,5.0
ca,CA,979986572,2,1,320,4.0
ca,CA,979986572,2,1,321,4.0
ca,CA,979986572,2,1,322,4.0
ca,CA,979986572,2,1,323,4.0
ca,CA,979986572,2,1,324,4.0
ca,CA,979986572,2,1,325,4.0
ca,CA,979986572,2,1,326,4.0
ca,CA,979986572,2,1,327,4.0
ca,CA,979986572,2,1,328,3.0
ca,CA,979986572,2,1,329,3.0
ca,CA,979986572,2,1,330,3.0
ca,CA,979986572,2,1,331,3.0
ca,CA,979986572,2,1,332,3.0
ca,CA,979986572,2,1,333,3.0
ca,CA,979986572,2,1,334,3.0
ca,CA,979986572,2,1,335,3.0
ca,CA,979986572,2,1,336,2.0
ca,CA,979986572,2,1,337,2.0
ca,CA,979986572,2,1,338,2.0
ca,CA,979986572,2,1,339,2.0
ca,CA,979986572,2,1,340,2.0
ca,CA,979986572,2,1,341,2.0
ca,CA,979986572,2,1,342,2.0
ca,CA,979986572,2,1,343,2.0
ca,CA,979986572,2,1,344,2.0
ca,CA,979986572,2,1,345,2.0
ca,CA,979986572,2,1,346,2.0
ca,CA,979986572,2,1,347,2.0
ca,CA,979986572,2,1,348,1.0
ca,CA,979986572,2,1,349,1.0
ca,CA,979986572,2,1,350,1.0
ca,CA,979986572,2,1,351,1.0
ca,CA,979986572,2,1,352,1.0
ca,CA,979986572,2,1,353,1.0
ca,CA,979986572,2,1,354,1.0
ca,CA,979986572,2,1,355,1.0
ca,CA,979986572,2,2,0,16.0
ca,CA,979986572,2,2,1,16.0
ca,CA,979986572,2,2,2,16.0
ca,CA,979986572,2,2,3,16.0
ca,CA,979986572,2,2,4,16.0
ca,CA,979986572,2,2,5,16.0
ca,CA,979986572,2,2,6,16.0
ca,CA,979986572,2,2,7,16.0
ca,CA,979986572,2,2,8,16.0
ca,CA,979986572,2,2,9,16.0
ca,CA,979986572,2,2,10,16.0
ca,CA,979986572,2,2,11,16.0
ca,CA,979986572,2,2,12,16.0
ca,CA,979986572,2,2,13,16.0
ca,CA,979986572,2,2,14,16.0
ca,CA,979986572,2,2,15,16.0
ca,CA,979986572,2,2,16,16.0
ca,CA,979986572,2,2,17,16.0
ca,CA,979986572,2,2,18,16.0
ca,CA,979986572,2,2,19,16.0
ca,CA,979986572,2,2,20,16.0
ca,CA,979986572,2,2,21,16.0
ca,CA,979986572,2,2,22,16.0
ca,CA,979986572,2,2,23,16.0
ca,CA,979986572,2,2,24,16.0
ca,CA,979986572,2,2,25,16.0
ca,CA,979986572,2,2,26,16.0
ca,CA,979986572,2,2,27,16.0
ca,CA,979986572,2,2,28,15.0
ca,CA,979986572,2,2,29,15.0
ca,CA,979986572,2,2,30,15.0
ca,CA,979986572,2,2,31,15.0
ca,CA,979986572,2,2,32,11.0
ca,CA,979986572,2,2,33,11.0
ca,CA,979986572,2,2,34,11.0
ca,CA,979986572,2,2,35,11.0
ca,CA,979986572,2,2,36,11.0
ca,CA,979986572,2,2,37,11.0
ca,CA,979986572,2,2,38,11.0
ca,CA,979986572,2,2,39,11.0
ca,CA,979986572,2,2,40,11.0
ca,CA,979986572,2,2,41,11.0
ca,CA,979986572,2,2,42,11.0
ca,CA,979986572,2,2,43,11.0
ca,CA,979986572,2,2,44,11.0
ca,CA,979986572,2,2,45,11.0
ca,CA,979986572,2,2,46,11.0
ca,CA,979986572,2,2,47,11.0
ca,CA,979986572,2,2,48,11.0
ca,CA,979986572,2,2,49,11.0
ca,CA,979986572,2,2,50,11.0
ca,CA,979986572,2,2,51,11.0
ca,CA,979986572,2,2,52,11.0
ca,CA,979986572,2,2,53,11.0
ca,CA,979986572,2,2,54,11.0
ca,CA,979986572,2,2,55,11.0
ca,CA,979986572,2,2,56,11.0
ca,CA,979986572,2,2,57,11.0
ca,CA,979986572,2,2,58,11.0
ca,CA,979986572,2,2,59,11.0
ca,CA,979986572,2,2,60,11.0
ca,CA,979986572,2,2,61,11.0
ca,CA,979986572,2,2,62,11.0
ca,CA,979986572,2,2,63,11.0
ca,CA,979986572,2,2,64,11.0
ca,CA,979986572,2,2,65,11.0
ca,CA,979986572,2,2,66,11.0
ca,CA,979986572,2,2,67,11.0
ca,CA,979986572,2,2,68,11.0
ca,CA,979986572,2,2,69,11.0
ca,CA,979986572,2,2,70,11.0
ca,CA,979986572,2,2,71,11.0
ca,CA,979986572,2,2,72,11.0
ca,CA,979986572,2,2,73,11.0
ca,CA,979986572,2,2,74,11.0
ca,CA,979986572,2,2,75,11.0
ca,CA,979986572,2,2,76,11.0
ca,CA,979986572,2,2,77,11.0
ca,CA,979986572,2,2,78,11.0
ca,CA,979986572,2,2,79,11.0
ca,CA,979986572,2,2,80,11.0
ca,CA,979986572,2,2,81,11.0
ca,CA,979986572,2,2,82,11.0
ca,CA,979986572,2,2,83,11.0
ca,CA,979986572,2,2,84,11.0
ca,CA,979986572,2,2,85,11.0
ca,CA,979986572,2,2,86,11.0
ca,CA,979986572,2,2,87,11.0
ca,CA,979986572,2,2,88,11.0
ca,CA,979986572,2,2,89,11.0
ca,CA,979986572,2,2,90,11.0
ca,CA,979986572,2,2,91,11.0
ca,CA,979986572,2,2,92,11.0
ca,CA,979986572,2,2,93,11.0
ca,CA,979986572,2,2,94,11.0
ca,CA,979986572,2,2,95,11.0
ca,CA,979986572,2,2,96,11.0
ca,CA,979986572,2,2,97,11.0
ca,CA,979986572,2,2,98,11.0
ca,CA,979986572,2,2,99,11.0
ca,CA,979986572,2,2,100,10.0
ca,CA,979986572,2,2,101,10.0
ca,CA,979986572,2,2,102,10.0
ca,CA,979986572,2,2,103,10.0
ca,CA,979986572,2,2,104,10.0
ca,CA,979986572,2,2,105,10.0
ca,CA,979986572,2,2,106,10.0
ca,CA,979986572,2,2,107,10.0
ca,CA,979986572,2,2,108,10.0
ca,CA,979986572,2,2,109,10.0
ca,CA,979986572,2,2,110,10.0
ca,CA,979986572,2,2,111,10.0
ca,CA,979986572,2,2,112,10.0
ca,CA,979986572,2,2,113,10.0
ca,CA,979986572,2,2,114,10.0
ca,CA,979986572,2,2,115,10.0
ca,CA,979986572,2,2,116,10.0
ca,CA,979986572,2,2,117,10.0
ca,CA,979986572,2,2,118,10.0
ca,CA,979986572,2,2,119,10.0
ca,CA,979986572,2,2,120,10.0
ca,CA,979986572,2,2,121,10.0
ca,CA,979986572,2,2,122,10.0
ca,CA,979986572,2,2,123,10.0
ca,CA,979986572,2,2,124,10.0
ca,CA,979986572,2,2,125,10.0
ca,CA,979986572,2,2,126,10.0
ca,CA,979986572,2,2,127,10.0
ca,CA,979986572,2,2,128,10.0
ca,CA,979986572,2,2,129,10.0
ca,CA,979986572,2,2,130,10.0
ca,CA,979986572,2,2,131,10.0
ca,CA,979986572,2,2,132,10.0
ca,CA,979986572,2,2,133,10.0
ca,CA,979986572,2,2,134,10.0
ca,CA,979986572,2,2,135,10.0
ca,CA,979986572,2,2,136,10.0
ca,CA,979986572,2,2,137,10.0
ca,CA,979986572,2,2,138,10.0
ca,CA,979986572,2,2,139,10.0
ca,CA,979986572,2,2,140,9.0
ca,CA,979986572,2,2,141,9.0
ca,CA,979986572,2,2,142,9.0
ca,CA,979986572,2,2,143,9.0
ca,CA,979986572,2,2,144,9.0
ca,CA,979986572,2,2,145,9.0
ca,CA,979986572,2,2,146,9.0
ca,CA,979986572,2,2,147,9.0
ca,CA,979986572,2,2,148,9.0
ca,CA,979986572,2,2,149,9.0
ca,CA,979986572,2,2,150,9.0
ca,CA,979986572,2,2,151,9.0
ca,CA,979986572,2,2,152,9.0
ca,CA,979986572,2,2,153,9.0
ca,CA,979986572,2,2,154,9.0
ca,CA,979986572,2,2,155,9.0
ca,CA,979986572,2,2,156,9.0
ca,CA,979986572,2,2,157,9.0
ca,CA,979986572,2,2,158,9.0
ca,CA,979986572,2,2,159,9.0
ca,CA,979986572,2,2,160,9.0
ca,CA,979986572,2,2,161,9.0
ca,CA,979986572,2,2,162,9.0
ca,CA,979986572,2,2,163,9.0
ca,CA,979986572,2,2,164,9.0
ca,CA,979986572,2,2,165,9.0
ca,CA,979986572,2,2,166,9.0
ca,CA,979986572,2,2,167,9.0
ca,CA,979986572,2,2,168,9.0
ca,CA,979986572,2,2,169,9.0
ca,CA,979986572,2,2,170,9.0
ca,CA,979986572,2,2,171,9.0
ca,CA,979986572,2,2,172,8.0
ca,CA,979986572,2,2,173,8.0
ca,CA,979986572,2,2,174,8.0
ca,CA,979986572,2,2,175,8.0
ca,CA,979986572,2,2,176,8.0
ca,CA,979986572,2,2,177,8.0
ca,CA,979986572,2,2,178,8.0
ca,CA,979986572,2,2,179,8.0
ca,CA,979986572,2,2,180,8.0
ca,CA,979986572,2,2,181,8.0
ca,CA,979986572,2,2,182,8.0
ca,CA,979986572,2,2,183,8.0
ca,CA,979986572,2,2,184,8.0
ca,CA,979986572,2,2,185,8.0
ca,CA,979986572,2,2,186,8.0
ca,CA,979986572,2,2,187,8.0
ca,CA,979986572,2,2,188,8.0
ca,CA,979986572,2,2,189,8.0
ca,CA,979986572,2,2,190,8.0
ca,CA,979986572,2,2,191,8.0
ca,CA,979986572,2,2,192,8.0
ca,CA,979986572,2,2,193,8.0
ca,CA,979986572,2,2,194,8.0
ca,CA,979986572,2,2,195,8.0
ca,CA,979986572,2,2,196,8.0
ca,CA,979986572,2,2,197,8.0
ca,CA,979986572,2,2,198,8.0
ca,CA,979986572,2,2,199,8.0
ca,CA,979986572,2,2,200,8.0
ca,CA,979986572,2,2,201,8.0
ca,CA,979986572,2,2,202,8.0
ca,CA,979986572,2,2,203,8.0
ca,CA,979986572,2,2,204,8.0
ca,CA,979986572,2,2,205,8.0
ca,CA,979986572,2,2,206,8.0
ca,CA,979986572,2,2,207,8.0
ca,CA,979986572,2,2,208,8.0
ca,CA,979986572,2,2,209,8.0
ca,CA,979986572,2,2,210,8.0
ca,CA,979986572,2,2,211,8.0
ca,CA,979986572,2,2,212,8.0
ca,CA,979986572,2,2,213,8.0
ca,CA,979986572,2,2,214,8.0
ca,CA,979986572,2,2,215,8.0
ca,CA,979986572,2,2,216,8.0
ca,CA,979986572,2,2,217,8.0
ca,CA,979986572,2,2,218,8.0
ca,CA,979986572,2,2,219,8.0
ca,CA,979986572,2,2,220,8.0
ca,CA,979986572,2,2,221,8.0
ca,CA,979986572,2,2,222,8.0
ca,CA,979986572,2,2,223,8.0
ca,CA,979986572,2,2,224,8.0
ca,CA,979986572,2,2,225,8.0
ca,CA,979986572,2,2,226,8.0
ca,CA,979986572,2,2,227,8.0
ca,CA,979986572,2,2,228,8.0
ca,CA,979986572,2,2,229,8.0
ca,CA,979986572,2,2,230,8.0
ca,CA,979986572,2,2,231,8.0
ca,CA,979986572,2,2,232,8.0
ca,CA,979986572,2,2,233,8.0
ca,CA,979986572,2,2,234,8.0
ca,CA,979986572,2,2,235,8.0
ca,CA,979986572,2,2,236,8.0
ca,CA,979986572,2,2,237,8.0
ca,CA,979986572,2,2,238,8.0
ca,CA,979986572,2,2,239,8.0
ca,CA,979986572,2,2,240,8.0
ca,CA,979986572,2,2,241,8.0
ca,CA,979986572,2,2,242,8.0
ca,CA,979986572,2,2,243,8.0
ca,CA,979986572,2,2,244,8.0
ca,CA,979986572,2,2,245,8.0
ca,CA,979986572,2,2,246,8.0
ca,CA,979986572,2,2,247,8.0
ca,CA,979986572,2,2,248,8.0
ca,CA,979986572,2,2,249,8.0
ca,CA,979986572,2,2,250,8.0
ca,CA,979986572,2,2,251,8.0
ca,CA,979986572,2,2,252,8.0
ca,CA,979986572,2,2,253,8.0
ca,CA,979986572,2,2,254,8.0
ca,CA,979986572,2,2,255,8.0
ca,CA,979986572,2,2,256,8.0
ca,CA,979986572,2,2,257,8.0
ca,CA,979986572,2,2,258,8.0
ca,CA,979986572,2,2,259,8.0
ca,CA,979986572,2,2,260,8.0
ca,CA,979986572,2,2,261,8.0
ca,CA,979986572,2,2,262,8.0
ca,CA,979986572,2,2,263,8.0
ca,CA,979986572,2,2,264,8.0
ca,CA,979986572,2,2,265,8.0
ca,CA,979986572,2,2,266,8.0
ca,CA,979986572,2,2,267,8.0
ca,CA,979986572,2,2,268,8.0
ca,CA,979986572,2,2,269,8.0
ca,CA,979986572,2,2,270,8.0
ca,CA,979986572,2,2,271,8.0
ca,CA,979986572,2,2,272,7.0
ca,CA,979986572,2,2,273,7.0
ca,CA,979986572,2,2,274,7.0
ca,CA,979986572,2,2,275,7.0
ca,CA,979986572,2,2,276,7.0
ca,CA,979986572,2,2,277,7.0
ca,CA,979986572,2,2,278,7.0
ca,CA,979986572,2,2,279,7.0
ca,CA,979986572,2,2,280,7.0
ca,CA,979986572,2,2,281,7.0
ca,CA,979986572,2,2,282,7.0
ca,CA,979986572,2,2,283,7.0
ca,CA,979986572,2,2,284,7.0
ca,CA,979986572,2,2,285,7.0
ca,CA,979986572,2,2,286,7.0
ca,CA,979986572,2,2,287,7.0
ca,CA,979986572,2,2,288,6.0
ca,CA,979986572,2,2,289,6.0
ca,CA,979986572,2,2,290,6.0
ca,CA,979986572,2,2,291,6.0
ca,CA,979986572,2,2,292,6.0
ca,CA,979986572,2,2,293,6.0
ca,CA,979986572,2,2,294,6.0
ca,CA,979986572,2,2,295,6.0
ca,CA,979986572,2,2,296,6.0
ca,CA,979986572,2,2,297,6.0
ca,CA,979986572,2,2,298,6.0
ca,CA,979986572,2,2,299,6.0
ca,CA,979986572,2,2,300,6.0
ca,CA,979986572,2,2,301,6.0
ca,CA,979986572,2,2,302,6.0
ca,CA,979986572,2,2,303,6.0
ca,CA,979986572,2,2,304,6.0
ca,CA,979986572,2,2,305,6.0
ca,CA,979986572,2,2,306,6.0
ca,CA,979986572,2,2,307,6.0
ca,CA,979986572,2,2,308,6.0
ca,CA,979986572,2,2,309,6.0
ca,CA,979986572,2,2,310,6.0
ca,CA,979986572,2,2,311,6.0
ca,CA,979986572,2,2,312,5.0
ca,CA,979986572,2,2,313,5.0
ca,CA,979986572,2,2,314,5.0
ca,CA,979986572,2,2,315,5.0
ca,CA,979986572,2,2,316,5.0
ca,CA,979986572,2,2,317,5.0
ca,CA,979986572,2,2,318,5.0
ca,CA,979986572,2,2,319,5.0
ca,CA,979986572,2,2,320,4.0
ca,CA,979986572,2,2,321,4.0
ca,CA,979986572,2,2,322,4.0
ca,CA,979986572,2,2,323,4.0
ca,CA,979986572,2,2,324,4.0
ca,CA,979986572,2,2,325,4.0
ca,CA,979986572,2,2,326,4.0
ca,CA,979986572,2,2,327,4.0
ca,CA,979986572,2,2,328,3.0
ca,CA,979986572,2,2,329,3.0
ca,CA,979986572,2,2,330,3.0
ca,CA,979986572,2,2,331,3.0
ca,CA,979986572,2,2,332,3.0
ca,CA,979986572,2,2,333,3.0
ca,CA,979986572,2,2,334,3.0
ca,CA,979986572,2,2,335,3.0
ca,CA,979986572,2,2,336,2.0
ca,CA,979986572,2,2,337,2.0
ca,CA,979986572,2,2,338,2.0
ca,CA,979986572,2,2,339,2.0
ca,CA,979986572,2,2,340,2.0
ca,CA,979986572,2,2,341,2.0
ca,CA,979986572,2,2,342,2.0
ca,CA,979986572,2,2,343,2.0
ca,CA,979986572,2,2,344,2.0
ca,CA,979986572,2,2,345,2.0
ca,CA,979986572,2,2,346,2.0
ca,CA,979986572,2,2,347,2.0
ca,CA,979986572,2,2,348,1.0
ca,CA,979986572,2,2,349,1.0
ca,CA,979986572,2,2,350,1.0
ca,CA,979986572,2,2,351,1.0
ca,CA,979986572,2,2,352,1.0
ca,CA,979986572,2,2,353,1.0
ca,CA,979986572,2,2,354,1.0
ca,CA,979986572,2,2,355,1.0
ca,CA,979986572,3,0,0,16.0
ca,CA,979986572,3,0,1,16.0
ca,CA,979986572,3,0,2,16.0
ca,CA,979986572,3,0,3,16.0
ca,CA,979986572,3,0,4,16.0
ca,CA,979986572,3,0,5,16.0
ca,CA,979986572,3,0,6,16.0
ca,CA,979986572,3,0,7,16.0
ca,CA,979986572,3,0,8,16.0
ca,CA,979986572,3,0,9,16.0
ca,CA,979986572,3,0,10,16.0
ca,CA,979986572,3,0,11,16.0
ca,CA,979986572,3,0,12,16.0
ca,CA,979986572,3,0,13,16.0
ca,CA,979986572,3,0,14,16.0
ca,CA,979986572,3,0,15,16.0
ca,CA,979986572,3,0,16,16.0
ca,CA,979986572,3,0,17,16.0
ca,CA,979986572,3,0,18,16.0
ca,CA,979986572,3,0,19,16.0
ca,CA,979986572,3,0,20,16.0
ca,CA,979986572,3,0,21,16.0
ca,CA,979986572,3,0,22,16.0
ca,CA,979986572,3,0,23,16.0
ca,CA,979986572,3,0,24,16.0
ca,CA,979986572,3,0,25,16.0
ca,CA,979986572,3,0,26,16.0
ca,CA,979986572,3,0,27,16.0
ca,CA,979986572,3,0,28,15.0
ca,CA,979986572,3,0,29,15.0
ca,CA,979986572,3,0,30,15.0
ca,CA,979986572,3,0,31,15.0
ca,CA,979986572,3,0,32,11.0
ca,CA,979986572,3,0,33,11.0
ca,CA,979986572,3,0,34,11.0
ca,CA,979986572,3,0,35,11.0
ca,CA,979986572,3,0,36,11.0
ca,CA,979986572,3,0,37,11.0
ca,CA,979986572,3,0,38,11.0
ca,CA,979986572,3,0,39,11.0
ca,CA,979986572,3,0,40,11.0
ca,CA,979986572,3,0,41,11.0
ca,CA,979986572,3,0,42,11.0
ca,CA,979986572,3,0,43,11.0
ca,CA,979986572,3,0,44,11.0
ca,CA,979986572,3,0,45,11.0
ca,CA,979986572,3,0,46,11.0
ca,CA,979986572,3,0,47,11.0
ca,CA,979986572,3,0,48,11.0
ca,CA,979986572,3,0,49,11.0
ca,CA,979986572,3,0,50,11.0
ca,CA,979986572,3,0,51,11.0
ca,CA,979986572,3,0,52,11.0
ca,CA,979986572,3,0,53,11.0
ca,CA,979986572,3,0,54,11.0
ca,CA,979986572,3,0,55,11.0
ca,CA,979986572,3,0,56,11.0
ca,CA,979986572,3,0,57,11.0
ca,CA,979986572,3,0,58,11.0
ca,CA,979986572,3,0,59,11.0
ca,CA,979986572,3,0,60,11.0
ca,CA,979986572,3,0,61,11.0
ca,CA,979986572,3,0,62,11.0
ca,CA,979986572,3,0,63,11.0
ca,CA,979986572,3,0,64,11.0
ca,CA,979986572,3,0,65,11.0
ca,CA,979986572,3,0,66,11.0
ca,CA,979986572,3,0,67,11.0
ca,CA,979986572,3,0,68,11.0
ca,CA,979986572,3,0,69,11.0
ca,CA,979986572,3,0,70,11.0
ca,CA,979986572,3,0,71,11.0
ca,CA,979986572,3,0,72,11.0
ca,CA,979986572,3,0,73,11.0
ca,CA,979986572,3,0,74,11.0
ca,CA,979986572,3,0,75,11.0
ca,CA,979986572,3,0,76,11.0
ca,CA,979986572,3,0,77,11.0
ca,CA,979986572,3,0,78,11.0
ca,CA,979986572,3,0,79,11.0
ca,CA,979986572,3,0,80,11.0
ca,CA,979986572,3,0,81,11.0
ca,CA,979986572,3,0,82,11.0
ca,CA,979986572,3,0,83,11.0
ca,CA,979986572,3,0,84,11.0
ca,CA,979986572,3,0,85,11.0
ca,CA,979986572,3,0,86,11.0
ca,CA,979986572,3,0,87,11.0
ca,CA,979986572,3,0,88,11.0
ca,CA,979986572,3,0,89,11.0
ca,CA,979986572,3,0,90,11.0
ca,CA,979986572,3,0,91,11.0
ca,CA,979986572,3,0,92,11.0
ca,CA,979986572,3,0,93,11.0
ca,CA,979986572,3,0,94,11.0
ca,CA,979986572,3,0,95,11.0
ca,CA,979986572,3,0,96,11.0
ca,CA,979986572,3,0,97,11.0
ca,CA,979986572,3,0,98,11.0
ca,CA,979986572,3,0,99,11.0
ca,CA,979986572,3,0,100,10.0
ca,CA,979986572,3,0,101,10.0
ca,CA,979986572,3,0,102,10.0
ca,CA,979986572,3,0,103,10.0
ca,CA,979986572,3,0,104,10.0
ca,CA,979986572,3,0,105,10.0
ca,CA,979986572,3,0,106,10.0
ca,CA,979986572,3,0,107,10.0
ca,CA,979986572,3,0,108,10.0
ca,CA,979986572,3,0,109,10.0
ca,CA,979986572,3,0,110,10.0
ca,CA,979986572,3,0,111,10.0
ca,CA,979986572,3,0,112,10.0
ca,CA,979986572,3,0,113,10.0
ca,CA,979986572,3,0,114,10.0
ca,CA,979986572,3,0,115,10.0
ca,CA,979986572,3,0,116,10.0
ca,CA,979986572,3,0,117,10.0
ca,CA,979986572,3,0,118,10.0
ca,CA,979986572,3,0,119,10.0
ca,CA,979986572,3,0,120,10.0
ca,CA,979986572,3,0,121,10.0
ca,CA,979986572,3,0,122,10.0
ca,CA,979986572,3,0,123,10.0
ca,CA,979986572,3,0,124,10.0
ca,CA,979986572,3,0,125,10.0
ca,CA,979986572,3,0,126,10.0
ca,CA,979986572,3,0,127,10.0
ca,CA,979986572,3,0,128,10.0
ca,CA,979986572,3,0,129,10.0
ca,CA,979986572,3,0,130,10.0
ca,CA,979986572,3,0,131,10.0
ca,CA,979986572,3,0,132,10.0
ca,CA,979986572,3,0,133,10.0
ca,CA,979986572,3,0,134,10.0
ca,CA,979986572,3,0,135,10.0
ca,CA,979986572,3,0,136,10.0
ca,CA,979986572,3,0,137,10.0
ca,CA,979986572,3,0,138,10.0
ca,CA,979986572,3,0,139,10.0
ca,CA,979986572,3,0,140,9.0
ca,CA,979986572,3,0,141,9.0
ca,CA,979986572,3,0,142,9.0
ca,CA,979986572,3,0,143,9.0
ca,CA,979986572,3,0,144,9.0
ca,CA,979986572,3,0,145,9.0
ca,CA,979986572,3,0,146,9.0
ca,CA,979986572,3,0,147,9.0
ca,CA,979986572,3,0,148,9.0
ca,CA,979986572,3,0,149,9.0
ca,CA,979986572,3,0,150,9.0
ca,CA,979986572,3,0,151,9.0
ca,CA,979986572,3,0,152,9.0
ca,CA,979986572,3,0,153,9.0
ca,CA,979986572,3,0,154,9.0
ca,CA,979986572,3,0,155,9.0
ca,CA,979986572,3,0,156,9.0
ca,CA,979986572,3,0,157,9.0
ca,CA,979986572,3,0,158,9.0
ca,CA,979986572,3,0,159,9.0
ca,CA,979986572,3,0,160,9.0
ca,CA,979986572,3,0,161,9.0
ca,CA,979986572,3,0,162,9.0
ca,CA,979986572,3,0,163,9.0
ca,CA,979986572,3,0,164,9.0
ca,CA,979986572,3,0,165,9.0
ca,CA,979986572,3,0,166,9.0
ca,CA,979986572,3,0,167,9.0
ca,CA,979986572,3,0,168,9.0
ca,CA,979986572,3,0,169,9.0
ca,CA,979986572,3,0,170,9.0
ca,CA,979986572,3,0,171,9.0
ca,CA,979986572,3,0,172,8.0
ca,CA,979986572,3,0,173,8.0
ca,CA,979986572,3,0,174,8.0
ca,CA,979986572,3,0,175,8.0
ca,CA,979986572,3,0,176,8.0
ca,CA,979986572,3,0,177,8.0
ca,CA,979986572,3,0,178,8.0
ca,CA,979986572,3,0,179,8.0
ca,CA,979986572,3,0,180,8.0
ca,CA,979986572,3,0,181,8.0
ca,CA,979986572,3,0,182,8.0
ca,CA,979986572,3,0,183,8.0
ca,CA,979986572,3,0,184,8.0
ca,CA,979986572,3,0,185,8.0
ca,CA,979986572,3,0,186,8.0
ca,CA,979986572,3,0,187,8.0
ca,CA,979986572,3,0,188,8.0
ca,CA,979986572,3,0,189,8.0
ca,CA,979986572,3,0,190,8.0
ca,CA,979986572,3,0,191,8.0
ca,CA,979986572,3,0,192,8.0
ca,CA,979986572,3,0,193,8.0
ca,CA,979986572,3,0,194,8.0
ca,CA,979986572,3,0,195,8.0
ca,CA,979986572,3,0,196,8.0
ca,CA,979986572,3,0,197,8.0
ca,CA,979986572,3,0,198,8.0
ca,CA,979986572,3,0,199,8.0
ca,CA,979986572,3,0,200,8.0
ca,CA,979986572,3,0,201,8.0
ca,CA,979986572,3,0,202,8.0
ca,CA,979986572,3,0,203,8.0
ca,CA,979986572,3,0,204,8.0
ca,CA,979986572,3,0,205,8.0
ca,CA,979986572,3,0,206,8.0
ca,CA,979986572,3,0,207,8.0
ca,CA,979986572,3,0,208,8.0
ca,CA,979986572,3,0,209,8.0
ca,CA,979986572,3,0,210,8.0
ca,CA,979986572,3,0,211,8.0
ca,CA,979986572,3,0,212,8.0
ca,CA,979986572,3,0,213,8.0
ca,CA,979986572,3,0,214,8.0
ca,CA,979986572,3,0,215,8.0
ca,CA,979986572,3,0,216,8.0
ca,CA,979986572,3,0,217,8.0
ca,CA,979986572,3,0,218,8.0
ca,CA,979986572,3,0,219,8.0
ca,CA,979986572,3,0,220,8.0
ca,CA,979986572,3,0,221,8.0
ca,CA,979986572,3,0,222,8.0
ca,CA,979986572,3,0,223,8.0
ca,CA,979986572,3,0,224,8.0
ca,CA,979986572,3,0,225,8.0
ca,CA,979986572,3,0,226,8.0
ca,CA,979986572,3,0,227,8.0
ca,CA,979986572,3,0,228,8.0
ca,CA,979986572,3,0,229,8.0
ca,CA,979986572,3,0,230,8.0
ca,CA,979986572,3,0,231,8.0
ca,CA,979986572,3,0,232,8.0
ca,CA,979986572,3,0,233,8.0
ca,CA,979986572,3,0,234,8.0
ca,CA,979986572,3,0,235,8.0
ca,CA,979986572,3,0,236,8.0
ca,CA,979986572,3,0,237,8.0
ca,CA,979986572,3,0,238,8.0
ca,CA,979986572,3,0,239,8.0
ca,CA,979986572,3,0,240,8.0
ca,CA,979986572,3,0,241,8.0
ca,CA,979986572,3,0,242,8.0
ca,CA,979986572,3,0,243,8.0
ca,CA,979986572,3,0,244,8.0
ca,CA,979986572,3,0,245,8.0
ca,CA,979986572,3,0,246,8.0
ca,CA,979986572,3,0,247,8.0
ca,CA,979986572,3,0,248,8.0
ca,CA,979986572,3,0,249,8.0
ca,CA,979986572,3,0,250,8.0
ca,CA,979986572,3,0,251,8.0
ca,CA,979986572,3,0,252,8.0
ca,CA,979986572,3,0,253,8.0
ca,CA,979986572,3,0,254,8.0
ca,CA,979986572,3,0,255,8.0
ca,CA,979986572,3,0,256,8.0
ca,CA,979986572,3,0,257,8.0
ca,CA,979986572,3,0,258,8.0
ca,CA,979986572,3,0,259,8.0
ca,CA,979986572,3,0,260,8.0
ca,CA,979986572,3,0,261,8.0
ca,CA,979986572,3,0,262,8.0
ca,CA,979986572,3,0,263,8.0
ca,CA,979986572,3,0,264,8.0
ca,CA,979986572,3,0,265,8.0
ca,CA,979986572,3,0,266,8.0
ca,CA,979986572,3,0,267,8.0
ca,CA,979986572,3,0,268,8.0
ca,CA,979986572,3,0,269,8.0
ca,CA,979986572,3,0,270,8.0
ca,CA,979986572,3,0,271,8.0
ca,CA,979986572,3,0,272,7.0
ca,CA,979986572,3,0,273,7.0
ca,CA,979986572,3,0,274,7.0
ca,CA,979986572,3,0,275,7.0
ca,CA,979986572,3,0,276,7.0
ca,CA,979986572,3,0,277,7.0
ca,CA,979986572,3,0,278,7.0
ca,CA,979986572,3,0,279,7.0
ca,CA,979986572,3,0,280,7.0
ca,CA,979986572,3,0,281,7.0
ca,CA,979986572,3,0,282,7.0
ca,CA,979986572,3,0,283,7.0
ca,CA,979986572,3,0,284,7.0
ca,CA,979986572,3,0,285,7.0
ca,CA,979986572,3,0,286,7.0
ca,CA,979986572,3,0,287,7.0
ca,CA,979986572,3,0,288,6.0
ca,CA,979986572,3,0,289,6.0
ca,CA,979986572,3,0,290,6.0
ca,CA,979986572,3,0,291,6.0
ca,CA,979986572,3,0,292,6.0
ca,CA,979986572,3,0,293,6.0
ca,CA,979986572,3,0,294,6.0
ca,CA,979986572,3,0,295,6.0
ca,CA,979986572,3,0,296,6.0
ca,CA,979986572,3,0,297,6.0
ca,CA,979986572,3,0,298,6.0
ca,CA,979986572,3,0,299,6.0
ca,CA,979986572,3,0,300,6.0
ca,CA,979986572,3,0,301,6.0
ca,CA,979986572,3,0,302,6.0
ca,CA,979986572,3,0,303,6.0
ca,CA,979986572,3,0,304,6.0
ca,CA,979986572,3,0,305,6.0
ca,CA,979986572,3,0,306,6.0
ca,CA,979986572,3,0,307,6.0
ca,CA,979986572,3,0,308,6.0
ca,CA,979986572,3,0,309,6.0
ca,CA,979986572,3,0,310,6.0
ca,CA,979986572,3,0,311,6.0
ca,CA,979986572,3,0,312,5.0
ca,CA,979986572,3,0,313,5.0
ca,CA,979986572,3,0,314,5.0
ca,CA,979986572,3,0,315,5.0
ca,CA,979986572,3,0,316,5.0
ca,CA,979986572,3,0,317,5.0
ca,CA,979986572,3,0,318,5.0
ca,CA,979986572,3,0,319,5.0
ca,CA,979986572,3,0,320,4.0
ca,CA,979986572,3,0,321,4.0
ca,CA,979986572,3,0,322,4.0
ca,CA,979986572,3,0,323,4.0
ca,CA,979986572,3,0,324,4.0
ca,CA,979986572,3,0,325,4.0
ca,CA,979986572,3,0,326,4.0
ca,CA,979986572,3,0,327,4.0
ca,CA,979986572,3,0,328,3.0
ca,CA,979986572,3,0,329,3.0
ca,CA,979986572,3,0,330,3.0
ca,CA,979986572,3,0,331,3.0
ca,CA,979986572,3,0,332,3.0
ca,CA,979986572,3,0,333,3.0
ca,CA,979986572,3,0,334,3.0
ca,CA,979986572,3,0,335,3.0
ca,CA,979986572,3,0,336,2.0
ca,CA,979986572,3,0,337,2.0
ca,CA,979986572,3,0,338,2.0
ca,CA,979986572,3,0,339,2.0
ca,CA,979986572,3,0,340,2.0
ca,CA,979986572,3,0,341,2.0
ca,CA,979986572,3,0,342,2.0
ca,CA,979986572,3,0,343,2.0
ca,CA,979986572,3,0,344,2.0
ca,CA,979986572,3,0,345,2.0
ca,CA,979986572,3,0,346,2.0
ca,CA,979986572,3,0,347,2.0
ca,CA,979986572,3,0,348,1.0
ca,CA,979986572,3,0,349,1.0
ca,CA,979986572,3,0,350,1.0
ca,CA,979986572,3,0,351,1.0
ca,CA,979986572,3,0,352,1.0
ca,CA,979986572,3,0,353,1.0
ca,CA,979986572,3,0,354,1.0
ca,CA,979986572,3,0,355,1.0
ca,CA,979986572,3,1,0,16.0
ca,CA,979986572,3,1,1,16.0
ca,CA,979986572,3,1,2,16.0
ca,CA,979986572,3,1,3,16.0
ca,CA,979986572,3,1,4,16.0
ca,CA,979986572,3,1,5,16.0
ca,CA,979986572,3,1,6,16.0
ca,CA,979986572,3,1,7,16.0
ca,CA,979986572,3,1,8,16.0
ca,CA,979986572,3,1,9,16.0
ca,CA,979986572,3,1,10,16.0
ca,CA,979986572,3,1,11,16.0
ca,CA,979986572,3,1,12,16.0
ca,CA,979986572,3,1,13,16.0
ca,CA,979986572,3,1,14,16.0
ca,CA,979986572,3,1,15,16.0
ca,CA,979986572,3,1,16,16.0
ca,CA,979986572,3,1,17,16.0
ca,CA,979986572,3,1,18,16.0
ca,CA,979986572,3,1,19,16.0
ca,CA,979986572,3,1,20,16.0
ca,CA,979986572,3,1,21,16.0
ca,CA,979986572,3,1,22,16.0
ca,CA,979986572,3,1,23,16.0
ca,CA,979986572,3,1,24,16.0
ca,CA,979986572,3,1,25,16.0
ca,CA,979986572,3,1,26,16.0
ca,CA,979986572,3,1,27,16.0
ca,CA,979986572,3,1,28,15.0
ca,CA,979986572,3,1,29,15.0
ca,CA,979986572,3,1,30,15.0
ca,CA,979986572,3,1,31,15.0
ca,CA,979986572,3,1,32,11.0
ca,CA,979986572,3,1,33,11.0
ca,CA,979986572,3,1,34,11.0
ca,CA,979986572,3,1,35,11.0
ca,CA,979986572,3,1,36,11.0
ca,CA,979986572,3,1,37,11.0
ca,CA,979986572,3,1,38,11.0
ca,CA,979986572,3,1,39,11.0
ca,CA,979986572,3,1,40,11.0
ca,CA,979986572,3,1,41,11.0
ca,CA,979986572,3,1,42,11.0
ca,CA,979986572,3,1,43,11.0
ca,CA,979986572,3,1,44,11.0
ca,CA,979986572,3,1,45,11.0
ca,CA,979986572,3,1,46,11.0
ca,CA,979986572,3,1,47,11.0
ca,CA,979986572,3,1,48,11.0
ca,CA,979986572,3,1,49,11.0
ca,CA,979986572,3,1,50,11.0
ca,CA,979986572,3,1,51,11.0
ca,CA,979986572,3,1,52,11.0
ca,CA,979986572,3,1,53,11.0
ca,CA,979986572,3,1,54,11.0
ca,CA,979986572,3,1,55,11.0
ca,CA,979986572,3,1,56,11.0
ca,CA,979986572,3,1,57,11.0
ca,CA,979986572,3,1,58,11.0
ca,CA,979986572,3,1,59,11.0
ca,CA,979986572,3,1,60,11.0
ca,CA,979986572,3,1,61,11.0
ca,CA,979986572,3,1,62,11.0
ca,CA,979986572,3,1,63,11.0
ca,CA,979986572,3,1,64,11.0
ca,CA,979986572,3,1,65,11.0
ca,CA,979986572,3,1,66,11.0
ca,CA,979986572,3,1,67,11.0
ca,CA,979986572,3,1,68,11.0
ca,CA,979986572,3,1,69,11.0
ca,CA,979986572,3,1,70,11.0
ca,CA,979986572,3,1,71,11.0
ca,CA,979986572,3,1,72,11.0
ca,CA,979986572,3,1,73,11.0
ca,CA,979986572,3,1,74,11.0
ca,CA,979986572,3,1,75,11.0
ca,CA,979986572,3,1,76,11.0
ca,CA,979986572,3,1,77,11.0
ca,CA,979986572,3,1,78,11.0
ca,CA,979986572,3,1,79,11.0
ca,CA,979986572,3,1,80,11.0
ca,CA,979986572,3,1,81,11.0
ca,CA,979986572,3,1,82,11.0
ca,CA,979986572,3,1,83,11.0
ca,CA,979986572,3,1,84,11.0
ca,CA,979986572,3,1,85,11.0
ca,CA,979986572,3,1,86,11.0
ca,CA,979986572,3,1,87,11.0
ca,CA,979986572,3,1,88,11.0
ca,CA,979986572,3,1,89,11.0
ca,CA,979986572,3,1,90,11.0
ca,CA,979986572,3,1,91,11.0
ca,CA,979986572,3,1,92,11.0
ca,CA,979986572,3,1,93,11.0
ca,CA,979986572,3,1,94,11.0
ca,CA,979986572,3,1,95,11.0
ca,CA,979986572,3,1,96,11.0
ca,CA,979986572,3,1,97,11.0
ca,CA,979986572,3,1,98,11.0
ca,CA,979986572,3,1,99,11.0
ca,CA,979986572,3,1,100,10.0
ca,CA,979986572,3,1,101,10.0
ca,CA,979986572,3,1,102,10.0
ca,CA,979986572,3,1,103,10.0
ca,CA,979986572,3,1,104,10.0
ca,CA,979986572,3,1,105,10.0
ca,CA,979986572,3,1,106,10.0
ca,CA,979986572,3,1,107,10.0
ca,CA,979986572,3,1,108,10.0
ca,CA,979986572,3,1,109,10.0
ca,CA,979986572,3,1,110,10.0
ca,CA,979986572,3,1,111,10.0
ca,CA,979986572,3,1,112,10.0
ca,CA,979986572,3,1,113,10.0
ca,CA,979986572,3,1,114,10.0
ca,CA,979986572,3,1,115,10.0
ca,CA,979986572,3,1,116,10.0
ca,CA,979986572,3,1,117,10.0
ca,CA,979986572,3,1,118,10.0
ca,CA,979986572,3,1,119,10.0
ca,CA,979986572,3,1,120,10.0
ca,CA,979986572,3,1,121,10.0
ca,CA,979986572,3,1,122,10.0
ca,CA,979986572,3,1,123,10.0
ca,CA,979986572,3,1,124,10.0
ca,CA,979986572,3,1,125,10.0
ca,CA,979986572,3,1,126,10.0
ca,CA,979986572,3,1,127,10.0
ca,CA,979986572,3,1,128,10.0
ca,CA,979986572,3,1,129,10.0
ca,CA,979986572,3,1,130,10.0
ca,CA,979986572,3,1,131,10.0
ca,CA,979986572,3,1,132,10.0
ca,CA,979986572,3,1,133,10.0
ca,CA,979986572,3,1,134,10.0
ca,CA,979986572,3,1,135,10.0
ca,CA,979986572,3,1,136,10.0
ca,CA,979986572,3,1,137,10.0
ca,CA,979986572,3,1,138,10.0
ca,CA,979986572,3,1,139,10.0
ca,CA,979986572,3,1,140,9.0
ca,CA,979986572,3,1,141,9.0
ca,CA,979986572,3,1,142,9.0
ca,CA,979986572,3,1,143,9.0
ca,CA,979986572,3,1,144,9.0
ca,CA,979986572,3,1,145,9.0
ca,CA,979986572,3,1,146,9.0
ca,CA,979986572,3,1,147,9.0
ca,CA,979986572,3,1,148,9.0
ca,CA,979986572,3,1,149,9.0
ca,CA,979986572,3,1,150,9.0
ca,CA,979986572,3,1,151,9.0
ca,CA,979986572,3,1,152,9.0
ca,CA,979986572,3,1,153,9.0
ca,CA,979986572,3,1,154,9.0
ca,CA,979986572,3,1,155,9.0
ca,CA,979986572,3,1,156,9.0
ca,CA,979986572,3,1,157,9.0
ca,CA,979986572,3,1,158,9.0
ca,CA,979986572,3,1,159,9.0
ca,CA,979986572,3,1,160,9.0
ca,CA,979986572,3,1,161,9.0
ca,CA,979986572,3,1,162,9.0
ca,CA,979986572,3,1,163,9.0
ca,CA,979986572,3,1,164,9.0
ca,CA,979986572,3,1,165,9.0
ca,CA,979986572,3,1,166,9.0
ca,CA,979986572,3,1,167,9.0
ca,CA,979986572,3,1,168,9.0
ca,CA,979986572,3,1,169,9.0
ca,CA,979986572,3,1,170,9.0
ca,CA,979986572,3,1,171,9.0
ca,CA,979986572,3,1,172,8.0
ca,CA,979986572,3,1,173,8.0
ca,CA,979986572,3,1,174,8.0
ca,CA,979986572,3,1,175,8.0
ca,CA,979986572,3,1,176,8.0
ca,CA,979986572,3,1,177,8.0
ca,CA,979986572,3,1,178,8.0
ca,CA,979986572,3,1,179,8.0
ca,CA,979986572,3,1,180,8.0
ca,CA,979986572,3,1,181,8.0
ca,CA,979986572,3,1,182,8.0
ca,CA,979986572,3,1,183,8.0
ca,CA,979986572,3,1,184,8.0
ca,CA,979986572,3,1,185,8.0
ca,CA,979986572,3,1,186,8.0
ca,CA,979986572,3,1,187,8.0
ca,CA,979986572,3,1,188,8.0
ca,CA,979986572,3,1,189,8.0
ca,CA,979986572,3,1,190,8.0
ca,CA,979986572,3,1,191,8.0
ca,CA,979986572,3,1,192,8.0
ca,CA,979986572,3,1,193,8.0
ca,CA,979986572,3,1,194,8.0
ca,CA,979986572,3,1,195,8.0
ca,CA,979986572,3,1,196,8.0
ca,CA,979986572,3,1,197,8.0
ca,CA,979986572,3,1,198,8.0
ca,CA,979986572,3,1,199,8.0
ca,CA,979986572,3,1,200,8.0
ca,CA,979986572,3,1,201,8.0
ca,CA,979986572,3,1,202,8.0
ca,CA,979986572,3,1,203,8.0
ca,CA,979986572,3,1,204,8.0
ca,CA,979986572,3,1,205,8.0
ca,CA,979986572,3,1,206,8.0
ca,CA,979986572,3,1,207,8.0
ca,CA,979986572,3,1,208,8.0
ca,CA,979986572,3,1,209,8.0
ca,CA,979986572,3,1,210,8.0
ca,CA,979986572,3,1,211,8.0
ca,CA,979986572,3,1,212,8.0
ca,CA,979986572,3,1,213,8.0
ca,CA,979986572,3,1,214,8.0
ca,CA,979986572,3,1,215,8.0
ca,CA,979986572,3,1,216,8.0
ca,CA,979986572,3,1,217,8.0
ca,CA,979986572,3,1,218,8.0
ca,CA,979986572,3,1,219,8.0
ca,CA,979986572,3,1,220,8.0
ca,CA,979986572,3,1,221,8.0
ca,CA,979986572,3,1,222,8.0
ca,CA,979986572,3,1,223,8.0
ca,CA,979986572,3,1,224,8.0
ca,CA,979986572,3,1,225,8.0
ca,CA,979986572,3,1,226,8.0
ca,CA,979986572,3,1,227,8.0
ca,CA,979986572,3,1,228,8.0
ca,CA,979986572,3,1,229,8.0
ca,CA,979986572,3,1,230,8.0
ca,CA,979986572,3,1,231,8.0
ca,CA,979986572,3,1,232,8.0
ca,CA,979986572,3,1,233,8.0
ca,CA,979986572,3,1,234,8.0
ca,CA,979986572,3,1,235,8.0
ca,CA,979986572,3,1,236,8.0
ca,CA,979986572,3,1,237,8.0
ca,CA,979986572,3,1,238,8.0
ca,CA,979986572,3,1,239,8.0
ca,CA,979986572,3,1,240,8.0
ca,CA,979986572,3,1,241,8.0
ca,CA,979986572,3,1,242,8.0
ca,CA,979986572,3,1,243,8.0
ca,CA,979986572,3,1,244,8.0
ca,CA,979986572,3,1,245,8.0
ca,CA,979986572,3,1,246,8.0
ca,CA,979986572,3,1,247,8.0
ca,CA,979986572,3,1,248,8.0
ca,CA,979986572,3,1,249,8.0
ca,CA,979986572,3,1,250,8.0
ca,CA,979986572,3,1,251,8.0
ca,CA,979986572,3,1,252,8.0
ca,CA,979986572,3,1,253,8.0
ca,CA,979986572,3,1,254,8.0
ca,CA,979986572,3,1,255,8.0
ca,CA,979986572,3,1,256,8.0
ca,CA,979986572,3,1,257,8.0
ca,CA,979986572,3,1,258,8.0
ca,CA,979986572,3,1,259,8.0
ca,CA,979986572,3,1,260,8.0
ca,CA,979986572,3,1,261,8.0
ca,CA,979986572,3,1,262,8.0
ca,CA,979986572,3,1,263,8.0
ca,CA,979986572,3,1,264,8.0
ca,CA,979986572,3,1,265,8.0
ca,CA,979986572,3,1,266,8.0
ca,CA,979986572,3,1,267,8.0
ca,CA,979986572,3,1,268,8.0
ca,CA,979986572,3,1,269,8.0
ca,CA,979986572,3,1,270,8.0
ca,CA,979986572,3,1,271,8.0
ca,CA,979986572,3,1,272,7.0
ca,CA,979986572,3,1,273,7.0
ca,CA,979986572,3,1,274,7.0
ca,CA,979986572,3,1,275,7.0
ca,CA,979986572,3,1,276,7.0
ca,CA,979986572,3,1,277,7.0
ca,CA,979986572,3,1,278,7.0
ca,CA,979986572,3,1,279,7.0
ca,CA,979986572,3,1,280,7.0
ca,CA,979986572,3,1,281,7.0
ca,CA,979986572,3,1,282,7.0
ca,CA,979986572,3,1,283,7.0
ca,CA,979986572,3,1,284,7.0
ca,CA,979986572,3,1,285,7.0
ca,CA,979986572,3,1,286,7.0
ca,CA,979986572,3,1,287,7.0
ca,CA,979986572,3,1,288,6.0
ca,CA,979986572,3,1,289,6.0
ca,CA,979986572,3,1,290,6.0
ca,CA,979986572,3,1,291,6.0
ca,CA,979986572,3,1,292,6.0
ca,CA,979986572,3,1,293,6.0
ca,CA,979986572,3,1,294,6.0
ca,CA,979986572,3,1,295,6.0
ca,CA,979986572,3,1,296,6.0
ca,CA,979986572,3,1,297,6.0
ca,CA,979986572,3,1,298,6.0
ca,CA,979986572,3,1,299,6.0
ca,CA,979986572,3,1,300,6.0
ca,CA,979986572,3,1,301,6.0
ca,CA,979986572,3,1,302,6.0
ca,CA,979986572,3,1,303,6.0
ca,CA,979986572,3,1,304,6.0
ca,CA,979986572,3,1,305,6.0
ca,CA,979986572,3,1,306,6.0
ca,CA,979986572,3,1,307,6.0
ca,CA,979986572,3,1,308,6.0
ca,CA,979986572,3,1,309,6.0
ca,CA,979986572,3,1,310,6.0
ca,CA,979986572,3,1,311,6.0
ca,CA,979986572,3,1,312,5.0
ca,CA,979986572,3,1,313,5.0
ca,CA,979986572,3,1,314,5.0
ca,CA,979986572,3,1,315,5.0
ca,CA,979986572,3,1,316,5.0
ca,CA,979986572,3,1,317,5.0
ca,CA,979986572,3,1,318,5.0
ca,CA,979986572,3,1,319,5.0
ca,CA,979986572,3,1,320,4.0
ca,CA,979986572,3,1,321,4.0
ca,CA,979986572,3,1,322,4.0
ca,CA,979986572,3,1,323,4.0
ca,CA,979986572,3,1,324,4.0
ca,CA,979986572,3,1,325,4.0
ca,CA,979986572,3,1,326,4.0
ca,CA,979986572,3,1,327,4.0
ca,CA,979986572,3,1,328,3.0
ca,CA,979986572,3,1,329,3.0
ca,CA,979986572,3,1,330,3.0
ca,CA,979986572,3,1,331,3.0
ca,CA,979986572,3,1,332,3.0
ca,CA,979986572,3,1,333,3.0
ca,CA,979986572,3,1,334,3.0
ca,CA,979986572,3,1,335,3.0
ca,CA,979986572,3,1,336,2.0
ca,CA,979986572,3,1,337,2.0
ca,CA,979986572,3,1,338,2.0
ca,CA,979986572,3,1,339,2.0
ca,CA,979986572,3,1,340,2.0
ca,CA,979986572,3,1,341,2.0
ca,CA,979986572,3,1,342,2.0
ca,CA,979986572,3,1,343,2.0
ca,CA,979986572,3,1,344,2.0
ca,CA,979986572,3,1,345,2.0
ca,CA,979986572,3,1,346,2.0
ca,CA,979986572,3,1,347,2.0
ca,CA,979986572,3,1,348,1.0
ca,CA,979986572,3,1,349,1.0
ca,CA,979986572,3,1,350,1.0
ca,CA,979986572,3,1,351,1.0
ca,CA,979986572,3,1,352,1.0
ca,CA,979986572,3,1,353,1.0
ca,CA,979986572,3,1,354,1.0
ca,CA,979986572,3,1,355,1.0
ca,CA,979986572,3,2,0,16.0
ca,CA,979986572,3,2,1,16.0
ca,CA,979986572,3,2,2,16.0
ca,CA,979986572,3,2,3,16.0
ca,CA,979986572,3,2,4,16.0
ca,CA,979986572,3,2,5,16.0
ca,CA,979986572,3,2,6,16.0
ca,CA,979986572,3,2,7,16.0
ca,CA,979986572,3,2,8,16.0
ca,CA,979986572,3,2,9,16.0
ca,CA,979986572,3,2,10,16.0
ca,CA,979986572,3,2,11,16.0
ca,CA,979986572,3,2,12,16.0
ca,CA,979986572,3,2,13,16.0
ca,CA,979986572,3,2,14,16.0
ca,CA,979986572,3,2,15,16.0
ca,CA,979986572,3,2,16,16.0
ca,CA,979986572,3,2,17,16.0
ca,CA,979986572,3,2,18,16.0
ca,CA,979986572,3,2,19,16.0
ca,CA,979986572,3,2,20,16.0
ca,CA,979986572,3,2,21,16.0
ca,CA,979986572,3,2,22,16.0
ca,CA,979986572,3,2,23,16.0
ca,CA,979986572,3,2,24,16.0
ca,CA,979986572,3,2,25,16.0
ca,CA,979986572,3,2,26,16.0
ca,CA,979986572,3,2,27,16.0
ca,CA,979986572,3,2,28,15.0
ca,CA,979986572,3,2,29,15.0
ca,CA,979986572,3,2,30,15.0
ca,CA,979986572,3,2,31,15.0
ca,CA,979986572,3,2,32,11.0
ca,CA,979986572,3,2,33,11.0
ca,CA,979986572,3,2,34,11.0
ca,CA,979986572,3,2,35,11.0
ca,CA,979986572,3,2,36,11.0
ca,CA,979986572,3,2,37,11.0
ca,CA,979986572,3,2,38,11.0
ca,CA,979986572,3,2,39,11.0
ca,CA,979986572,3,2,40,11.0
ca,CA,979986572,3,2,41,11.0
ca,CA,979986572,3,2,42,11.0
ca,CA,979986572,3,2,43,11.0
ca,CA,979986572,3,2,44,11.0
ca,CA,979986572,3,2,45,11.0
ca,CA,979986572,3,2,46,11.0
ca,CA,979986572,3,2,47,11.0
ca,CA,979986572,3,2,48,11.0
ca,CA,979986572,3,2,49,11.0
ca,CA,979986572,3,2,50,11.0
ca,CA,979986572,3,2,51,11.0
ca,CA,979986572,3,2,52,11.0
ca,CA,979986572,3,2,53,11.0
ca,CA,979986572,3,2,54,11.0
ca,CA,979986572,3,2,55,11.0
ca,CA,979986572,3,2,56,11.0
ca,CA,979986572,3,2,57,11.0
ca,CA,979986572,3,2,58,11.0
ca,CA,979986572,3,2,59,11.0
ca,CA,979986572,3,2,60,11.0
ca,CA,979986572,3,2,61,11.0
ca,CA,979986572,3,2,62,11.0
ca,CA,979986572,3,2,63,11.0
ca,CA,979986572,3,2,64,11.0
ca,CA,979986572,3,2,65,11.0
ca,CA,979986572,3,2,66,11.0
ca,CA,979986572,3,2,67,11.0
ca,CA,979986572,3,2,68,11.0
ca,CA,979986572,3,2,69,11.0
ca,CA,979986572,3,2,70,11.0
ca,CA,979986572,3,2,71,11.0
ca,CA,979986572,3,2,72,11.0
ca,CA,979986572,3,2,73,11.0
ca,CA,979986572,3,2,74,11.0
ca,CA,979986572,3,2,75,11.0
ca,CA,979986572,3,2,76,11.0
ca,CA,979986572,3,2,77,11.0
ca,CA,979986572,3,2,78,11.0
ca,CA,979986572,3,2,79,11.0
ca,CA,979986572,3,2,80,11.0
ca,CA,979986572,3,2,81,11.0
ca,CA,979986572,3,2,82,11.0
ca,CA,979986572,3,2,83,11.0
ca,CA,979986572,3,2,84,11.0
ca,CA,979986572,3,2,85,11.0
ca,CA,979986572,3,2,86,11.0
ca,CA,979986572,3,2,87,11.0
ca,CA,979986572,3,2,88,11.0
ca,CA,979986572,3,2,89,11.0
ca,CA,979986572,3,2,90,11.0
ca,CA,979986572,3,2,91,11.0
ca,CA,979986572,3,2,92,11.0
ca,CA,979986572,3,2,93,11.0
ca,CA,979986572,3,2,94,11.0
ca,CA,979986572,3,2,95,11.0
ca,CA,979986572,3,2,96,11.0
ca,CA,979986572,3,2,97,11.0
ca,CA,979986572,3,2,98,11.0
ca,CA,979986572,3,2,99,11.0
ca,CA,979986572,3,2,100,10.0
ca,CA,979986572,3,2,101,10.0
ca,CA,979986572,3,2,102,10.0
ca,CA,979986572,3,2,103,10.0
ca,CA,979986572,3,2,104,10.0
ca,CA,979986572,3,2,105,10.0
ca,CA,979986572,3,2,106,10.0
ca,CA,979986572,3,2,107,10.0
ca,CA,979986572,3,2,108,10.0
ca,CA,979986572,3,2,109,10.0
ca,CA,979986572,3,2,110,10.0
ca,CA,979986572,3,2,111,10.0
ca,CA,979986572,3,2,112,10.0
ca,CA,979986572,3,2,113,10.0
ca,CA,979986572,3,2,114,10.0
ca,CA,979986572,3,2,115,10.0
ca,CA,979986572,3,2,116,10.0
ca,CA,979986572,3,2,117,10.0
ca,CA,979986572,3,2,118,10.0
ca,CA,979986572,3,2,119,10.0
ca,CA,979986572,3,2,120,10.0
ca,CA,979986572,3,2,121,10.0
ca,CA,979986572,3,2,122,10.0
ca,CA,979986572,3,2,123,10.0
ca,CA,979986572,3,2,124,10.0
ca,CA,979986572,3,2,125,10.0
ca,CA,979986572,3,2,126,10.0
ca,CA,979986572,3,2,127,10.0
ca,CA,979986572,3,2,128,10.0
ca,CA,979986572,3,2,129,10.0
ca,CA,979986572,3,2,130,10.0
ca,CA,979986572,3,2,131,10.0
ca,CA,979986572,3,2,132,10.0
ca,CA,979986572,3,2,133,10.0
ca,CA,979986572,3,2,134,10.0
ca,CA,979986572,3,2,135,10.0
ca,CA,979986572,3,2,136,10.0
ca,CA,979986572,3,2,137,10.0
ca,CA,979986572,3,2,138,10.0
ca,CA,979986572,3,2,139,10.0
ca,CA,979986572,3,2,140,9.0
ca,CA,979986572,3,2,141,9.0
ca,CA,979986572,3,2,142,9.0
ca,CA,979986572,3,2,143,9.0
ca,CA,979986572,3,2,144,9.0
ca,CA,979986572,3,2,145,9.0
ca,CA,979986572,3,2,146,9.0
ca,CA,979986572,3,2,147,9.0
ca,CA,979986572,3,2,148,9.0
ca,CA,979986572,3,2,149,9.0
ca,CA,979986572,3,2,150,9.0
ca,CA,979986572,3,2,151,9.0
ca,CA,979986572,3,2,152,9.0
ca,CA,979986572,3,2,153,9.0
ca,CA,979986572,3,2,154,9.0
ca,CA,979986572,3,2,155,9.0
ca,CA,979986572,3,2,156,9.0
ca,CA,979986572,3,2,157,9.0
ca,CA,979986572,3,2,158,9.0
ca,CA,979986572,3,2,159,9.0
ca,CA,979986572,3,2,160,9.0
ca,CA,979986572,3,2,161,9.0
ca,CA,979986572,3,2,162,9.0
ca,CA,979986572,3,2,163,9.0
ca,CA,979986572,3,2,164,9.0
ca,CA,979986572,3,2,165,9.0
ca,CA,979986572,3,2,166,9.0
ca,CA,979986572,3,2,167,9.0
ca,CA,979986572,3,2,168,9.0
ca,CA,979986572,3,2,169,9.0
ca,CA,979986572,3,2,170,9.0
ca,CA,979986572,3,2,171,9.0
ca,CA,979986572,3,2,172,8.0
ca,CA,979986572,3,2,173,8.0
ca,CA,979986572,3,2,174,8.0
ca,CA,979986572,3,2,175,8.0
ca,CA,979986572,3,2,176,8.0
ca,CA,979986572,3,2,177,8.0
ca,CA,979986572,3,2,178,8.0
ca,CA,979986572,3,2,179,8.0
ca,CA,979986572,3,2,180,8.0
ca,CA,979986572,3,2,181,8.0
ca,CA,979986572,3,2,182,8.0
ca,CA,979986572,3,2,183,8.0
ca,CA,979986572,3,2,184,8.0
ca,CA,979986572,3,2,185,8.0
ca,CA,979986572,3,2,186,8.0
ca,CA,979986572,3,2,187,8.0
ca,CA,979986572,3,2,188,8.0
ca,CA,979986572,3,2,189,8.0
ca,CA,979986572,3,2,190,8.0
ca,CA,979986572,3,2,191,8.0
ca,CA,979986572,3,2,192,8.0
ca,CA,979986572,3,2,193,8.0
ca,CA,979986572,3,2,194,8.0
ca,CA,979986572,3,2,195,8.0
ca,CA,979986572,3,2,196,8.0
ca,CA,979986572,3,2,197,8.0
ca,CA,979986572,3,2,198,8.0
ca,CA,979986572,3,2,199,8.0
ca,CA,979986572,3,2,200,8.0
ca,CA,979986572,3,2,201,8.0
ca,CA,979986572,3,2,202,8.0
ca,CA,979986572,3,2,203,8.0
ca,CA,979986572,3,2,204,8.0
ca,CA,979986572,3,2,205,8.0
ca,CA,979986572,3,2,206,8.0
ca,CA,979986572,3,2,207,8.0
ca,CA,979986572,3,2,208,8.0
ca,CA,979986572,3,2,209,8.0
ca,CA,979986572,3,2,210,8.0
ca,CA,979986572,3,2,211,8.0
ca,CA,979986572,3,2,212,8.0
ca,CA,979986572,3,2,213,8.0
ca,CA,979986572,3,2,214,8.0
ca,CA,979986572,3,2,215,8.0
ca,CA,979986572,3,2,216,8.0
ca,CA,979986572,3,2,217,8.0
ca,CA,979986572,3,2,218,8.0
ca,CA,979986572,3,2,219,8.0
ca,CA,979986572,3,2,220,8.0
ca,CA,979986572,3,2,221,8.0
ca,CA,979986572,3,2,222,8.0
ca,CA,979986572,3,2,223,8.0
ca,CA,979986572,3,2,224,8.0
ca,CA,979986572,3,2,225,8.0
ca,CA,979986572,3,2,226,8.0
ca,CA,979986572,3,2,227,8.0
ca,CA,979986572,3,2,228,8.0
ca,CA,979986572,3,2,229,8.0
ca,CA,979986572,3,2,230,8.0
ca,CA,979986572,3,2,231,8.0
ca,CA,979986572,3,2,232,8.0
ca,CA,979986572,3,2,233,8.0
ca,CA,979986572,3,2,234,8.0
ca,CA,979986572,3,2,235,8.0
ca,CA,979986572,3,2,236,8.0
ca,CA,979986572,3,2,237,8.0
ca,CA,979986572,3,2,238,8.0
ca,CA,979986572,3,2,239,8.0
ca,CA,979986572,3,2,240,8.0
ca,CA,979986572,3,2,241,8.0
ca,CA,979986572,3,2,242,8.0
ca,CA,979986572,3,2,243,8.0
ca,CA,979986572,3,2,244,8.0
ca,CA,979986572,3,2,245,8.0
ca,CA,979986572,3,2,246,8.0
ca,CA,979986572,3,2,247,8.0
ca,CA,979986572,3,2,248,8.0
ca,CA,979986572,3,2,249,8.0
ca,CA,979986572,3,2,250,8.0
ca,CA,979986572,3,2,251,8.0
ca,CA,979986572,3,2,252,8.0
ca,CA,979986572,3,2,253,8.0
ca,CA,979986572,3,2,254,8.0
ca,CA,979986572,3,2,255,8.0
ca,CA,979986572,3,2,256,8.0
ca,CA,979986572,3,2,257,8.0
ca,CA,979986572,3,2,258,8.0
ca,CA,979986572,3,2,259,8.0
ca,CA,979986572,3,2,260,8.0
ca,CA,979986572,3,2,261,8.0
ca,CA,979986572,3,2,262,8.0
ca,CA,979986572,3,2,263,8.0
ca,CA,979986572,3,2,264,8.0
ca,CA,979986572,3,2,265,8.0
ca,CA,979986572,3,2,266,8.0
ca,CA,979986572,3,2,267,8.0
ca,CA,979986572,3,2,268,8.0
ca,CA,979986572,3,2,269,8.0
ca,CA,979986572,3,2,270,8.0
ca,CA,979986572,3,2,271,8.0
ca,CA,979986572,3,2,272,7.0
ca,CA,979986572,3,2,273,7.0
ca,CA,979986572,3,2,274,7.0
ca,CA,979986572,3,2,275,7.0
ca,CA,979986572,3,2,276,7.0
ca,CA,979986572,3,2,277,7.0
ca,CA,979986572,3,2,278,7.0
ca,CA,979986572,3,2,279,7.0
ca,CA,979986572,3,2,280,7.0
ca,CA,979986572,3,2,281,7.0
ca,CA,979986572,3,2,282,7.0
ca,CA,979986572,3,2,283,7.0
ca,CA,979986572,3,2,284,7.0
ca,CA,979986572,3,2,285,7.0
ca,CA,979986572,3,2,286,7.0
ca,CA,979986572,3,2,287,7.0
ca,CA,979986572,3,2,288,6.0
ca,CA,979986572,3,2,289,6.0
ca,CA,979986572,3,2,290,6.0
ca,CA,979986572,3,2,291,6.0
ca,CA,979986572,3,2,292,6.0
ca,CA,979986572,3,2,293,6.0
ca,CA,979986572,3,2,294,6.0
ca,CA,979986572,3,2,295,6.0
ca,CA,979986572,3,2,296,6.0
ca,CA,979986572,3,2,297,6.0
ca,CA,979986572,3,2,298,6.0
ca,CA,979986572,3,2,299,6.0
ca,CA,979986572,3,2,300,6.0
ca,CA,979986572,3,2,301,6.0
ca,CA,979986572,3,2,302,6.0
ca,CA,979986572,3,2,303,6.0
ca,CA,979986572,3,2,304,6.0
ca,CA,979986572,3,2,305,6.0
ca,CA,979986572,3,2,306,6.0
ca,CA,979986572,3,2,307,6.0
ca,CA,979986572,3,2,308,6.0
ca,CA,979986572,3,2,309,6.0
ca,CA,979986572,3,2,310,6.0
ca,CA,979986572,3,2,311,6.0
ca,CA,979986572,3,2,312,5.0
ca,CA,979986572,3,2,313,5.0
ca,CA,979986572,3,2,314,5.0
ca,CA,979986572,3,2,315,5.0
ca,CA,979986572,3,2,316,5.0
ca,CA,979986572,3,2,317,5.0
ca,CA,979986572,3,2,318,5.0
ca,CA,979986572,3,2,319,5.0
ca,CA,979986572,3,2,320,4.0
ca,CA,979986572,3,2,321,4.0
ca,CA,979986572,3,2,322,4.0
ca,CA,979986572,3,2,323,4.0
ca,CA,979986572,3,2,324,4.0
ca,CA,979986572,3,2,325,4.0
ca,CA,979986572,3,2,326,4.0
ca,CA,979986572,3,2,327,4.0
ca,CA,979986572,3,2,328,3.0
ca,CA,979986572,3,2,329,3.0
ca,CA,979986572,3,2,330,3.0
ca,CA,979986572,3,2,331,3.0
ca,CA,979986572,3,2,332,3.0
ca,CA,979986572,3,2,333,3.0
ca,CA,979986572,3,2,334,3.0
ca,CA,979986572,3,2,335,3.0
ca,CA,979986572,3,2,336,2.0
ca,CA,979986572,3,2,337,2.0
ca,CA,979986572,3,2,338,2.0
ca,CA,979986572,3,2,339,2.0
ca,CA,979986572,3,2,340,2.0
ca,CA,979986572,3,2,341,2.0
ca,CA,979986572,3,2,342,2.0
ca,CA,979986572,3,2,343,2.0
ca,CA,979986572,3,2,344,2.0
ca,CA,979986572,3,2,345,2.0
ca,CA,979986572,3,2,346,2.0
ca,CA,979986572,3,2,347,2.0
ca,CA,979986572,3,2,348,1.0
ca,CA,979986572,3,2,349,1.0
ca,CA,979986572,3,2,350,1.0
ca,CA,979986572,3,2,351,1.0
ca,CA,979986572,3,2,352,1.0
ca,CA,979986572,3,2,353,1.0
ca,CA,979986572,3,2,354,1.0
ca,CA,979986572,3,2,355,1.0
